ciudad,codigo,UE,A111A,H001A,J000A,A121A,Q000A,Q000B,A700A,A131A
01001,31-33,3399,110191.617,54681.0,6299.288,91932.939,55640.568,3718.783,93464.304,18258.678
01001,311,941,12738.078,7521.0,448.069,10346.542,3214.555,207.727,10474.543,2391.536
01001,3114,16,940.592,945.0,76.403,683.241,241.573,16.747,718.716,257.351
01001,3115,167,5738.795,1784.0,82.134,4596.63,1761.915,103.573,4646.787,1142.165
01001,31151,56,5651.02,1396.0,74.63,4553.159,1721.999,100.154,4602.004,1097.861
01001,3116,11,2398.91,1218.0,162.637,2111.288,482.306,35.765,2139.706,287.622
01001,31161,11,2398.91,1218.0,162.637,2111.288,482.306,35.765,2139.706,287.622
01001,311612,3,,,,,,,,
01001,311613,5,,,,,,,,
01001,3118,663,665.158,2794.0,86.336,429.499,262.26,21.476,435.069,235.659
01001,31181,302,,,,,,,,
01001,311812,302,,,,,,,,
01001,31183,348,258.503,1018.0,21.933,165.664,115.041,10.392,167.532,92.839
01001,3119,48,94.769,246.0,8.036,67.834,19.958,2.29,69.446,26.935
01001,31192,2,,,,,,,,
01001,312,132,2133.87,2370.0,256.201,1608.805,1214.732,64.67,1723.929,525.065
01001,3121,132,2133.87,2370.0,256.201,1608.805,1214.732,64.67,1723.929,525.065
01001,31211,130,,,,,,,,
01001,325,27,51.437,131.0,5.354,43.556,47.624,3.762,43.932,7.881
01001,3254,5,,,,,,,,
01001,327,85,464.27,557.0,32.613,353.766,205.121,15.086,360.252,110.504
01001,3273,20,268.131,232.0,19.149,204.638,40.875,4.349,210.612,63.493
01001,3274,15,,,,,,,,
01001,331,3,,,,,,,,
01001,3312,1,,,,,,,,
01001,33122,1,,,,,,,,
01001,43,1442,5544.714,13092.0,897.37,2483.103,2518.947,241.346,18232.685,3061.611
01001,431,321,2121.007,5251.0,301.708,1315.576,901.318,85.656,8172.499,805.431
01001,4311,294,1867.012,4584.0,233.465,836.99,662.639,49.355,7205.249,1030.022
01001,43111,44,152.841,506.0,30.081,68.243,50.999,5.373,2078.178,84.598
01001,43112,24,277.535,828.0,14.282,132.396,146.48,10.602,1433.81,145.139
01001,431121,17,224.635,725.0,12.604,104.127,110.268,6.916,1106.691,120.508
01001,431122,6,,,,,,,,
01001,43113,145,,,,,,,,
01001,43114,7,84.616,33.0,0.651,24.455,16.505,0.398,550.954,60.161
01001,43116,18,358.846,769.0,54.887,171.342,246.988,14.626,929.345,187.504
01001,43117,4,28.153,296.0,25.523,19.057,12.293,0.525,153.709,9.096
01001,4312,27,253.995,667.0,68.243,478.586,238.679,36.301,967.25,-224.591
01001,43121,23,228.071,587.0,58.293,471.026,194.029,31.782,916.533,-242.955
01001,431211,12,,,,,,,,
01001,433,98,,,,,,,,
01001,4331,32,217.92,318.0,13.353,192.184,77.394,5.856,994.504,25.736
01001,46,14405,8466.542,46390.0,1174.063,3304.429,4804.933,390.724,30852.028,5162.113
01001,461,6113,1387.986,13267.0,158.975,375.671,626.311,54.985,3433.325,1012.315
01001,4611,5728,1239.523,12345.0,129.233,320.633,588.15,50.651,3108.951,918.89
01001,46111,3497,541.137,6854.0,22.432,121.231,275.855,22.333,1226.571,419.906
01001,46112,543,231.735,1616.0,47.923,51.435,98.211,9.96,522.571,180.3
01001,461121,424,193.098,1315.0,40.056,42.908,78.484,8.659,435.118,150.19
01001,461122,92,,,,,,,,
01001,46113,645,202.134,1490.0,12.483,50.194,81.782,6.516,380.424,151.94
01001,46115,105,56.489,343.0,9.559,32.4,31.549,2.303,309.328,24.089
01001,4612,385,148.463,922.0,29.742,55.038,38.161,4.333,324.374,93.425
01001,46121,379,147.974,913.0,29.566,54.665,38.108,4.328,323.257,93.309
01001,461213,44,40.94,110.0,0.832,14.103,3.787,0.393,52.606,26.837
01001,462,319,,,,,,,,
01001,4621,303,,,,,,,,
01001,46211,303,,,,,,,,
01001,464,594,512.817,2617.0,95.283,219.038,221.489,12.662,1585.188,293.779
01001,4641,594,512.817,2617.0,95.283,219.038,221.489,12.662,1585.188,293.779
01001,46411,452,473.285,2235.0,83.547,198.929,167.633,7.1,1489.993,274.356
01001,467,961,671.174,3338.0,125.751,210.569,452.018,36.15,2033.366,460.605
01001,4671,961,671.174,3338.0,125.751,210.569,452.018,36.15,2033.366,460.605
01001,48-49,150,2652.839,4867.0,460.609,1683.637,1714.136,225.972,1738.463,969.202
01001,485,34,662.185,1946.0,120.228,389.561,745.613,102.677,399.598,272.624
01001,4852,7,,,,,,,,
02002,31-33,2066,64212.874,73763.0,10018.325,42950.679,19775.394,1467.867,45093.383,21262.195
02002,311,629,11367.908,7411.0,611.267,7841.319,4013.787,270.883,8119.582,3526.589
02002,3114,3,110.709,410.0,22.864,83.258,197.198,18.945,93.676,27.451
02002,3115,39,617.044,727.0,64.22,414.109,357.589,22.298,470.99,202.935
02002,31151,10,595.861,633.0,61.592,402.369,346.256,21.337,459.104,193.492
02002,3116,8,,,,,,,,
02002,31161,8,,,,,,,,
02002,311613,5,,,,,,,,
02002,3118,545,3539.448,3072.0,232.577,1743.319,639.327,30.318,1775.653,1796.129
02002,31181,288,2324.419,2034.0,184.344,987.875,304.748,15.554,989.582,1336.544
02002,311811,2,,,,,,,,
02002,311812,286,,,,,,,,
02002,31183,254,,,,,,,,
02002,3119,20,1352.874,1093.0,170.083,1038.362,873.698,36.649,1040.0,314.512
02002,31192,1,,,,,,,,
02002,312,228,1199.549,1422.0,64.781,724.727,648.628,58.809,750.119,474.822
02002,3121,227,,,,,,,,
02002,31211,225,,,,,,,,
02002,325,19,961.304,4123.0,443.855,397.039,311.889,35.321,401.604,564.265
02002,3254,2,,,,,,,,
02002,327,97,3779.783,2998.0,238.463,3137.168,3570.758,281.684,3559.62,642.615
02002,3273,29,705.817,554.0,52.6,518.425,280.459,23.585,534.131,187.392
02002,3274,19,,,,,,,,
02002,331,7,,,,,,,,
02002,3312,4,,,,,,,,
02002,33122,2,,,,,,,,
02002,43,1007,5466.053,12199.0,973.838,2142.184,3361.704,297.014,18873.876,3323.869
02002,431,149,2352.704,4694.0,320.337,999.222,927.876,85.623,7675.771,1353.482
02002,4311,132,2052.754,3956.0,300.369,864.755,605.698,48.676,6958.063,1187.999
02002,43111,25,289.72,613.0,67.228,152.288,68.009,6.768,1686.269,137.432
02002,43112,12,,,,,,,,
02002,431121,8,,,,,,,,
02002,431122,2,,,,,,,,
02002,43113,42,312.123,1295.0,61.219,129.142,128.798,15.134,1286.851,182.981
02002,43114,5,174.21,90.0,3.456,71.196,92.582,1.912,707.433,103.014
02002,43116,5,144.497,246.0,1.4,48.432,32.489,1.389,336.046,96.065
02002,43117,4,,,,,,,,
02002,4312,17,299.95,738.0,19.968,134.467,322.178,36.946,717.708,165.483
02002,43121,16,,,,,,,,
02002,431211,9,88.642,221.0,19.618,44.157,38.226,2.443,220.306,44.485
02002,433,66,173.576,512.0,31.42,93.636,49.792,6.35,731.147,79.94
02002,4331,24,21.674,149.0,7.377,45.875,5.649,1.118,78.755,-24.201
02002,46,10083,8483.294,39465.0,1105.822,3318.338,5864.232,472.955,29526.202,5164.956
02002,461,4402,1547.674,11465.0,215.756,531.75,969.336,87.006,5292.311,1015.924
02002,4611,3771,1339.319,9801.0,176.179,429.428,828.987,73.356,4763.688,909.891
02002,46111,2548,568.669,5729.0,72.524,157.294,372.007,31.655,1357.929,411.375
02002,46112,120,426.376,1209.0,20.662,151.441,302.87,26.981,1855.574,274.935
02002,461121,76,407.423,1077.0,16.533,145.101,291.227,25.807,1812.268,262.322
02002,46113,140,186.302,989.0,50.523,68.834,73.695,8.255,1275.494,117.468
02002,46115,6,5.846,22.0,2.004,1.942,0.868,0.081,7.36,3.904
02002,4612,631,208.355,1664.0,39.577,102.322,140.349,13.65,528.623,106.033
02002,46121,630,,,,,,,,
02002,461213,345,52.651,787.0,13.555,13.674,31.614,3.177,63.801,38.977
02002,462,574,2778.003,8327.0,178.894,1398.239,2259.719,172.902,10977.366,1379.764
02002,4621,552,2378.319,6756.0,126.334,1285.975,1982.747,159.288,10298.476,1092.344
02002,46211,552,2378.319,6756.0,126.334,1285.975,1982.747,159.288,10298.476,1092.344
02002,464,539,624.695,2582.0,126.578,203.399,294.028,15.61,1419.386,421.296
02002,4641,539,624.695,2582.0,126.578,203.399,294.028,15.61,1419.386,421.296
02002,46411,451,591.434,2343.0,119.531,190.522,282.565,13.991,1366.368,400.912
02002,467,466,,,,,,,,
02002,4671,466,,,,,,,,
02002,48-49,189,2284.343,5063.0,523.946,1371.48,1517.125,181.576,1456.524,912.863
02002,485,16,220.732,755.0,46.804,144.978,252.569,37.428,154.348,75.754
02002,4852,5,,,,,,,,
02004,31-33,3351,90802.068,202114.0,22048.261,53258.93,21634.081,1493.584,55033.464,37543.138
02004,311,906,4652.649,7245.0,617.758,3124.951,951.073,70.959,3255.59,1527.698
02004,3114,6,7.734,36.0,2.378,3.395,4.37,0.449,3.971,4.339
02004,3115,113,452.127,1217.0,98.518,469.72,207.359,12.99,530.372,-17.593
02004,31151,37,393.515,990.0,90.444,443.069,184.762,11.055,503.218,-49.554
02004,3116,10,660.067,696.0,89.081,591.452,108.507,5.942,599.633,68.615
02004,31161,10,660.067,696.0,89.081,591.452,108.507,5.942,599.633,68.615
02004,311612,1,,,,,,,,
02004,311613,5,,,,,,,,
02004,3118,744,2773.967,4315.0,284.274,1458.952,393.891,30.197,1477.983,1315.015
02004,31181,425,1922.662,2250.0,162.883,886.186,199.433,10.657,889.262,1036.476
02004,311811,3,,,,,,,,
02004,311812,422,,,,,,,,
02004,31183,314,552.707,1678.0,66.278,313.449,99.083,9.103,317.48,239.258
02004,3119,21,239.859,416.0,67.01,223.188,143.442,16.303,225.255,16.671
02004,31192,3,,,,,,,,
02004,312,284,4642.58,3222.0,332.491,3870.007,642.506,111.217,3922.582,772.573
02004,3121,284,4642.58,3222.0,332.491,3870.007,642.506,111.217,3922.582,772.573
02004,31211,274,4492.938,3146.0,326.354,3727.756,631.916,110.116,3776.975,765.182
02004,325,44,1267.577,2392.0,207.888,868.502,204.464,17.383,887.029,399.075
02004,3254,10,,,,,,,,
02004,327,137,1337.709,3418.0,296.546,747.969,441.22,37.345,781.65,589.74
02004,3273,34,778.016,1045.0,106.27,524.895,310.755,28.762,540.334,253.121
02004,3274,23,6.771,61.0,0.382,4.051,0.872,0.076,4.06,2.72
02004,331,17,,,,,,,,
02004,3312,5,,,,,,,,
02004,33122,5,,,,,,,,
02004,43,1527,11454.627,20679.0,1438.102,3853.758,2688.317,293.007,29226.887,7600.869
02004,431,326,4712.033,8594.0,601.93,1985.364,915.529,104.734,11981.715,2726.669
02004,4311,303,3853.926,7164.0,491.287,1525.239,648.799,74.964,10286.106,2328.687
02004,43111,75,960.34,1360.0,126.529,422.43,153.618,20.081,3367.269,537.91
02004,43112,35,175.431,574.0,21.626,92.291,68.482,13.658,767.208,83.14
02004,431121,15,87.763,355.0,9.083,41.415,28.225,3.661,415.139,46.348
02004,431122,4,,,,,,,,
02004,43113,95,551.847,1302.0,70.611,252.734,132.256,14.783,1704.942,299.113
02004,43114,5,68.493,220.0,12.353,11.407,38.33,2.487,110.746,57.086
02004,43116,10,526.016,1067.0,14.63,189.007,85.153,3.589,1499.476,337.009
02004,43117,5,91.065,404.0,20.283,36.916,4.928,0.575,162.216,54.149
02004,4312,23,858.107,1430.0,110.643,460.125,266.73,29.771,1695.609,397.982
02004,43121,20,,,,,,,,
02004,431211,6,,,,,,,,
02004,433,138,1814.854,2044.0,110.812,244.261,179.346,21.645,4118.349,1570.593
02004,4331,35,1480.036,797.0,28.829,139.644,55.573,10.154,3029.384,1340.392
02004,46,18753,13937.345,67442.0,1773.169,5916.52,8913.08,815.718,45301.247,8020.825
02004,461,8315,2090.367,17626.0,266.081,636.327,800.158,56.835,4741.087,1454.04
02004,4611,7934,1902.947,16773.0,257.369,566.42,760.848,54.038,4421.172,1336.527
02004,46111,6650,875.411,12260.0,80.776,217.443,522.806,34.52,1670.044,657.968
02004,46112,238,530.436,1345.0,44.237,164.602,103.796,7.596,1447.348,365.834
02004,461121,141,445.544,942.0,27.744,136.175,92.726,6.458,1202.989,309.369
02004,461122,38,14.566,80.0,1.735,3.009,1.952,0.17,18.867,11.557
02004,46113,245,143.072,945.0,38.877,71.348,35.758,3.331,405.37,71.724
02004,46115,31,77.616,170.0,11.504,16.502,8.7,0.533,279.629,61.114
02004,4612,381,187.42,853.0,8.712,69.907,39.31,2.797,319.915,117.513
02004,46121,376,185.711,844.0,8.61,69.54,39.212,2.79,317.573,116.171
02004,461213,83,59.761,189.0,2.065,18.67,6.268,0.59,67.012,41.091
02004,462,871,5432.274,16602.0,358.139,2830.922,5633.219,511.409,21185.107,2601.352
02004,4621,827,4671.215,14099.0,294.534,2560.781,5484.094,501.727,19929.992,2110.434
02004,46211,827,4671.215,14099.0,294.534,2560.781,5484.094,501.727,19929.992,2110.434
02004,464,897,1073.38,4037.0,163.733,355.41,288.427,33.261,2594.014,717.97
02004,4641,897,1073.38,4037.0,163.733,355.41,288.427,33.261,2594.014,717.97
02004,46411,754,999.983,3618.0,150.679,322.9,262.386,30.786,2420.51,677.083
02004,467,854,873.936,3973.0,164.131,346.003,410.738,40.623,1972.065,527.933
02004,4671,854,873.936,3973.0,164.131,346.003,410.738,40.623,1972.065,527.933
02004,48-49,433,2405.217,8133.0,632.302,1297.86,1271.817,198.56,2176.701,1107.357
02004,485,31,647.891,3117.0,172.128,341.64,477.161,103.621,358.37,306.251
02004,4852,6,,,,,,,,
03003,31-33,1123,1687.218,4104.0,157.827,1124.542,1453.662,119.998,1205.227,562.676
03003,311,317,468.462,1337.0,45.65,325.627,182.541,17.339,367.004,142.835
03003,3114,4,,,,,,,,
03003,3115,65,19.955,176.0,1.468,30.099,21.152,1.482,32.45,-10.144
03003,31151,34,,,,,,,,
03003,3116,7,26.893,83.0,3.902,16.308,19.699,2.09,16.524,10.585
03003,31161,7,26.893,83.0,3.902,16.308,19.699,2.09,16.524,10.585
03003,311613,6,,,,,,,,
03003,3118,222,220.767,869.0,30.025,122.552,84.077,7.554,126.443,98.215
03003,31181,143,129.012,549.0,17.809,61.484,41.376,3.714,62.797,67.528
03003,311812,143,129.012,549.0,17.809,61.484,41.376,3.714,62.797,67.528
03003,31183,78,,,,,,,,
03003,3119,6,3.978,24.0,0.871,2.557,1.045,0.135,2.565,1.421
03003,31192,2,,,,,,,,
03003,312,75,349.088,593.0,41.758,182.848,502.396,47.762,205.345,166.24
03003,3121,75,349.088,593.0,41.758,182.848,502.396,47.762,205.345,166.24
03003,31211,75,349.088,593.0,41.758,182.848,502.396,47.762,205.345,166.24
03003,325,5,6.039,25.0,0.873,3.425,3.571,0.333,3.495,2.614
03003,3254,1,,,,,,,,
03003,327,76,549.711,500.0,10.742,398.714,534.546,33.974,411.162,150.997
03003,3273,52,538.33,437.0,9.869,389.805,527.935,33.456,402.159,148.525
03003,3274,6,,,,,,,,
03003,43,393,2690.091,4380.0,399.213,1001.096,1484.725,94.875,6294.105,1688.995
03003,431,96,1176.386,1987.0,139.406,597.778,572.473,39.581,2804.375,578.608
03003,4311,86,879.781,1634.0,114.145,397.72,459.118,25.281,2231.357,482.061
03003,43111,21,161.021,270.0,25.5,88.938,121.436,4.05,728.665,72.083
03003,43112,18,96.942,283.0,12.089,29.752,191.346,9.922,256.204,67.19
03003,431121,7,,,,,,,,
03003,431122,3,,,,,,,,
03003,43113,12,65.244,139.0,4.805,16.015,24.412,2.735,137.661,49.229
03003,43114,2,,,,,,,,
03003,43116,8,125.619,301.0,7.941,97.982,65.535,3.607,423.752,27.637
03003,43117,3,,,,,,,,
03003,4312,10,296.605,353.0,25.261,200.058,113.355,14.3,573.018,96.547
03003,43121,9,,,,,,,,
03003,431211,7,,,,,,,,
03003,433,34,358.193,539.0,32.138,45.779,50.241,5.008,633.107,312.414
03003,4331,7,279.231,251.0,15.29,17.305,26.14,2.11,449.757,261.926
03003,46,3794,3454.342,15624.0,418.754,1372.325,2408.034,210.617,12511.341,2082.017
03003,461,1466,357.203,3023.0,47.188,137.131,245.8,21.236,745.85,220.072
03003,4611,1318,322.155,2777.0,43.911,117.842,231.512,20.377,665.206,204.313
03003,46111,939,150.022,1790.0,14.109,59.558,105.139,7.337,307.804,90.464
03003,46112,149,77.08,400.0,10.453,23.043,80.682,8.673,158.824,54.037
03003,461121,53,35.544,157.0,4.601,11.382,34.481,3.118,90.223,24.162
03003,461122,14,8.588,26.0,0.605,1.203,1.525,0.143,12.076,7.385
03003,46113,67,24.414,166.0,1.905,9.294,12.121,1.074,53.98,15.12
03003,46115,20,11.345,75.0,4.66,5.425,7.877,0.905,34.142,5.92
03003,4612,148,35.048,246.0,3.277,19.289,14.288,0.86,80.644,15.759
03003,46121,148,35.048,246.0,3.277,19.289,14.288,0.86,80.644,15.759
03003,461213,14,,,,,,,,
03003,462,403,1226.949,4932.0,82.917,617.199,831.167,65.496,5334.252,609.75
03003,4621,391,1059.909,3742.0,50.031,515.192,763.037,60.357,4800.492,544.717
03003,46211,391,1059.909,3742.0,50.031,515.192,763.037,60.357,4800.492,544.717
03003,464,158,,,,,,,,
03003,4641,158,,,,,,,,
03003,46411,106,111.112,512.0,24.225,32.883,20.906,2.393,286.27,78.229
03003,467,245,273.525,1090.0,48.076,85.284,375.922,27.8,610.587,188.241
03003,4671,245,273.525,1090.0,48.076,85.284,375.922,27.8,610.587,188.241
03003,48-49,150,963.033,2348.0,174.678,526.661,932.766,132.229,576.389,436.372
03003,485,12,183.799,359.0,38.784,87.848,286.471,63.905,90.923,95.951
03003,4852,2,,,,,,,,
04002,31-33,955,2771.798,7842.0,482.18,1856.769,993.422,71.536,1960.864,915.029
04002,311,354,951.738,1529.0,46.533,776.923,374.304,25.829,789.617,174.815
04002,3115,27,5.529,54.0,0.202,4.367,2.01,0.214,4.386,1.162
04002,31151,3,1.775,8.0,0.058,1.666,0.22,0.017,1.666,0.109
04002,3116,4,,,,,,,,
04002,31161,4,,,,,,,,
04002,311613,1,,,,,,,,
04002,3118,269,250.089,977.0,26.637,181.941,96.388,7.349,186.594,68.148
04002,31181,120,,,,,,,,
04002,311812,120,,,,,,,,
04002,31183,147,103.12,395.0,6.945,55.509,57.392,4.125,57.307,47.611
04002,3119,35,206.579,311.0,18.154,163.837,61.62,4.937,169.163,42.742
04002,31192,3,,,,,,,,
04002,312,38,815.884,1773.0,190.806,593.754,304.35,15.952,667.374,222.13
04002,3121,38,815.884,1773.0,190.806,593.754,304.35,15.952,667.374,222.13
04002,31211,38,815.884,1773.0,190.806,593.754,304.35,15.952,667.374,222.13
04002,325,7,28.326,66.0,5.367,16.319,27.658,2.152,16.777,12.007
04002,327,11,123.616,189.0,10.479,88.812,53.958,5.927,94.308,34.804
04002,3273,8,,,,,,,,
04002,43,333,1203.93,2870.0,265.151,503.949,805.19,80.418,3628.459,699.981
04002,431,70,653.538,1261.0,83.726,315.264,318.779,39.317,2024.193,338.274
04002,4311,61,486.248,803.0,55.012,256.679,218.717,23.874,1672.684,229.569
04002,43111,13,36.32,136.0,9.521,33.144,127.533,11.764,319.136,3.176
04002,43112,10,126.326,122.0,7.204,78.152,36.483,6.694,591.445,48.174
04002,431121,4,9.235,19.0,0.953,3.823,1.234,0.22,24.546,5.412
04002,431122,4,,,,,,,,
04002,43113,11,3.12,46.0,0.865,1.147,11.147,1.194,14.972,1.973
04002,43114,2,,,,,,,,
04002,43116,4,,,,,,,,
04002,43117,2,,,,,,,,
04002,4312,9,167.29,458.0,28.714,58.585,100.062,15.443,351.509,108.705
04002,43121,9,167.29,458.0,28.714,58.585,100.062,15.443,351.509,108.705
04002,431211,6,83.152,311.0,6.685,20.271,46.927,6.97,128.863,62.881
04002,433,17,27.115,63.0,3.61,3.637,3.803,0.613,137.067,23.478
04002,4331,3,,,,,,,,
04002,46,5235,2559.695,15052.0,274.608,979.932,2038.876,214.367,9204.543,1579.763
04002,461,2912,363.54,5027.0,35.59,102.296,187.989,13.577,888.743,261.244
04002,4611,2639,294.926,4521.0,31.488,74.442,166.168,12.167,697.68,220.484
04002,46111,1609,143.088,2809.0,7.348,29.835,104.922,6.066,265.618,113.253
04002,46112,490,78.56,767.0,3.541,15.649,18.781,1.557,187.11,62.911
04002,461121,195,51.673,365.0,1.974,12.002,11.096,0.881,126.904,39.671
04002,461122,164,20.415,257.0,1.423,2.38,5.683,0.484,44.335,18.035
04002,46113,302,21.238,442.0,3.081,4.805,4.999,0.513,47.919,16.433
04002,46115,19,24.8,117.0,10.059,17.863,14.343,2.158,125.764,6.937
04002,4612,273,68.614,506.0,4.102,27.854,21.821,1.41,191.063,40.76
04002,46121,273,68.614,506.0,4.102,27.854,21.821,1.41,191.063,40.76
04002,461213,76,,,,,,,,
04002,462,169,,,,,,,,
04002,4621,161,748.143,2146.0,30.863,313.635,565.435,34.592,3263.598,434.508
04002,46211,161,748.143,2146.0,30.863,313.635,565.435,34.592,3263.598,434.508
04002,464,173,108.497,769.0,27.073,49.44,27.686,2.32,400.579,59.057
04002,4641,173,108.497,769.0,27.073,49.44,27.686,2.32,400.579,59.057
04002,46411,120,88.728,630.0,24.561,38.328,17.612,1.509,363.156,50.4
04002,467,208,155.541,837.0,23.261,50.173,454.76,112.666,419.231,105.368
04002,4671,208,155.541,837.0,23.261,50.173,454.76,112.666,419.231,105.368
04002,48-49,51,648.08,1298.0,105.822,212.606,383.167,49.862,218.003,435.474
04002,485,14,90.729,537.0,28.12,49.912,120.945,20.02,50.961,40.817
04002,4852,1,,,,,,,,
05002,31-33,288,6980.271,38503.0,3029.357,2860.355,866.186,72.595,2921.32,4119.916
05002,311,83,42.994,256.0,4.453,35.344,17.029,1.349,35.418,7.65
05002,3115,13,,,,,,,,
05002,31151,1,,,,,,,,
05002,3116,1,,,,,,,,
05002,31161,1,,,,,,,,
05002,3118,68,37.081,191.0,3.654,26.808,10.5,0.967,26.87,10.273
05002,31181,42,12.528,107.0,1.114,8.468,3.594,0.337,8.473,4.06
05002,311812,42,12.528,107.0,1.114,8.468,3.594,0.337,8.473,4.06
05002,31183,26,24.553,84.0,2.54,18.34,6.906,0.629,18.397,6.213
05002,312,16,13.626,62.0,1.526,7.359,8.687,0.992,7.374,6.267
05002,3121,16,13.626,62.0,1.526,7.359,8.687,0.992,7.374,6.267
05002,31211,16,13.626,62.0,1.526,7.359,8.687,0.992,7.374,6.267
05002,327,14,20.346,72.0,3.216,8.774,10.111,1.552,8.775,11.572
05002,3273,10,13.93,32.0,1.26,6.17,7.572,1.297,6.17,7.76
05002,3274,1,,,,,,,,
05002,43,65,526.37,1165.0,89.436,111.797,87.981,10.07,637.25,414.573
05002,431,15,490.589,934.0,78.663,97.999,55.852,6.419,559.711,392.59
05002,4311,7,146.363,190.0,25.53,37.093,18.2,2.155,192.573,109.27
05002,43111,1,,,,,,,,
05002,43116,1,,,,,,,,
05002,4312,8,344.226,744.0,53.133,60.906,37.652,4.264,367.138,283.32
05002,43121,8,344.226,744.0,53.133,60.906,37.652,4.264,367.138,283.32
05002,431211,6,,,,,,,,
05002,46,1690,812.56,5452.0,125.22,259.088,447.744,35.367,2775.285,553.472
05002,461,1011,140.143,1889.0,17.315,31.314,72.319,6.947,312.385,108.829
05002,4611,955,123.134,1620.0,15.403,24.875,59.538,5.239,263.122,98.259
05002,46111,843,58.622,1226.0,1.717,11.167,28.029,2.165,110.169,47.455
05002,46112,24,36.329,161.0,6.109,8.253,11.58,0.972,103.195,28.076
05002,461121,20,,,,,,,,
05002,461122,2,,,,,,,,
05002,46113,8,4.773,39.0,0.933,1.382,6.98,0.873,10.529,3.391
05002,46115,3,2.806,13.0,0.423,0.074,7.425,0.379,6.078,2.732
05002,4612,56,17.009,269.0,1.912,6.439,12.781,1.708,49.263,10.57
05002,46121,56,17.009,269.0,1.912,6.439,12.781,1.708,49.263,10.57
05002,461213,4,,,,,,,,
05002,462,66,293.096,1354.0,48.901,116.07,182.257,13.365,1195.279,177.026
05002,4621,64,,,,,,,,
05002,46211,64,,,,,,,,
05002,464,64,55.421,309.0,11.018,26.099,45.789,1.689,158.453,29.322
05002,4641,64,55.421,309.0,11.018,26.099,45.789,1.689,158.453,29.322
05002,46411,51,51.269,276.0,9.823,24.45,43.626,1.51,152.206,26.819
05002,467,89,47.935,290.0,9.389,8.79,36.203,3.121,90.805,39.145
05002,4671,89,47.935,290.0,9.389,8.79,36.203,3.121,90.805,39.145
05002,48-49,43,216.206,787.0,54.593,99.858,427.555,45.105,104.785,116.348
05002,485,11,72.423,397.0,16.616,41.354,78.593,13.953,42.977,31.069
05018,31-33,891,42925.243,19368.0,4302.19,21230.26,63918.827,1508.716,22780.571,21694.983
05018,311,366,332.366,1040.0,59.377,233.992,95.93,5.826,238.179,98.374
05018,3115,14,20.957,78.0,2.858,13.902,4.943,0.458,13.989,7.055
05018,31151,2,,,,,,,,
05018,3116,6,211.588,165.0,41.853,156.341,55.571,2.659,160.247,55.247
05018,31161,6,211.588,165.0,41.853,156.341,55.571,2.659,160.247,55.247
05018,311613,3,,,,,,,,
05018,3118,338,93.034,766.0,13.736,59.22,33.489,2.465,59.414,33.814
05018,31181,287,55.044,591.0,9.124,33.523,17.785,1.275,33.67,21.521
05018,311812,287,55.044,591.0,9.124,33.523,17.785,1.275,33.67,21.521
05018,31183,51,37.99,175.0,4.612,25.697,15.704,1.19,25.744,12.293
05018,3119,5,5.543,21.0,0.632,3.706,1.741,0.208,3.706,1.837
05018,312,73,25.664,179.0,5.173,17.364,23.882,1.612,17.417,8.3
05018,3121,73,25.664,179.0,5.173,17.364,23.882,1.612,17.417,8.3
05018,31211,73,25.664,179.0,5.173,17.364,23.882,1.612,17.417,8.3
05018,325,6,,,,,,,,
05018,327,49,862.201,477.0,109.406,679.676,599.358,18.45,718.48,182.525
05018,3273,33,99.441,131.0,10.345,80.712,63.127,6.874,81.18,18.729
05018,3274,4,759.62,318.0,97.849,597.118,533.79,11.39,635.367,162.502
05018,331,6,36192.692,8241.0,3323.223,16517.416,62223.656,1407.058,17842.925,19675.276
05018,3312,1,,,,,,,,
05018,33122,1,,,,,,,,
05018,43,296,856.13,2322.0,223.903,271.599,626.228,42.556,2130.84,584.531
05018,431,33,218.296,536.0,37.109,79.242,93.134,6.75,570.682,139.054
05018,4311,27,146.323,393.0,28.352,54.308,74.516,5.389,384.237,92.015
05018,43111,15,36.501,63.0,3.484,6.135,26.891,0.565,82.861,30.366
05018,43112,2,,,,,,,,
05018,431121,2,,,,,,,,
05018,43113,2,,,,,,,,
05018,43116,1,,,,,,,,
05018,43117,2,,,,,,,,
05018,4312,6,71.973,143.0,8.757,24.934,18.618,1.361,186.445,47.039
05018,43121,6,71.973,143.0,8.757,24.934,18.618,1.361,186.445,47.039
05018,431211,2,,,,,,,,
05018,433,14,11.418,83.0,3.452,3.347,16.539,1.336,18.551,8.071
05018,46,3302,2310.429,11759.0,332.821,791.09,1655.378,125.363,8356.994,1519.339
05018,461,1492,269.277,3292.0,75.174,81.656,188.005,12.362,870.346,187.621
05018,4611,1396,256.069,3119.0,73.812,78.943,172.551,11.268,842.283,177.126
05018,46111,1084,86.127,1967.0,15.521,29.57,114.899,6.499,279.167,56.557
05018,46112,128,69.4,412.0,23.875,22.108,23.499,1.816,231.105,47.292
05018,461121,60,55.218,271.0,12.878,16.056,18.119,1.405,163.556,39.162
05018,461122,65,13.654,137.0,10.958,6.0,5.235,0.399,66.873,7.654
05018,46113,25,42.226,203.0,8.013,9.433,14.424,1.34,37.308,32.793
05018,46115,13,,,,,,,,
05018,4612,96,13.208,173.0,1.362,2.713,15.454,1.095,28.063,10.495
05018,46121,96,13.208,173.0,1.362,2.713,15.454,1.095,28.063,10.495
05018,461213,42,2.909,71.0,0.751,0.679,2.933,0.363,5.354,2.23
05018,462,181,921.744,2775.0,76.603,333.572,513.899,40.689,3887.738,588.172
05018,4621,175,733.351,2416.0,55.974,309.7,363.761,36.448,3513.391,423.651
05018,46211,175,733.351,2416.0,55.974,309.7,363.761,36.448,3513.391,423.651
05018,464,142,,,,,,,,
05018,4641,142,,,,,,,,
05018,46411,111,95.351,541.0,19.309,42.899,58.463,2.108,289.498,52.452
05018,467,229,194.636,810.0,28.701,45.878,261.562,15.11,424.97,148.758
05018,4671,229,194.636,810.0,28.701,45.878,261.562,15.11,424.97,148.758
05018,48-49,54,395.557,1202.0,67.851,253.819,471.169,72.201,264.318,141.738
05018,485,8,93.439,440.0,15.508,59.665,180.387,41.677,62.632,33.774
05035,31-33,1788,113973.143,46704.0,4002.969,84756.105,27444.087,2022.797,86218.18,29217.038
05035,311,462,4855.922,3790.0,120.103,4661.767,2507.344,246.095,4895.699,194.155
05035,3115,33,3553.731,1084.0,4.267,3681.466,1828.903,187.618,3874.401,-127.735
05035,31151,10,3526.536,989.0,1.895,3660.638,1803.826,185.048,3853.215,-134.102
05035,3116,5,556.017,488.0,39.455,454.142,167.739,10.17,484.505,101.875
05035,31161,5,556.017,488.0,39.455,454.142,167.739,10.17,484.505,101.875
05035,311612,1,,,,,,,,
05035,311613,2,,,,,,,,
05035,3118,404,425.269,1694.0,58.791,248.751,142.544,14.097,254.832,176.518
05035,31181,146,,,,,,,,
05035,311812,146,,,,,,,,
05035,31183,253,221.197,820.0,21.32,129.759,87.709,7.991,131.427,91.438
05035,3119,10,248.937,172.0,1.222,232.207,90.696,9.273,232.633,16.73
05035,31192,3,,,,,,,,
05035,312,41,4058.62,1093.0,272.437,2390.35,1917.288,114.886,2767.136,1668.27
05035,3121,41,4058.62,1093.0,272.437,2390.35,1917.288,114.886,2767.136,1668.27
05035,31211,36,1893.806,623.0,115.13,1266.023,489.593,57.474,1267.684,627.783
05035,325,32,1534.421,749.0,72.559,1193.488,365.152,32.262,1263.353,340.933
05035,3254,6,,,,,,,,
05035,327,66,2425.312,2245.0,183.836,1896.914,1094.509,60.581,1941.932,528.398
05035,3273,25,1831.085,551.0,91.57,1369.694,519.781,27.682,1374.811,461.391
05035,3274,2,,,,,,,,
05035,331,12,67074.433,3472.0,762.572,51148.361,11932.651,832.011,51215.375,15926.072
05035,3312,2,,,,,,,,
05035,33122,2,,,,,,,,
05035,43,1035,5135.307,12167.0,796.933,2100.836,2078.994,242.251,16552.349,3034.471
05035,431,180,2156.509,4388.0,305.826,624.85,685.747,65.544,5679.445,1531.659
05035,4311,164,1474.631,3297.0,198.743,488.375,492.014,32.837,4125.971,986.256
05035,43111,34,218.918,746.0,17.526,69.286,45.546,3.301,916.59,149.632
05035,43112,16,69.552,164.0,6.879,19.036,21.227,2.694,221.481,50.516
05035,431121,12,59.024,116.0,5.52,15.526,13.639,1.937,128.864,43.498
05035,431122,1,,,,,,,,
05035,43113,68,171.149,544.0,21.924,65.486,50.242,4.166,726.894,105.663
05035,43114,4,,,,,,,,
05035,43116,10,597.968,849.0,36.195,277.432,249.481,9.852,1602.157,320.536
05035,43117,2,,,,,,,,
05035,4312,16,681.878,1091.0,107.083,136.475,193.733,32.707,1553.474,545.403
05035,43121,14,,,,,,,,
05035,431211,10,195.006,676.0,60.249,79.207,93.48,20.485,663.732,115.799
05035,433,65,129.271,635.0,58.215,507.686,78.032,14.11,1157.266,-378.415
05035,4331,25,41.049,304.0,31.452,476.752,27.739,2.559,831.789,-435.703
05035,46,8830,8598.185,37880.0,978.814,3292.721,6369.33,869.131,28546.479,5305.464
05035,461,4012,1018.253,9737.0,113.794,262.535,508.836,42.201,2417.07,755.718
05035,4611,3677,909.844,8336.0,108.619,223.664,481.043,40.524,2081.237,686.18
05035,46111,2641,319.16,5068.0,20.341,74.076,235.64,16.356,612.9,245.084
05035,46112,227,261.198,961.0,28.218,65.141,92.546,6.922,802.869,196.057
05035,461121,193,248.31,873.0,26.104,59.693,81.185,5.916,758.609,188.617
05035,461122,21,7.996,45.0,0.739,4.475,3.048,0.214,38.288,3.521
05035,46113,251,123.343,808.0,22.651,38.007,70.649,7.157,275.499,85.336
05035,46115,59,41.419,270.0,7.127,5.568,17.498,1.379,54.684,35.851
05035,4612,335,108.409,1401.0,5.175,38.871,27.793,1.677,335.833,69.538
05035,46121,335,108.409,1401.0,5.175,38.871,27.793,1.677,335.833,69.538
05035,461213,52,37.031,104.0,0.43,11.062,2.688,0.217,42.495,25.969
05035,462,523,2769.096,8620.0,123.082,1134.168,1629.008,167.996,10258.738,1634.928
05035,4621,498,1404.486,6106.0,31.048,789.876,958.239,103.716,8305.358,614.61
05035,46211,498,1404.486,6106.0,31.048,789.876,958.239,103.716,8305.358,614.61
05035,464,513,,,,,,,,
05035,4641,513,,,,,,,,
05035,46411,399,411.999,1775.0,81.844,157.159,139.885,5.893,1207.205,254.84
05035,467,565,668.969,2426.0,89.042,190.132,2105.193,478.832,1298.353,478.837
05035,4671,565,668.969,2426.0,89.042,190.132,2105.193,478.832,1298.353,478.837
05035,48-49,114,2737.853,4675.0,417.424,1888.502,2905.721,403.447,1993.292,849.351
05035,485,25,226.367,700.0,45.697,129.757,282.75,45.405,139.304,96.61
05035,4852,6,,,,,,,,
06002,31-33,851,1091.198,6577.0,284.744,558.324,510.676,39.273,599.418,532.874
06002,311,287,319.64,1064.0,34.529,230.833,184.456,11.571,262.884,88.807
06002,3114,2,,,,,,,,
06002,3115,38,14.353,108.0,2.275,8.909,6.363,0.623,9.11,5.444
06002,31151,12,5.088,33.0,0.66,3.349,1.655,0.125,3.363,1.739
06002,3116,7,,,,,,,,
06002,31161,7,,,,,,,,
06002,311613,2,,,,,,,,
06002,3118,213,129.654,711.0,20.723,79.715,64.163,6.2,80.591,49.939
06002,31181,76,,,,,,,,
06002,311812,76,,,,,,,,
06002,31183,135,81.639,394.0,10.755,51.908,43.549,4.135,52.407,29.731
06002,3119,13,10.88,45.0,1.634,7.9,3.942,0.371,7.997,2.98
06002,31192,2,,,,,,,,
06002,312,30,13.741,88.0,2.348,8.368,22.992,1.847,8.482,5.373
06002,3121,30,13.741,88.0,2.348,8.368,22.992,1.847,8.482,5.373
06002,31211,29,,,,,,,,
06002,325,7,11.469,41.0,2.476,6.194,4.914,0.49,6.382,5.275
06002,327,27,105.41,202.0,10.871,70.719,40.543,3.687,71.336,34.691
06002,3273,8,65.399,63.0,2.005,45.884,31.285,3.524,46.5,19.515
06002,3274,5,36.858,101.0,8.564,22.578,7.685,0.025,22.578,14.28
06002,331,1,,,,,,,,
06002,43,345,1445.253,3568.0,287.137,604.058,673.244,65.983,4582.948,841.195
06002,431,60,906.538,1768.0,129.352,403.666,316.912,41.521,2737.967,502.872
06002,4311,50,639.753,1318.0,93.348,258.73,183.47,22.641,2099.774,381.023
06002,43111,17,134.661,444.0,24.773,52.908,85.429,10.266,1063.03,81.753
06002,43112,5,,,,,,,,
06002,431121,4,,,,,,,,
06002,431122,1,,,,,,,,
06002,43113,7,0.482,13.0,0.406,0.482,0.388,0.043,1.545,0.0
06002,43114,2,,,,,,,,
06002,43116,4,96.928,210.0,7.005,58.48,54.639,6.965,237.18,38.448
06002,43117,2,,,,,,,,
06002,4312,10,266.785,450.0,36.004,144.936,133.442,18.88,638.193,121.849
06002,43121,9,,,,,,,,
06002,431211,5,106.365,264.0,7.149,96.845,97.858,14.893,329.975,9.52
06002,433,25,11.116,97.0,2.793,45.566,6.806,0.732,65.493,-34.45
06002,4331,7,,,,,,,,
06002,46,3305,2562.384,13294.0,337.683,1009.278,2413.384,132.11,8222.517,1553.106
06002,461,1238,276.385,2871.0,40.348,91.321,188.729,16.166,691.402,185.064
06002,4611,1146,248.012,2640.0,36.073,77.205,173.18,14.686,588.132,170.807
06002,46111,691,109.163,1411.0,8.147,30.273,72.187,5.253,226.703,78.89
06002,46112,180,64.931,514.0,13.197,24.349,53.447,4.565,201.24,40.582
06002,461121,100,56.13,377.0,10.455,21.997,50.055,4.151,173.678,34.133
06002,461122,60,3.845,79.0,0.893,0.612,0.644,0.09,11.757,3.233
06002,46113,108,18.893,248.0,1.825,6.945,6.263,0.654,42.628,11.948
06002,46115,38,20.07,156.0,4.389,5.588,21.179,1.944,42.747,14.482
06002,4612,92,28.373,231.0,4.275,14.116,15.549,1.48,103.27,14.257
06002,46121,91,,,,,,,,
06002,461213,17,1.262,38.0,0.498,0.13,5.776,0.876,1.197,1.132
06002,462,124,934.908,3145.0,68.398,415.336,448.263,35.169,2934.428,519.572
06002,4621,112,423.989,1684.0,35.942,272.858,225.7,22.585,2103.695,151.131
06002,46211,112,423.989,1684.0,35.942,272.858,225.7,22.585,2103.695,151.131
06002,464,197,129.135,696.0,33.173,36.676,39.197,3.188,348.131,92.459
06002,4641,197,129.135,696.0,33.173,36.676,39.197,3.188,348.131,92.459
06002,46411,162,117.968,613.0,29.763,31.978,28.858,1.89,329.571,85.99
06002,467,187,234.928,754.0,29.739,62.456,284.173,15.713,635.43,172.472
06002,4671,187,234.928,754.0,29.739,62.456,284.173,15.713,635.43,172.472
06002,48-49,38,344.246,698.0,67.529,183.876,304.403,39.154,190.007,160.37
06002,485,11,,,,,,,,
06002,4852,1,,,,,,,,
07089,31-33,1147,2962.981,5577.0,361.813,2242.826,1430.24,123.258,2373.037,720.155
07089,311,428,1983.676,2403.0,95.749,1624.198,1081.799,87.366,1688.118,359.478
07089,3114,1,,,,,,,,
07089,3115,26,13.739,62.0,1.159,8.167,6.008,0.615,8.177,5.572
07089,31151,6,6.8,17.0,0.409,4.672,2.082,0.297,4.672,2.128
07089,3116,1,,,,,,,,
07089,31161,1,,,,,,,,
07089,3118,372,247.753,951.0,23.305,141.404,66.333,5.62,142.115,106.349
07089,31181,116,,,,,,,,
07089,311812,116,,,,,,,,
07089,31183,255,212.923,612.0,17.34,123.141,54.3,4.459,123.594,89.782
07089,3119,18,844.835,524.0,28.558,656.938,810.745,70.384,720.104,187.897
07089,31192,17,,,,,,,,
07089,312,66,640.691,1757.0,243.272,366.225,143.316,18.738,396.664,274.466
07089,3121,65,,,,,,,,
07089,31211,64,,,,,,,,
07089,325,2,,,,,,,,
07089,327,40,152.616,205.0,4.682,131.168,106.506,7.727,132.47,21.448
07089,3273,29,151.718,189.0,4.682,130.712,104.784,7.592,132.013,21.006
07089,3274,1,,,,,,,,
07089,43,431,2000.361,4645.0,433.844,991.5,654.807,56.859,6435.417,1008.861
07089,431,114,1401.628,2628.0,241.283,658.079,261.026,31.694,4664.167,743.549
07089,4311,101,876.161,1811.0,126.837,438.735,178.646,21.961,3644.346,437.426
07089,43111,28,206.101,578.0,28.433,149.294,27.782,4.602,1769.433,56.807
07089,43112,10,16.594,75.0,2.998,4.941,10.7,1.054,52.148,11.653
07089,431121,3,,,,,,,,
07089,431122,3,6.776,30.0,1.18,0.711,0.325,0.055,14.693,6.065
07089,43113,17,25.723,152.0,8.345,15.558,35.976,2.967,60.358,10.165
07089,43114,2,,,,,,,,
07089,43116,3,,,,,,,,
07089,43117,2,,,,,,,,
07089,4312,13,525.467,817.0,114.446,219.344,82.38,9.733,1019.821,306.123
07089,43121,13,525.467,817.0,114.446,219.344,82.38,9.733,1019.821,306.123
07089,431211,7,336.705,410.0,73.054,98.7,39.825,1.658,507.224,238.005
07089,433,31,17.934,144.0,4.328,81.67,12.67,1.339,126.657,-63.736
07089,4331,12,3.919,68.0,1.236,76.882,3.274,0.38,82.479,-72.963
07089,46,6717,2724.118,17257.0,319.088,1011.724,2864.085,277.495,9548.726,1712.394
07089,461,3922,328.246,6258.0,32.39,78.454,251.414,16.523,708.306,249.792
07089,4611,3668,263.049,5766.0,20.161,59.493,231.009,15.09,576.442,203.556
07089,46111,2493,111.281,3955.0,6.792,29.564,138.935,8.998,244.293,81.717
07089,46112,357,68.065,583.0,5.711,11.718,27.138,1.711,178.183,56.347
07089,461121,169,40.101,295.0,3.571,6.923,17.306,1.106,113.762,33.178
07089,461122,126,18.204,190.0,1.605,2.422,6.984,0.413,46.911,15.782
07089,46113,407,25.7,573.0,1.023,7.085,13.67,0.856,55.229,18.615
07089,46115,81,13.419,126.0,1.25,2.262,7.754,0.528,26.745,11.157
07089,4612,254,65.197,492.0,12.229,18.961,20.405,1.433,131.864,46.236
07089,46121,254,65.197,492.0,12.229,18.961,20.405,1.433,131.864,46.236
07089,461213,129,12.694,206.0,1.466,1.669,3.444,0.279,41.821,11.025
07089,462,113,912.295,2719.0,51.603,346.745,557.939,37.561,4059.266,565.55
07089,4621,100,551.182,1880.0,14.731,279.744,414.811,32.384,3342.088,271.438
07089,46211,100,551.182,1880.0,14.731,279.744,414.811,32.384,3342.088,271.438
07089,464,213,162.631,997.0,23.414,78.834,56.632,4.644,509.281,83.797
07089,4641,213,162.631,997.0,23.414,78.834,56.632,4.644,509.281,83.797
07089,46411,166,153.029,895.0,21.453,74.332,44.366,3.7,492.193,78.697
07089,467,227,304.208,1137.0,53.846,82.115,306.239,17.415,724.552,222.093
07089,4671,227,304.208,1137.0,53.846,82.115,306.239,17.415,724.552,222.093
07089,48-49,53,375.545,1001.0,54.253,230.434,290.43,42.315,237.485,145.111
07089,485,19,174.071,587.0,28.498,108.106,194.281,32.087,111.337,65.965
07089,4852,10,99.622,402.0,17.245,64.86,153.994,25.547,67.479,34.762
08019,31-33,2465,59995.737,92726.0,9661.817,41071.59,20695.718,1605.547,43383.837,18924.147
08019,311,676,10703.376,9655.0,884.463,7237.484,2582.779,160.931,7360.176,3465.892
08019,3114,9,44.097,141.0,6.632,26.164,27.543,1.686,26.618,17.933
08019,3115,86,1082.641,1018.0,88.88,799.644,154.801,13.098,813.026,282.997
08019,31151,20,1023.975,760.0,78.994,760.667,126.949,10.598,773.252,263.308
08019,3116,22,6102.118,4672.0,458.892,4506.156,1318.843,77.578,4585.548,1595.962
08019,31161,22,6102.118,4672.0,458.892,4506.156,1318.843,77.578,4585.548,1595.962
08019,311612,3,,,,,,,,
08019,311613,13,4889.755,3708.0,329.855,3685.704,601.775,33.094,3734.629,1204.051
08019,3118,517,2019.218,2215.0,193.26,840.155,375.122,25.635,843.883,1179.063
08019,31181,239,,,,,,,,
08019,311811,1,,,,,,,,
08019,311812,238,,,,,,,,
08019,31183,272,206.803,746.0,14.512,119.188,73.174,6.541,121.506,87.615
08019,3119,26,284.268,912.0,54.691,214.627,122.081,6.27,219.632,69.641
08019,31192,2,,,,,,,,
08019,312,33,490.803,573.0,44.805,337.308,502.403,49.322,369.367,153.495
08019,3121,33,490.803,573.0,44.805,337.308,502.403,49.322,369.367,153.495
08019,31211,29,,,,,,,,
08019,325,34,869.5,693.0,44.511,715.894,326.504,28.05,776.471,153.606
08019,3254,5,,,,,,,,
08019,327,279,5080.364,4344.0,859.408,3967.243,2674.013,234.269,4972.361,1113.121
08019,3273,48,1601.726,930.0,210.009,1273.961,1114.042,107.707,1452.322,327.765
08019,3274,3,2.59,9.0,0.066,1.065,0.115,0.014,1.065,1.525
08019,331,10,362.994,683.0,101.036,214.705,159.83,12.36,224.53,148.289
08019,3312,4,10.226,22.0,1.121,4.86,10.28,1.025,4.956,5.366
08019,33122,2,,,,,,,,
08019,43,1215,8930.688,14233.0,1177.003,3903.386,3966.274,340.141,26242.637,5027.302
08019,431,202,2873.703,4732.0,313.086,1512.445,1163.334,106.839,9496.43,1361.258
08019,4311,187,2274.125,4346.0,275.017,1220.554,1061.249,96.455,8383.504,1053.571
08019,43111,54,285.757,1273.0,81.188,133.451,212.303,20.885,2748.172,152.306
08019,43112,19,,,,,,,,
08019,431121,12,112.054,192.0,15.18,40.006,29.689,2.134,371.646,72.048
08019,431122,5,,,,,,,,
08019,43113,45,329.896,723.0,37.422,124.302,416.334,40.219,1149.193,205.594
08019,43114,3,,,,,,,,
08019,43116,11,304.412,438.0,11.731,244.257,181.651,11.168,1483.564,60.155
08019,43117,5,,,,,,,,
08019,4312,15,599.578,386.0,38.069,291.891,102.085,10.384,1112.926,307.687
08019,43121,14,,,,,,,,
08019,431211,8,93.426,143.0,9.368,22.149,26.12,3.118,161.568,71.277
08019,433,85,556.028,809.0,44.966,80.102,66.853,8.573,1669.745,475.926
08019,4331,31,429.602,425.0,19.583,37.908,37.563,4.918,1251.876,391.694
08019,46,11046,10211.956,46872.0,1279.915,4342.025,7273.005,711.39,38491.294,5869.931
08019,461,4122,1156.522,9433.0,157.831,433.983,780.625,60.871,3072.987,722.539
08019,4611,3350,908.304,8138.0,142.272,322.358,668.417,53.597,2485.127,585.946
08019,46111,2589,420.298,5068.0,37.527,136.801,397.842,32.458,1106.255,283.497
08019,46112,201,241.359,886.0,26.402,95.522,113.96,6.855,695.291,145.837
08019,461121,167,218.995,781.0,24.404,88.848,98.061,5.141,639.357,130.147
08019,461122,18,16.938,61.0,1.333,5.068,13.062,1.433,43.391,11.87
08019,46113,72,67.683,315.0,15.714,27.737,47.35,5.394,269.957,39.946
08019,46115,48,38.723,216.0,10.637,12.358,26.278,2.161,136.675,26.365
08019,4612,772,248.218,1295.0,15.559,111.625,112.208,7.274,587.86,136.593
08019,46121,772,248.218,1295.0,15.559,111.625,112.208,7.274,587.86,136.593
08019,461213,40,7.619,68.0,0.75,1.583,5.102,0.648,12.625,6.036
08019,462,484,3367.755,11681.0,194.346,1491.147,1639.535,162.741,14681.3,1876.608
08019,4621,456,2578.989,9735.0,114.357,1291.182,1376.226,147.836,13279.178,1287.807
08019,46211,456,2578.989,9735.0,114.357,1291.182,1376.226,147.836,13279.178,1287.807
08019,464,515,440.605,2134.0,95.733,153.907,215.173,15.255,1335.735,286.698
08019,4641,515,440.605,2134.0,95.733,153.907,215.173,15.255,1335.735,286.698
08019,46411,357,355.906,1702.0,80.725,117.633,161.304,10.254,1189.05,238.273
08019,467,753,998.628,3303.0,148.107,335.855,706.242,57.077,2380.623,662.773
08019,4671,753,998.628,3303.0,148.107,335.855,706.242,57.077,2380.623,662.773
08019,48-49,165,4047.316,7201.0,776.254,2755.075,3849.365,575.261,2915.745,1292.241
08019,481,2,,,,,,,,
08019,485,26,426.66,1673.0,134.455,256.687,439.571,73.792,260.812,169.973
08019,4852,3,,,,,,,,
08036,31-33,140,313.005,1103.0,87.734,184.676,177.935,9.956,192.719,128.329
08036,311,67,50.725,193.0,4.603,29.196,15.947,1.242,29.413,21.529
08036,3115,17,,,,,,,,
08036,31151,11,23.087,27.0,0.809,14.482,4.773,0.47,14.675,8.605
08036,3116,2,,,,,,,,
08036,31161,2,,,,,,,,
08036,3118,46,22.976,113.0,1.858,12.826,8.57,0.565,12.833,10.15
08036,31181,26,8.011,67.0,1.028,3.966,4.177,0.254,3.97,4.045
08036,311812,26,8.011,67.0,1.028,3.966,4.177,0.254,3.97,4.045
08036,31183,20,14.965,46.0,0.83,8.86,4.393,0.311,8.863,6.105
08036,312,3,,,,,,,,
08036,3121,3,,,,,,,,
08036,31211,3,,,,,,,,
08036,325,2,,,,,,,,
08036,327,15,3.219,37.0,0.192,1.863,1.152,0.107,1.863,1.356
08036,3273,9,1.667,23.0,0.0,0.752,0.703,0.061,0.752,0.915
08036,43,57,273.059,389.0,29.387,128.507,64.181,7.391,608.58,144.552
08036,431,7,,,,,,,,
08036,4311,1,,,,,,,,
08036,4312,6,,,,,,,,
08036,43121,6,,,,,,,,
08036,431211,4,,,,,,,,
08036,46,697,323.84,1974.0,41.593,93.675,185.066,14.264,1853.628,230.165
08036,461,354,58.371,750.0,10.622,17.231,44.985,3.069,146.539,41.14
08036,4611,297,42.72,608.0,7.837,12.125,35.972,2.313,114.087,30.595
08036,46111,216,24.448,442.0,6.211,7.407,27.406,1.666,62.496,17.041
08036,46112,37,13.179,79.0,0.636,2.762,4.992,0.319,26.557,10.417
08036,461121,31,12.474,69.0,0.636,2.528,4.532,0.282,23.796,9.946
08036,461122,4,,,,,,,,
08036,46113,12,1.758,26.0,0.3,0.678,2.752,0.247,14.723,1.08
08036,46115,2,,,,,,,,
08036,4612,57,15.651,142.0,2.785,5.106,9.013,0.756,32.452,10.545
08036,46121,57,15.651,142.0,2.785,5.106,9.013,0.756,32.452,10.545
08036,461213,5,5.204,47.0,1.359,0.819,3.759,0.489,5.973,4.385
08036,462,12,64.93,298.0,3.197,33.135,32.638,3.212,313.92,31.795
08036,4621,11,,,,,,,,
08036,46211,11,,,,,,,,
08036,464,19,16.066,81.0,4.369,4.72,9.13,0.333,28.622,11.346
08036,4641,19,16.066,81.0,4.369,4.72,9.13,0.333,28.622,11.346
08036,46411,17,,,,,,,,
08036,467,28,19.479,112.0,4.049,7.002,12.244,1.2,33.827,12.477
08036,4671,28,19.479,112.0,4.049,7.002,12.244,1.2,33.827,12.477
08036,48-49,3,,,,,,,,
08036,485,1,,,,,,,,
08037,31-33,2232,99047.933,223376.0,25680.193,52719.736,25350.646,1630.591,54885.886,46328.197
08037,311,592,3886.942,7234.0,477.24,2657.241,904.765,71.283,2886.854,1229.701
08037,3114,3,,,,,,,,
08037,3115,44,591.524,766.0,111.406,438.501,165.406,8.727,535.277,153.023
08037,31151,4,536.24,570.0,100.968,408.272,148.255,7.828,486.846,127.968
08037,3116,12,207.436,462.0,22.982,153.185,117.054,12.573,171.087,54.251
08037,31161,12,207.436,462.0,22.982,153.185,117.054,12.573,171.087,54.251
08037,311612,1,,,,,,,,
08037,311613,7,9.338,40.0,1.514,6.335,4.556,0.398,6.696,3.003
08037,3118,505,396.557,1655.0,36.148,257.179,181.065,11.037,260.129,139.378
08037,31181,243,,,,,,,,
08037,311812,243,,,,,,,,
08037,31183,260,212.37,795.0,17.113,131.322,73.435,6.043,133.469,81.048
08037,3119,19,1325.979,452.0,23.974,1033.658,153.023,10.947,1098.734,292.321
08037,312,24,3160.77,2128.0,255.088,1376.941,481.59,41.098,1398.678,1783.829
08037,3121,23,,,,,,,,
08037,31211,22,,,,,,,,
08037,325,15,3835.111,3615.0,1128.099,2409.379,1604.002,85.931,2864.097,1425.732
08037,3254,1,,,,,,,,
08037,327,168,2539.813,976.0,182.265,1777.022,992.025,95.035,1920.904,762.791
08037,3273,54,2484.198,602.0,168.586,1740.711,937.638,91.73,1881.843,743.487
08037,3274,9,,,,,,,,
08037,331,12,850.917,2162.0,300.033,302.717,88.408,5.121,323.941,548.2
08037,3312,4,,,,,,,,
08037,33122,2,,,,,,,,
08037,43,874,4754.523,10026.0,798.941,1835.998,2321.496,229.152,12878.909,2918.525
08037,431,142,2330.69,4190.0,308.874,899.825,602.498,52.515,6059.804,1430.865
08037,4311,127,1562.587,3418.0,254.046,601.958,398.443,29.476,4639.928,960.629
08037,43111,41,157.366,373.0,15.229,46.514,32.903,2.72,762.959,110.852
08037,43112,25,235.148,460.0,38.968,54.25,81.452,3.272,755.331,180.898
08037,431121,22,,,,,,,,
08037,431122,1,,,,,,,,
08037,43113,21,132.911,320.0,16.917,49.071,47.635,5.362,510.175,83.84
08037,43114,2,,,,,,,,
08037,43116,7,29.755,412.0,9.418,65.926,90.252,1.149,390.421,-36.171
08037,43117,2,,,,,,,,
08037,4312,15,768.103,772.0,54.828,297.867,204.055,23.039,1419.876,470.236
08037,43121,14,,,,,,,,
08037,431211,8,517.154,330.0,26.146,155.993,13.309,0.707,735.294,361.161
08037,433,39,209.887,368.0,12.348,81.912,26.788,2.023,840.436,127.975
08037,4331,16,129.999,156.0,4.571,46.515,6.634,0.391,524.309,83.484
08037,46,13573,10512.362,50104.0,1477.485,4206.865,5810.097,408.729,40728.281,6305.497
08037,461,6233,961.357,12108.0,94.708,296.217,647.208,49.457,2302.644,665.14
08037,4611,5931,872.789,11568.0,91.034,256.666,611.405,45.054,2121.69,616.123
08037,46111,4864,509.659,8877.0,30.294,146.924,423.989,31.208,1180.677,362.735
08037,46112,119,127.282,521.0,20.044,46.502,70.3,3.845,475.707,80.78
08037,461121,102,120.657,466.0,17.932,44.648,68.857,3.691,459.798,76.009
08037,461122,7,2.11,21.0,0.651,0.767,0.532,0.055,4.163,1.343
08037,46113,78,46.265,220.0,4.895,10.16,50.952,3.209,95.84,36.105
08037,46115,67,33.393,121.0,1.274,3.769,3.719,0.55,103.26,29.624
08037,4612,302,88.568,540.0,3.674,39.551,35.803,4.403,180.954,49.017
08037,46121,302,88.568,540.0,3.674,39.551,35.803,4.403,180.954,49.017
08037,461213,101,9.272,176.0,0.675,1.698,6.877,0.95,10.867,7.574
08037,462,643,4898.144,15383.0,701.579,2040.878,2565.282,180.467,20044.453,2857.266
08037,4621,616,4019.682,13217.0,608.1,1854.913,2247.08,165.469,18708.301,2164.769
08037,46211,616,4019.682,13217.0,608.1,1854.913,2247.08,165.469,18708.301,2164.769
08037,464,678,414.831,2249.0,87.686,164.067,229.44,10.904,940.181,250.764
08037,4641,678,414.831,2249.0,87.686,164.067,229.44,10.904,940.181,250.764
08037,46411,495,345.036,1778.0,70.11,121.889,207.259,8.999,800.961,223.147
08037,467,597,663.848,2397.0,72.589,207.532,492.775,32.464,1625.602,456.316
08037,4671,597,663.848,2397.0,72.589,207.532,492.775,32.464,1625.602,456.316
08037,48-49,283,4544.746,11991.0,1057.934,3007.76,5441.999,863.953,3145.18,1536.986
08037,485,40,568.341,3156.0,131.255,370.95,429.512,85.288,377.288,197.391
09,31-33,31413,382160.708,361110.0,38989.106,267215.621,130839.752,9149.163,296000.156,114945.087
09,311,11105,92897.514,63552.0,4008.99,49550.454,18880.75,1387.734,51665.016,43347.06
09,3114,94,1197.598,2122.0,67.099,1038.323,256.545,15.604,1056.928,159.275
09,3115,924,8497.723,3517.0,194.308,5432.255,2186.431,169.435,5969.777,3065.468
09,31151,32,4548.436,1409.0,122.34,3505.914,1071.626,72.159,3564.63,1042.522
09,3116,78,2321.644,2209.0,160.996,1709.335,305.6,25.082,1822.443,612.309
09,31161,78,2321.644,2209.0,160.996,1709.335,305.6,25.082,1822.443,612.309
09,311612,10,592.242,222.0,20.362,458.43,26.431,2.911,522.494,133.812
09,311613,46,1285.0,1738.0,117.908,923.831,254.007,19.785,965.918,361.169
09,3118,9194,29114.711,40632.0,2353.868,16964.314,5396.34,424.173,17100.563,12150.397
09,31181,2870,16984.832,21663.0,1685.19,7819.371,3229.626,257.559,7898.826,9165.461
09,311811,13,12126.296,3725.0,906.036,4958.261,1176.097,60.831,4985.998,7168.035
09,311812,2857,4858.536,17938.0,779.154,2861.11,2053.529,196.728,2912.828,1997.426
09,31183,6274,4571.31,12996.0,369.805,2577.191,869.732,75.715,2590.611,1994.119
09,3119,390,32855.175,6723.0,495.752,9764.815,5136.028,364.382,10353.316,23090.36
09,31192,23,209.85,771.0,32.061,161.583,60.779,6.925,163.289,48.267
09,312,2056,27660.728,12308.0,1282.633,12871.502,13784.58,816.186,15171.844,14789.226
09,3121,2049,27658.962,12268.0,1282.496,12860.979,13765.301,815.388,15161.231,14797.983
09,31211,2030,16962.464,10616.0,644.517,7651.46,3501.637,220.851,7750.321,9311.004
09,325,655,107496.242,58073.0,10771.646,84724.741,33094.114,2230.705,99555.724,22771.501
09,3254,212,56810.845,33885.0,7086.859,44742.368,14475.226,1124.756,49474.503,12068.477
09,327,493,6073.504,8304.0,587.418,5408.511,9676.019,529.06,5821.804,664.993
09,3273,152,2559.037,3611.0,177.188,2395.204,6928.434,377.056,2491.645,163.833
09,3274,18,5.748,63.0,1.614,3.854,4.414,0.349,3.955,1.894
09,331,74,9111.635,2956.0,205.491,7235.193,4298.43,175.78,7480.629,1876.442
09,3312,31,1407.362,772.0,47.823,1229.565,258.276,21.391,1293.076,177.797
09,33122,18,669.586,246.0,16.589,612.107,23.137,2.352,665.998,57.479
09,43,15698,125854.177,211406.0,14185.137,56834.307,28719.225,3746.694,404263.038,69019.87
09,431,3156,30970.529,57898.0,3840.136,15358.805,6605.245,756.652,106621.286,15611.724
09,4311,2977,23738.958,47533.0,3113.188,13459.889,5504.953,611.261,92723.881,10279.069
09,43111,409,3919.835,8256.0,587.603,1406.504,705.744,80.846,18930.761,2513.331
09,43112,374,1519.247,3430.0,187.239,412.803,456.303,44.217,7692.336,1106.444
09,431121,121,735.799,1199.0,77.951,187.612,217.595,23.922,3706.798,548.187
09,431122,80,322.947,842.0,49.245,85.071,103.459,9.15,2189.682,237.876
09,43113,1555,2000.379,5950.0,194.408,5597.993,1032.09,106.796,12520.375,-3597.614
09,43114,47,141.315,399.0,16.909,61.146,51.183,8.027,1150.007,80.169
09,43116,155,5055.646,11054.0,487.362,2489.482,1376.359,167.365,18458.193,2566.164
09,43117,19,549.478,3038.0,181.491,204.132,155.787,14.774,1865.327,345.346
09,4312,179,7231.571,10365.0,726.948,1898.916,1100.292,145.391,13897.405,5332.655
09,43121,155,7091.02,10102.0,701.562,1840.789,888.879,118.088,13245.84,5250.231
09,431211,73,5187.108,6012.0,376.827,1101.672,231.301,30.462,8848.685,4085.436
09,433,1653,30842.175,40798.0,1919.092,10841.924,4437.346,641.167,98344.637,20000.251
09,4331,299,12796.717,13831.0,539.514,3747.788,1594.683,279.971,33666.601,9048.929
09,46,194923,124880.54,577322.0,13427.012,47265.025,65138.077,7014.533,366720.844,77615.515
09,461,82961,17983.176,156221.0,1723.349,4403.871,6573.769,510.236,39399.343,13579.305
09,4611,80683,16435.795,149978.0,1607.422,3673.205,6220.597,472.245,34481.596,12762.59
09,46111,40159,7466.93,72401.0,414.459,1493.833,2494.334,183.842,12888.887,5973.097
09,46112,12455,3399.487,22581.0,348.763,538.635,851.874,72.055,8425.699,2860.852
09,461121,6189,2119.779,12308.0,223.025,302.411,516.43,47.335,5048.821,1817.368
09,461122,5648,1126.437,8842.0,105.962,191.879,220.121,17.787,2975.134,934.558
09,46113,12610,2079.57,22409.0,223.26,559.946,1161.882,75.413,5460.134,1519.624
09,46115,2593,888.896,6563.0,134.38,161.589,281.374,25.694,2452.773,727.307
09,4612,2278,1547.381,6243.0,115.927,730.666,353.172,37.991,4917.747,816.715
09,46121,2234,1526.647,6084.0,108.817,724.006,331.014,36.611,4871.609,802.641
09,461213,1141,437.335,2362.0,30.412,118.425,60.24,5.876,982.258,318.91
09,462,2987,37424.243,81732.0,2106.138,13392.312,18763.748,1039.841,100482.474,24031.931
09,4621,2773,23121.071,51047.0,1313.806,8729.067,14906.584,856.007,78075.344,14392.004
09,46211,2773,23121.071,51047.0,1313.806,8729.067,14906.584,856.007,78075.344,14392.004
09,464,10472,8740.863,40743.0,1312.422,4396.962,2872.518,221.696,26372.469,4343.901
09,4641,10472,8740.863,40743.0,1312.422,4396.962,2872.518,221.696,26372.469,4343.901
09,46411,8224,6241.178,33027.0,1062.405,3091.386,2124.691,135.779,20135.101,3149.792
09,467,12620,6933.58,35984.0,1165.705,2068.976,8356.38,1583.686,16748.412,4864.604
09,4671,12620,6933.58,35984.0,1165.705,2068.976,8356.38,1583.686,16748.412,4864.604
09,48-49,1833,196254.36,173161.0,31013.597,131481.508,392506.227,28482.461,144075.445,64772.852
09,481,25,,,,,,,,
09,485,157,41064.254,58722.0,12832.826,28625.874,300686.312,17871.052,30539.961,12438.38
09,4852,73,33125.591,35395.0,5294.89,21129.785,17532.454,2240.147,22556.017,11995.806
10005,31-33,2235,11989.196,25806.0,1935.681,8620.093,5612.169,516.846,9183.742,3369.103
10005,311,630,936.866,2447.0,114.098,611.274,485.738,30.556,622.811,325.592
10005,3114,4,,,,,,,,
10005,3115,54,32.005,186.0,3.799,18.701,14.993,1.451,18.797,13.304
10005,31151,11,17.71,73.0,2.502,10.738,2.221,0.327,10.809,6.972
10005,3116,13,217.664,194.0,41.046,162.001,33.693,1.171,166.012,55.663
10005,31161,13,217.664,194.0,41.046,162.001,33.693,1.171,166.012,55.663
10005,311613,10,,,,,,,,
10005,3118,515,460.158,1875.0,60.675,285.455,359.267,21.632,290.594,174.703
10005,31181,252,,,,,,,,
10005,311812,252,,,,,,,,
10005,31183,261,227.602,796.0,17.568,136.448,84.814,7.145,138.342,91.154
10005,3119,22,183.737,104.0,6.653,114.245,29.839,2.624,116.357,69.492
10005,312,111,890.354,1189.0,165.167,699.145,479.019,24.419,757.246,191.209
10005,3121,111,890.354,1189.0,165.167,699.145,479.019,24.419,757.246,191.209
10005,31211,109,,,,,,,,
10005,325,11,428.189,78.0,0.725,353.32,2.266,0.282,361.509,74.869
10005,327,345,226.81,1335.0,33.055,162.588,474.438,24.586,190.323,64.222
10005,3273,10,100.439,121.0,2.513,93.822,398.727,18.991,121.462,6.617
10005,3274,11,1.275,27.0,0.024,0.564,1.227,0.107,0.565,0.711
10005,331,5,,,,,,,,
10005,3312,1,,,,,,,,
10005,33122,1,,,,,,,,
10005,43,640,2720.586,6382.0,424.597,1080.331,1404.392,113.703,9554.254,1640.255
10005,431,109,1326.202,2516.0,170.608,525.595,515.168,41.129,5272.521,800.607
10005,4311,94,955.487,2099.0,139.453,466.81,415.725,27.884,4584.791,488.677
10005,43111,20,161.691,232.0,22.174,114.169,82.483,2.083,1984.714,47.522
10005,43112,10,85.284,292.0,11.133,72.038,43.347,3.514,663.912,13.246
10005,431121,5,,,,,,,,
10005,431122,3,,,,,,,,
10005,43113,27,,,,,,,,
10005,43114,1,,,,,,,,
10005,43116,7,,,,,,,,
10005,43117,3,,,,,,,,
10005,4312,15,370.715,417.0,31.155,58.785,99.443,13.245,687.73,311.93
10005,43121,14,,,,,,,,
10005,431211,6,,,,,,,,
10005,433,49,78.298,200.0,8.054,76.674,7.049,0.992,172.804,1.624
10005,4331,14,,,,,,,,
10005,46,9150,5242.798,29175.0,684.431,1776.757,2842.042,259.612,18416.836,3466.041
10005,461,4310,833.164,8909.0,101.078,198.405,465.529,41.006,2208.18,634.759
10005,4611,4042,791.895,7975.0,96.634,187.065,447.845,39.595,1994.559,604.83
10005,46111,2611,356.015,4609.0,17.784,66.798,245.08,18.286,749.032,289.217
10005,46112,404,168.691,1041.0,23.89,48.708,88.518,9.094,604.667,119.983
10005,461121,335,152.755,904.0,22.316,44.952,75.994,7.556,567.944,107.803
10005,461122,45,,,,,,,,
10005,46113,253,83.339,678.0,13.259,23.717,34.409,3.97,176.983,59.622
10005,46115,56,52.142,271.0,20.969,14.676,19.366,3.375,189.172,37.466
10005,4612,268,41.269,934.0,4.444,11.34,17.684,1.41,213.621,29.929
10005,46121,267,,,,,,,,
10005,461213,46,2.311,64.0,0.212,0.305,1.875,0.15,3.454,2.006
10005,462,361,,,,,,,,
10005,4621,337,1227.016,3834.0,14.097,560.705,668.813,74.579,5952.041,666.311
10005,46211,337,1227.016,3834.0,14.097,560.705,668.813,74.579,5952.041,666.311
10005,464,406,350.285,1549.0,71.121,84.385,109.36,7.306,869.553,265.9
10005,4641,406,350.285,1549.0,71.121,84.385,109.36,7.306,869.553,265.9
10005,46411,327,326.351,1334.0,66.069,73.498,95.426,5.827,832.307,252.853
10005,467,495,392.063,1951.0,70.725,114.301,289.986,23.396,829.512,277.762
10005,4671,495,392.063,1951.0,70.725,114.301,289.986,23.396,829.512,277.762
10005,48-49,124,2061.296,7429.0,472.078,1304.556,2385.446,246.144,1349.248,756.74
10005,481,2,,,,,,,,
10005,485,41,658.07,3333.0,212.684,344.714,725.633,30.001,356.623,313.356
10005,4852,13,122.441,702.0,44.264,61.235,91.287,1.098,61.794,61.206
11011,31-33,374,3460.156,3604.0,300.214,2454.668,1181.155,73.271,2499.864,1005.488
11011,311,194,1449.394,1394.0,23.183,1274.723,427.524,10.118,1305.732,174.671
11011,3114,1,,,,,,,,
11011,3115,12,581.181,595.0,0.55,593.531,324.88,2.823,593.542,-12.35
11011,31151,6,579.451,584.0,0.506,592.994,324.209,2.763,593.004,-13.543
11011,3116,1,,,,,,,,
11011,31161,1,,,,,,,,
11011,3118,173,38.812,383.0,4.659,20.407,19.35,1.569,20.47,18.405
11011,31181,40,,,,,,,,
11011,311812,40,,,,,,,,
11011,31183,132,23.58,263.0,2.644,12.131,11.636,0.872,12.173,11.449
11011,3119,1,,,,,,,,
11011,312,9,120.183,89.0,7.271,81.736,51.993,3.429,88.269,38.447
11011,3121,9,120.183,89.0,7.271,81.736,51.993,3.429,88.269,38.447
11011,31211,9,120.183,89.0,7.271,81.736,51.993,3.429,88.269,38.447
11011,327,6,8.822,20.0,0.705,6.72,3.92,0.225,6.843,2.102
11011,3273,4,,,,,,,,
11011,43,117,1090.039,1344.0,137.666,362.951,194.958,17.577,2060.992,727.088
11011,431,18,977.851,857.0,102.264,294.365,89.748,8.176,1605.096,683.486
11011,4311,15,175.052,532.0,29.722,87.126,65.615,5.107,529.611,87.926
11011,43111,3,,,,,,,,
11011,43112,1,,,,,,,,
11011,431122,1,,,,,,,,
11011,43113,1,,,,,,,,
11011,43117,1,,,,,,,,
11011,4312,3,802.799,325.0,72.542,207.239,24.133,3.07,1075.485,595.56
11011,43121,3,802.799,325.0,72.542,207.239,24.133,3.07,1075.485,595.56
11011,431211,2,,,,,,,,
11011,433,2,,,,,,,,
11011,46,1886,427.384,4060.0,57.729,111.853,295.657,23.983,1267.318,315.531
11011,461,940,122.82,1752.0,10.953,21.421,78.326,5.364,220.432,101.399
11011,4611,893,118.434,1682.0,10.452,20.335,76.269,5.236,211.754,98.099
11011,46111,604,50.11,1049.0,4.028,10.379,55.715,3.482,95.132,39.731
11011,46112,106,33.82,261.0,3.465,4.185,10.652,0.955,63.398,29.635
11011,461121,74,31.574,213.0,3.33,3.676,9.461,0.861,57.849,27.898
11011,461122,30,,,,,,,,
11011,46113,85,13.905,174.0,0.613,2.943,4.427,0.411,24.392,10.962
11011,46115,21,9.125,57.0,0.756,1.171,1.846,0.127,10.873,7.954
11011,4612,47,4.386,70.0,0.501,1.086,2.057,0.128,8.678,3.3
11011,46121,47,4.386,70.0,0.501,1.086,2.057,0.128,8.678,3.3
11011,461213,12,0.907,20.0,0.289,0.117,0.508,0.033,1.35,0.79
11011,462,19,,,,,,,,
11011,4621,15,87.826,320.0,6.29,44.675,88.112,6.572,470.846,43.151
11011,46211,15,87.826,320.0,6.29,44.675,88.112,6.572,470.846,43.151
11011,464,61,41.67,204.0,8.412,7.259,16.945,3.065,108.122,34.411
11011,4641,61,41.67,204.0,8.412,7.259,16.945,3.065,108.122,34.411
11011,46411,55,40.849,191.0,8.288,6.702,16.636,3.031,106.25,34.147
11011,467,114,10.479,216.0,2.668,3.225,26.137,2.165,32.396,7.254
11011,4671,114,10.479,216.0,2.668,3.225,26.137,2.165,32.396,7.254
11011,48-49,9,452.894,498.0,7.888,276.891,673.617,122.344,282.969,176.003
11011,485,3,4.612,32.0,1.346,2.67,15.901,3.686,2.835,1.942
11020,31-33,10246,68435.2,135257.0,8383.175,48937.435,25926.883,2249.115,50810.469,19497.765
11020,311,1637,4777.179,7979.0,366.176,3437.688,1521.59,112.866,3685.502,1339.491
11020,3114,17,34.197,129.0,4.069,22.762,16.573,1.955,23.257,11.435
11020,3115,169,1500.928,1085.0,70.663,1346.083,497.262,27.555,1454.672,154.845
11020,31151,16,1457.325,740.0,66.069,1320.614,475.371,25.816,1428.993,136.711
11020,3116,22,780.17,650.0,53.845,561.063,116.95,9.22,602.042,219.107
11020,31161,22,780.17,650.0,53.845,561.063,116.95,9.22,602.042,219.107
11020,311612,3,,,,,,,,
11020,311613,10,675.482,308.0,31.811,532.004,61.437,7.109,572.48,143.478
11020,3118,1320,1147.278,4982.0,147.198,626.278,633.195,49.516,634.81,521.0
11020,31181,509,419.681,2502.0,74.93,236.252,371.12,28.041,239.303,183.429
11020,311812,509,419.681,2502.0,74.93,236.252,371.12,28.041,239.303,183.429
11020,31183,803,714.172,2447.0,71.437,387.76,259.311,21.261,393.239,326.412
11020,3119,74,824.18,561.0,50.64,562.258,109.482,10.438,610.53,261.922
11020,312,112,2876.801,2145.0,206.367,1957.416,2709.9,99.871,1993.932,919.385
11020,3121,112,2876.801,2145.0,206.367,1957.416,2709.9,99.871,1993.932,919.385
11020,31211,105,,,,,,,,
11020,325,169,1424.349,2256.0,211.038,993.763,256.871,32.895,1017.263,430.586
11020,3254,5,3.568,25.0,1.462,5.692,4.095,0.406,5.715,-2.124
11020,327,255,1398.451,2244.0,131.897,1064.066,1365.96,94.994,1137.613,334.385
11020,3273,58,1041.735,1249.0,86.298,813.552,1161.251,78.072,881.495,228.183
11020,3274,17,1.789,39.0,0.058,0.92,0.495,0.051,0.921,0.869
11020,331,12,83.267,125.0,8.163,65.624,18.736,1.708,66.211,17.643
11020,3312,4,,,,,,,,
11020,33122,3,,,,,,,,
11020,43,3550,11601.415,27282.0,1807.897,3839.817,4966.713,486.17,38400.211,7761.598
11020,431,403,3718.038,7104.0,515.157,1428.315,1097.525,115.276,10880.139,2289.723
11020,4311,366,2765.01,5741.0,351.558,1150.463,797.501,87.353,9086.869,1614.547
11020,43111,53,253.825,864.0,26.516,104.095,160.105,18.226,1647.814,149.73
11020,43112,45,280.889,425.0,27.74,78.845,66.846,8.197,860.727,202.044
11020,431121,29,118.544,187.0,10.539,18.486,20.762,2.244,340.154,100.058
11020,431122,6,,,,,,,,
11020,43113,167,158.848,759.0,27.981,41.228,98.241,10.104,448.452,117.62
11020,43114,8,,,,,,,,
11020,43116,23,684.434,1294.0,54.787,415.242,225.496,29.61,2619.074,269.192
11020,43117,5,,,,,,,,
11020,4312,37,953.028,1363.0,163.599,277.852,300.024,27.924,1793.27,675.176
11020,43121,30,,,,,,,,
11020,431211,19,388.959,705.0,73.199,89.556,70.128,6.592,503.667,299.403
11020,433,158,1429.159,2329.0,130.115,221.378,149.373,19.605,6472.035,1207.781
11020,4331,47,1227.341,1296.0,74.531,125.655,86.326,11.783,5844.569,1101.686
11020,46,28613,14316.793,83704.0,1892.957,4890.136,6831.462,599.427,42970.724,9426.657
11020,461,12900,2489.594,26501.0,285.423,545.007,1223.213,104.054,5395.714,1944.587
11020,4611,12026,2229.055,24661.0,257.685,469.397,1126.154,90.991,4857.931,1759.658
11020,46111,7996,1051.711,15154.0,60.883,203.945,652.528,47.156,2243.463,847.766
11020,46112,1396,531.418,3580.0,91.157,104.799,188.237,17.195,1330.233,426.619
11020,461121,1013,421.619,2898.0,78.233,78.154,155.141,14.631,952.563,343.465
11020,461122,266,38.21,437.0,5.883,7.126,13.459,1.41,113.658,31.084
11020,46113,1011,261.163,2272.0,36.545,66.567,115.584,10.121,496.605,194.596
11020,46115,201,90.069,674.0,14.726,20.377,30.03,3.205,206.726,69.692
11020,4612,874,260.539,1840.0,27.738,75.61,97.059,13.063,537.783,184.929
11020,46121,871,259.482,1834.0,27.38,75.03,96.895,13.043,536.103,184.452
11020,461213,232,90.092,442.0,3.805,26.968,39.688,7.89,118.687,63.124
11020,462,369,3511.098,10222.0,225.083,1248.093,1687.713,115.61,10398.552,2263.005
11020,4621,338,2107.121,5737.0,63.357,916.849,1343.756,97.925,8484.82,1190.272
11020,46211,338,2107.121,5737.0,63.357,916.849,1343.756,97.925,8484.82,1190.272
11020,464,1172,816.102,4468.0,168.326,291.256,282.174,16.258,2247.178,524.846
11020,4641,1172,816.102,4468.0,168.326,291.256,282.174,16.258,2247.178,524.846
11020,46411,984,754.925,4030.0,158.307,261.446,253.673,13.645,2134.103,493.479
11020,467,1801,1141.322,5638.0,209.089,288.533,678.409,81.184,2666.465,852.789
11020,4671,1801,1141.322,5638.0,209.089,288.533,678.409,81.184,2666.465,852.789
11020,48-49,223,13064.169,20679.0,2138.622,6134.559,7162.978,1040.395,6261.218,6929.61
11020,485,64,10717.615,12059.0,1684.383,4559.458,5238.362,867.35,4647.376,6158.157
11020,4852,37,9737.368,8742.0,1421.081,4039.541,4140.208,658.431,4090.4,5697.827
12001,31-33,2518,2875.434,6906.0,196.782,1909.911,1112.088,86.763,2146.896,965.523
12001,311,1137,1708.683,2678.0,64.344,959.288,319.222,23.837,1145.4,749.395
12001,3114,3,,,,,,,,
12001,3115,46,1074.494,201.0,8.756,624.39,172.982,11.186,808.258,450.104
12001,31151,4,0.816,119.0,1.952,22.47,62.079,2.865,22.684,-21.654
12001,3116,8,4.817,68.0,1.118,2.64,2.413,0.143,2.657,2.177
12001,31161,8,4.817,68.0,1.118,2.64,2.413,0.143,2.657,2.177
12001,311613,3,,,,,,,,
12001,3118,1039,622.397,2299.0,53.753,326.833,141.875,12.326,329.047,295.564
12001,31181,200,,,,,,,,
12001,311812,200,,,,,,,,
12001,31183,838,563.792,1739.0,44.901,292.958,122.626,10.775,295.01,270.834
12001,3119,22,3.6,44.0,0.645,2.263,0.651,0.089,2.273,1.337
12001,312,183,585.67,1379.0,79.061,364.857,224.053,13.206,412.043,220.813
12001,3121,183,585.67,1379.0,79.061,364.857,224.053,13.206,412.043,220.813
12001,31211,183,585.67,1379.0,79.061,364.857,224.053,13.206,412.043,220.813
12001,325,10,5.624,33.0,1.448,3.113,8.907,0.346,3.413,2.511
12001,327,70,349.575,370.0,17.232,269.87,431.716,37.082,272.279,79.705
12001,3273,40,338.211,292.0,16.181,262.119,426.752,36.477,264.411,76.092
12001,3274,6,0.379,13.0,0.0,0.184,0.07,0.004,0.184,0.195
12001,43,708,3648.527,8390.0,721.853,1362.327,1331.928,110.869,10301.536,2286.2
12001,431,117,2700.514,5222.0,491.645,996.572,696.359,64.43,7675.588,1703.942
12001,4311,93,1668.654,3034.0,207.408,751.6,305.922,33.889,5929.13,917.054
12001,43111,40,182.533,645.0,29.947,141.954,49.68,4.883,2537.131,40.579
12001,43112,5,25.575,35.0,1.092,5.074,1.495,0.242,89.013,20.501
12001,431121,4,,,,,,,,
12001,431122,1,,,,,,,,
12001,43113,6,0.872,17.0,0.053,0.407,0.147,0.01,2.406,0.465
12001,43114,5,,,,,,,,
12001,43116,10,627.455,735.0,23.81,359.69,193.167,21.274,1799.019,267.765
12001,43117,4,,,,,,,,
12001,4312,24,1031.86,2188.0,284.237,244.972,390.437,30.542,1746.458,786.888
12001,43121,23,,,,,,,,
12001,431211,15,712.339,1360.0,159.772,174.404,245.271,12.735,899.207,537.935
12001,433,61,110.93,297.0,9.84,48.514,20.25,2.541,188.584,62.416
12001,4331,18,74.002,83.0,3.046,39.731,1.86,0.193,129.616,34.271
12001,46,14979,6768.338,40292.0,739.039,2641.412,4052.078,353.928,22405.351,4126.926
12001,461,8123,738.765,13621.0,58.548,208.667,354.25,25.309,1827.066,530.098
12001,4611,7789,673.518,13073.0,56.573,176.209,340.18,24.02,1637.995,497.309
12001,46111,5394,382.747,8861.0,18.893,97.439,245.649,15.146,719.777,285.308
12001,46112,1053,138.452,1726.0,9.482,25.523,38.306,3.143,463.322,112.929
12001,461121,438,65.496,727.0,3.957,13.628,17.872,1.648,252.27,51.868
12001,461122,387,56.127,640.0,4.732,7.879,13.05,0.897,170.935,48.248
12001,46113,617,78.032,1142.0,6.196,25.541,16.059,1.254,176.416,52.491
12001,46115,152,23.934,317.0,14.409,11.279,13.41,2.654,170.343,12.655
12001,4612,334,65.247,548.0,1.975,32.458,14.07,1.289,189.071,32.789
12001,46121,332,,,,,,,,
12001,461213,255,34.273,383.0,0.806,11.795,4.636,0.369,46.65,22.478
12001,462,296,2980.56,7859.0,195.069,1201.236,1781.554,107.107,9803.888,1779.324
12001,4621,273,2179.834,5557.0,113.319,975.224,1570.729,94.683,8317.481,1204.61
12001,46211,273,2179.834,5557.0,113.319,975.224,1570.729,94.683,8317.481,1204.61
12001,464,526,334.712,1937.0,63.277,148.471,42.189,3.997,839.241,186.241
12001,4641,526,334.712,1937.0,63.277,148.471,42.189,3.997,839.241,186.241
12001,46411,417,284.112,1688.0,58.346,116.79,30.928,2.636,735.126,167.322
12001,467,532,508.192,1860.0,65.479,130.922,302.473,24.505,914.901,377.27
12001,4671,532,508.192,1860.0,65.479,130.922,302.473,24.505,914.901,377.27
12001,48-49,110,313.747,1774.0,130.338,135.976,254.328,40.83,143.139,177.771
12001,485,17,80.985,622.0,4.232,68.663,68.802,15.424,69.292,12.322
12001,4852,2,,,,,,,,
12035,31-33,676,1132.505,3368.0,82.71,787.537,262.653,24.625,821.141,344.968
12035,311,245,415.045,758.0,13.586,301.482,70.212,5.194,303.905,113.563
12035,3114,2,,,,,,,,
12035,3115,20,,,,,,,,
12035,31151,9,,,,,,,,
12035,3116,2,,,,,,,,
12035,31161,2,,,,,,,,
12035,3118,216,75.348,610.0,9.099,43.497,28.746,2.345,43.756,31.851
12035,31181,58,16.638,190.0,2.248,10.952,7.179,0.635,10.977,5.686
12035,311812,58,16.638,190.0,2.248,10.952,7.179,0.635,10.977,5.686
12035,31183,158,58.71,420.0,6.851,32.545,21.567,1.71,32.779,26.165
12035,3119,2,,,,,,,,
12035,312,70,391.976,405.0,28.65,252.745,67.324,5.793,280.234,139.231
12035,3121,70,391.976,405.0,28.65,252.745,67.324,5.793,280.234,139.231
12035,31211,70,391.976,405.0,28.65,252.745,67.324,5.793,280.234,139.231
12035,325,4,,,,,,,,
12035,327,47,151.757,296.0,10.803,111.32,81.306,8.727,113.483,40.437
12035,3273,12,,,,,,,,
12035,3274,2,,,,,,,,
12035,331,1,,,,,,,,
12035,43,180,879.206,1820.0,193.316,327.214,390.904,24.83,1987.781,551.992
12035,431,25,649.504,1116.0,109.857,187.876,144.07,11.842,1150.049,461.628
12035,4311,18,347.206,541.0,46.604,115.989,30.675,4.053,706.267,231.217
12035,43111,4,22.824,64.0,4.599,6.363,2.958,0.186,182.656,16.461
12035,43113,4,,,,,,,,
12035,43116,4,,,,,,,,
12035,4312,7,302.298,575.0,63.253,71.887,113.395,7.789,443.782,230.411
12035,43121,6,,,,,,,,
12035,431211,4,,,,,,,,
12035,433,17,10.7,79.0,2.896,44.901,2.315,0.22,75.291,-34.201
12035,4331,3,,,,,,,,
12035,46,4015,1193.919,9484.0,150.224,339.564,733.354,52.821,4086.132,854.355
12035,461,1864,246.312,3267.0,19.154,52.111,98.102,7.011,530.071,194.201
12035,4611,1726,233.225,3051.0,18.346,48.693,90.84,6.553,506.995,184.532
12035,46111,1052,95.891,1839.0,7.708,23.094,55.796,3.814,233.909,72.797
12035,46112,257,51.272,415.0,2.431,5.739,12.655,0.911,104.291,45.533
12035,461121,144,36.164,253.0,0.879,3.198,8.855,0.633,67.055,32.966
12035,461122,99,13.726,140.0,1.518,2.207,3.333,0.25,34.343,11.519
12035,46113,218,40.205,429.0,3.484,11.503,9.851,0.639,84.144,28.702
12035,46115,63,21.758,128.0,1.774,4.515,5.412,0.502,40.454,17.243
12035,4612,138,13.087,216.0,0.808,3.418,7.262,0.458,23.076,9.669
12035,46121,138,13.087,216.0,0.808,3.418,7.262,0.458,23.076,9.669
12035,461213,57,2.816,86.0,0.093,0.693,2.649,0.175,4.486,2.123
12035,462,41,,,,,,,,
12035,4621,36,278.675,695.0,13.364,112.055,291.38,13.919,1211.662,166.62
12035,46211,36,278.675,695.0,13.364,112.055,291.38,13.919,1211.662,166.62
12035,464,121,107.518,578.0,23.736,19.927,16.221,1.688,259.072,87.591
12035,4641,121,107.518,578.0,23.736,19.927,16.221,1.688,259.072,87.591
12035,46411,102,101.827,535.0,22.77,17.693,14.042,1.365,250.669,84.134
12035,467,154,42.369,397.0,7.597,11.872,23.654,2.457,73.564,30.497
12035,4671,154,42.369,397.0,7.597,11.872,23.654,2.457,73.564,30.497
12035,48-49,26,303.289,991.0,44.221,136.082,179.78,41.837,137.793,167.207
12035,485,5,,,,,,,,
12035,4852,2,,,,,,,,
13077,31-33,783,1118.077,3813.0,158.582,741.358,1836.507,118.065,751.964,376.719
13077,311,306,209.07,877.0,19.251,126.498,55.996,5.375,127.749,82.572
13077,3114,3,0.15,3.0,0.0,0.09,0.027,0.003,0.09,0.06
13077,3115,37,85.27,138.0,3.711,56.116,14.702,1.589,56.392,29.154
13077,31151,15,80.832,97.0,3.331,53.925,12.697,1.422,54.194,26.907
13077,3116,3,,,,,,,,
13077,31161,3,,,,,,,,
13077,311613,2,,,,,,,,
13077,3118,248,105.658,654.0,12.863,58.973,33.258,3.114,59.636,46.685
13077,31181,111,45.49,348.0,6.627,24.56,12.379,1.354,25.062,20.93
13077,311812,111,45.49,348.0,6.627,24.56,12.379,1.354,25.062,20.93
13077,31183,137,60.168,306.0,6.236,34.413,20.879,1.76,34.574,25.755
13077,3119,4,9.726,26.0,0.925,7.096,4.914,0.454,7.405,2.63
13077,312,44,22.231,188.0,8.26,9.813,29.589,1.448,11.538,12.418
13077,3121,44,22.231,188.0,8.26,9.813,29.589,1.448,11.538,12.418
13077,31211,43,,,,,,,,
13077,325,3,4.82,15.0,1.253,3.067,1.953,0.29,3.261,1.753
13077,3254,1,,,,,,,,
13077,327,56,36.54,221.0,16.62,18.637,8.675,0.659,21.243,17.903
13077,3273,25,4.651,50.0,0.847,2.402,0.955,0.089,2.75,2.249
13077,43,310,885.18,2284.0,135.036,370.052,200.504,29.279,2869.499,515.128
13077,431,109,572.146,1259.0,98.033,189.656,101.812,14.828,1602.22,382.49
13077,4311,102,448.502,911.0,67.626,159.403,61.221,8.105,1312.162,289.099
13077,43111,18,75.345,255.0,8.382,23.709,15.149,2.039,626.044,51.636
13077,43112,4,,,,,,,,
13077,431121,3,,,,,,,,
13077,43113,58,13.322,176.0,3.166,7.979,11.207,1.333,55.012,5.343
13077,43114,1,,,,,,,,
13077,43116,2,,,,,,,,
13077,4312,7,123.644,348.0,30.407,30.253,40.591,6.723,290.058,93.391
13077,43121,7,123.644,348.0,30.407,30.253,40.591,6.723,290.058,93.391
13077,431211,5,,,,,,,,
13077,433,11,5.061,34.0,0.739,1.306,3.415,0.307,10.036,3.755
13077,4331,3,,,,,,,,
13077,46,4120,1304.492,9370.0,190.674,395.462,648.189,51.937,4462.811,909.03
13077,461,1908,214.928,3212.0,23.934,53.558,136.82,12.165,594.714,161.37
13077,4611,1852,208.141,3119.0,23.109,52.436,134.179,11.994,579.778,155.705
13077,46111,1095,77.426,1691.0,4.434,16.977,46.853,3.585,161.382,60.449
13077,46112,252,45.319,465.0,5.678,11.231,39.753,1.988,116.377,34.088
13077,461121,107,19.131,224.0,2.799,4.883,9.724,0.819,46.107,14.248
13077,461122,135,20.397,207.0,1.876,5.111,29.66,1.119,60.042,15.286
13077,46113,220,23.922,402.0,1.849,8.939,13.499,1.071,65.554,14.983
13077,46115,55,9.312,103.0,1.147,3.369,4.237,0.442,40.734,5.943
13077,4612,56,6.787,93.0,0.825,1.122,2.641,0.171,14.936,5.665
13077,46121,56,6.787,93.0,0.825,1.122,2.641,0.171,14.936,5.665
13077,461213,9,2.163,16.0,0.138,0.086,0.623,0.042,2.217,2.077
13077,462,72,375.561,941.0,30.177,110.355,233.102,10.327,1472.931,265.206
13077,4621,66,294.683,744.0,22.784,96.314,217.784,9.135,1324.742,198.369
13077,46211,66,294.683,744.0,22.784,96.314,217.784,9.135,1324.742,198.369
13077,464,190,78.346,572.0,18.749,32.366,20.94,1.796,229.122,45.98
13077,4641,190,78.346,572.0,18.749,32.366,20.94,1.796,229.122,45.98
13077,46411,168,71.688,517.0,17.69,30.008,19.75,1.647,219.627,41.68
13077,467,277,108.737,718.0,25.976,27.857,47.822,6.098,351.947,80.88
13077,4671,277,108.737,718.0,25.976,27.857,47.822,6.098,351.947,80.88
13077,48-49,29,388.921,2218.0,70.472,213.754,327.24,23.277,227.617,175.167
13077,485,11,266.608,2000.0,53.827,138.185,233.813,8.849,150.104,128.423
13077,4852,1,,,,,,,,
14039,31-33,8256,103544.939,108945.0,10301.646,74371.672,27813.524,2211.495,83094.373,29173.267
14039,311,2078,28636.758,25890.0,2495.726,22331.797,7191.318,467.172,28633.1,6304.961
14039,3114,31,1384.792,775.0,89.001,1239.294,215.299,13.412,1258.33,145.498
14039,3115,311,5121.883,5026.0,675.882,4104.395,1809.503,97.494,4191.572,1017.488
14039,31151,22,4610.974,4306.0,664.694,3803.899,1620.189,86.147,3822.768,807.075
14039,3116,36,2827.305,6241.0,789.782,1778.43,774.863,63.722,1810.316,1048.875
14039,31161,36,2827.305,6241.0,789.782,1778.43,774.863,63.722,1810.316,1048.875
14039,311612,6,,,,,,,,
14039,311613,19,2511.132,5606.0,757.775,1569.621,588.569,49.044,1599.577,941.511
14039,3118,1364,1599.671,5421.0,168.23,1086.949,641.798,50.95,1112.566,512.722
14039,31181,603,762.817,2800.0,115.006,464.673,305.607,26.935,484.778,298.144
14039,311811,1,,,,,,,,
14039,311812,602,,,,,,,,
14039,31183,746,562.877,2169.0,48.372,347.562,208.147,17.917,350.126,215.315
14039,3119,190,1278.881,1639.0,128.346,978.654,333.125,22.994,984.845,300.227
14039,31192,5,,,,,,,,
14039,312,380,9264.762,4392.0,630.932,3874.683,2954.367,176.943,4173.706,5390.079
14039,3121,380,9264.762,4392.0,630.932,3874.683,2954.367,176.943,4173.706,5390.079
14039,31211,348,2692.753,2396.0,158.78,951.903,677.504,74.029,987.997,1740.85
14039,325,221,18260.561,11477.0,2357.063,13533.437,4565.296,458.238,13965.563,4727.124
14039,3254,56,13954.37,7743.0,1964.693,10293.23,3378.033,345.189,10610.8,3661.14
14039,327,108,803.834,1219.0,78.254,620.621,1006.995,61.832,643.759,183.213
14039,3273,20,249.86,449.0,30.78,216.573,426.889,22.133,218.901,33.287
14039,3274,9,29.315,51.0,3.079,11.223,7.845,0.879,11.229,18.092
14039,331,33,8303.489,2565.0,123.74,6224.822,1048.577,59.886,6264.961,2078.667
14039,3312,11,3099.836,1280.0,44.497,2523.806,126.732,9.045,2536.275,576.03
14039,33122,9,,,,,,,,
14039,43,5193,20530.117,50197.0,4137.82,7121.563,7471.611,813.915,70375.566,13408.554
14039,431,1184,6451.728,14763.0,1054.839,2433.222,1621.197,195.705,24181.12,4018.506
14039,4311,1129,5896.278,12727.0,921.736,2274.878,1373.687,176.085,23194.744,3621.4
14039,43111,182,908.685,2483.0,134.174,385.249,229.998,32.365,6455.638,523.436
14039,43112,61,373.046,1166.0,83.956,134.154,145.755,15.043,1290.242,238.892
14039,431121,44,271.492,701.0,53.716,90.431,98.911,12.421,874.152,181.061
14039,431122,9,61.684,394.0,26.139,21.876,30.692,1.412,300.98,39.808
14039,43113,611,1324.406,3232.0,143.822,542.423,486.363,63.599,5271.478,781.983
14039,43114,13,,,,,,,,
14039,43116,22,79.591,770.0,57.309,42.955,68.968,7.644,430.523,36.636
14039,43117,8,,,,,,,,
14039,4312,55,555.45,2036.0,133.103,158.344,247.51,19.619,986.376,397.106
14039,43121,54,,,,,,,,
14039,431211,21,419.88,1741.0,113.166,115.937,168.873,11.585,734.671,303.943
14039,433,593,2085.808,5728.0,371.617,559.997,1183.271,63.309,6803.416,1525.811
14039,4331,109,950.791,2223.0,148.74,157.527,128.772,19.369,2956.161,793.264
14039,46,37628,21149.012,120414.0,3130.356,8286.824,18774.643,1810.325,67463.468,12862.188
14039,461,14481,3628.656,31229.0,395.561,972.079,1672.3,141.092,9684.628,2656.577
14039,4611,13590,3363.911,29190.0,375.961,837.398,1492.421,125.145,8770.773,2526.513
14039,46111,7487,1304.536,13990.0,48.061,277.026,698.625,47.404,2373.126,1027.51
14039,46112,1630,721.988,4369.0,107.076,157.181,300.367,26.309,2282.133,564.807
14039,461121,928,490.768,3013.0,83.591,114.885,253.928,21.775,1569.698,375.883
14039,461122,552,190.921,988.0,14.527,29.242,30.705,2.764,614.576,161.679
14039,46113,1878,457.839,3864.0,41.899,160.118,117.973,13.411,1636.671,297.721
14039,46115,554,281.437,1622.0,34.192,59.509,112.906,11.865,832.784,221.928
14039,4612,891,264.745,2039.0,19.6,134.681,179.879,15.947,913.855,130.064
14039,46121,882,262.406,2025.0,19.282,133.444,179.528,15.905,910.179,128.962
14039,461213,198,28.596,360.0,2.962,12.038,15.697,1.269,50.378,16.558
14039,462,498,3064.856,10406.0,198.203,1409.603,2487.533,183.645,11582.161,1655.253
14039,4621,460,1921.369,6237.0,89.616,1014.837,1566.8,137.633,9494.933,906.532
14039,46211,460,1921.369,6237.0,89.616,1014.837,1566.8,137.633,9494.933,906.532
14039,464,2103,1930.442,8916.0,403.688,740.257,833.2,74.501,5321.51,1190.185
14039,4641,2103,1930.442,8916.0,403.688,740.257,833.2,74.501,5321.51,1190.185
14039,46411,1597,1724.532,7481.0,352.915,652.217,739.09,65.187,4908.74,1072.315
14039,467,2639,1843.108,8887.0,348.935,578.598,1500.87,224.208,4836.595,1264.51
14039,4671,2639,1843.108,8887.0,348.935,578.598,1500.87,224.208,4836.595,1264.51
14039,48-49,408,7770.127,17123.0,1399.337,4853.716,5746.674,848.796,5029.407,2916.411
14039,481,1,,,,,,,,
14039,485,42,1834.47,5524.0,511.661,980.247,3350.035,473.926,1043.986,854.223
14039,4852,17,655.641,2034.0,182.069,350.724,792.375,139.089,383.139,304.917
14093,31-33,703,4092.435,5516.0,261.762,3193.176,1120.544,82.43,3660.741,899.259
14093,311,188,2352.338,1636.0,74.46,1943.966,600.846,37.335,2304.418,408.372
14093,3114,2,,,,,,,,
14093,3115,32,285.575,296.0,22.125,267.87,123.784,9.216,309.614,17.705
14093,31151,12,277.759,243.0,21.632,264.523,116.236,8.67,306.161,13.236
14093,3116,6,,,,,,,,
14093,31161,6,,,,,,,,
14093,311613,3,,,,,,,,
14093,3118,111,126.004,428.0,13.956,79.863,41.665,3.71,80.375,46.141
14093,31181,46,42.882,188.0,4.728,23.236,21.48,1.815,23.537,19.646
14093,311812,46,42.882,188.0,4.728,23.236,21.48,1.815,23.537,19.646
14093,31183,65,83.122,240.0,9.228,56.627,20.185,1.895,56.838,26.495
14093,3119,13,506.787,242.0,6.381,445.439,128.295,1.095,448.652,61.348
14093,312,21,240.148,362.0,4.605,201.522,145.675,11.099,236.257,38.626
14093,3121,21,240.148,362.0,4.605,201.522,145.675,11.099,236.257,38.626
14093,31211,15,11.799,72.0,2.724,5.546,10.718,0.936,5.714,6.253
14093,325,7,144.334,245.0,32.359,70.982,26.856,1.765,71.426,73.352
14093,3254,2,,,,,,,,
14093,327,29,112.236,163.0,0.559,104.668,94.004,6.489,105.242,7.568
14093,3273,4,,,,,,,,
14093,3274,4,0.686,10.0,0.038,0.447,0.004,0.0,0.447,0.239
14093,331,1,,,,,,,,
14093,3312,1,,,,,,,,
14093,43,277,1181.751,2923.0,175.376,506.549,834.327,100.341,4357.313,675.202
14093,431,58,661.513,1541.0,108.295,229.663,405.962,37.56,2272.035,431.85
14093,4311,48,518.27,1141.0,81.226,176.268,272.274,25.193,1950.467,342.002
14093,43111,14,16.483,121.0,5.674,7.017,25.001,1.492,160.538,9.466
14093,43112,2,,,,,,,,
14093,431121,1,,,,,,,,
14093,43114,2,,,,,,,,
14093,43116,10,119.934,321.0,22.414,26.948,96.342,3.923,787.861,92.986
14093,43117,2,,,,,,,,
14093,4312,10,143.243,400.0,27.069,53.395,133.688,12.368,321.568,89.848
14093,43121,8,,,,,,,,
14093,431211,2,,,,,,,,
14093,433,11,10.617,68.0,1.556,127.391,17.22,1.18,163.794,-116.774
14093,4331,5,8.423,49.0,1.035,126.587,16.278,0.946,154.973,-118.164
14093,46,2815,909.666,7563.0,167.071,277.033,750.845,58.766,3244.52,632.633
14093,461,1277,220.737,2817.0,25.053,63.146,127.15,11.964,648.297,157.591
14093,4611,1206,200.732,2648.0,23.298,58.226,121.301,11.348,608.705,142.506
14093,46111,824,101.701,1690.0,7.332,24.43,62.716,4.884,236.076,77.271
14093,46112,144,43.653,375.0,8.269,15.143,29.111,2.873,191.044,28.51
14093,461121,102,28.196,272.0,5.791,8.276,18.488,1.858,81.734,19.92
14093,461122,25,3.039,48.0,0.343,0.863,2.854,0.282,8.804,2.176
14093,46113,73,17.331,185.0,1.485,4.645,6.402,0.758,41.296,12.686
14093,46115,22,13.623,71.0,2.06,7.73,10.021,0.95,94.259,5.893
14093,4612,71,20.005,169.0,1.755,4.92,5.849,0.616,39.592,15.085
14093,46121,71,20.005,169.0,1.755,4.92,5.849,0.616,39.592,15.085
14093,461213,12,0.512,21.0,0.086,0.155,0.727,0.046,1.546,0.357
14093,462,43,,,,,,,,
14093,4621,41,,,,,,,,
14093,46211,41,,,,,,,,
14093,464,127,84.935,657.0,30.289,22.522,45.788,2.616,437.309,62.413
14093,4641,127,84.935,657.0,30.289,22.522,45.788,2.616,437.309,62.413
14093,46411,107,82.388,622.0,29.714,21.328,44.21,2.409,432.048,61.06
14093,467,184,52.985,510.0,14.976,12.295,46.21,5.795,147.512,40.69
14093,4671,184,52.985,510.0,14.976,12.295,46.21,5.795,147.512,40.69
14093,48-49,32,423.759,727.0,37.851,362.254,381.846,85.769,376.396,61.505
14093,485,4,79.776,54.0,3.256,74.777,22.443,3.465,75.177,4.999
14093,4852,1,,,,,,,,
15106,31-33,3513,186637.99,68318.0,7046.187,136940.855,60730.319,3221.864,141152.044,49697.135
15106,311,1517,29404.367,14050.0,1596.533,14812.485,6748.014,540.217,15866.249,14591.882
15106,3114,4,,,,,,,,
15106,3115,68,813.277,316.0,24.043,656.155,89.163,7.825,656.167,157.122
15106,31151,2,,,,,,,,
15106,3116,6,212.582,182.0,41.177,156.959,30.454,0.691,160.87,55.623
15106,31161,6,212.582,182.0,41.177,156.959,30.454,0.691,160.87,55.623
15106,311613,3,209.645,148.0,40.244,156.143,27.62,0.508,160.049,53.502
15106,3118,1360,11108.301,8313.0,745.815,5340.127,1825.261,132.344,5926.823,5768.174
15106,31181,386,7590.058,3199.0,465.771,2705.011,743.14,46.924,2710.497,4885.047
15106,311811,3,,,,,,,,
15106,311812,383,,,,,,,,
15106,31183,968,275.821,1830.0,15.943,151.246,61.497,5.707,151.545,124.575
15106,3119,47,11456.553,2293.0,502.087,4637.984,1912.146,174.459,4747.074,6818.569
15106,31192,1,,,,,,,,
15106,312,131,21220.952,2825.0,279.374,15088.972,5903.329,227.604,15254.71,6131.98
15106,3121,131,21220.952,2825.0,279.374,15088.972,5903.329,227.604,15254.71,6131.98
15106,31211,128,,,,,,,,
15106,325,59,31513.45,8551.0,1126.735,24114.52,7458.576,437.307,25214.802,7398.93
15106,3254,12,15890.451,4292.0,248.484,12695.122,3832.688,186.232,13298.292,3195.329
15106,327,96,3118.786,4395.0,43.397,2564.455,1544.454,119.575,3270.487,554.331
15106,3273,46,380.011,410.0,42.147,295.461,495.964,30.383,326.359,84.55
15106,3274,1,,,,,,,,
15106,331,7,73.904,250.0,15.265,59.039,34.85,2.807,60.409,14.865
15106,3312,2,,,,,,,,
15106,33122,2,,,,,,,,
15106,43,1521,5952.444,12671.0,960.896,2114.252,3233.078,204.581,20349.339,3838.192
15106,431,419,3061.596,4785.0,361.924,964.402,634.761,64.416,9913.982,2097.194
15106,4311,401,1924.011,3768.0,241.934,658.939,518.434,48.693,8257.957,1265.072
15106,43111,40,611.362,1272.0,99.212,115.114,30.43,2.997,4934.039,496.248
15106,43112,21,37.465,107.0,3.655,5.744,9.263,0.973,146.315,31.721
15106,431121,11,23.774,58.0,2.532,2.672,5.796,0.734,73.673,21.102
15106,431122,9,,,,,,,,
15106,43113,283,183.845,918.0,25.002,43.231,198.349,12.255,472.209,140.614
15106,43114,10,11.405,44.0,2.036,6.711,74.436,4.379,52.942,4.694
15106,43116,9,310.479,216.0,6.262,191.612,104.597,12.16,1052.275,118.867
15106,43117,2,,,,,,,,
15106,4312,18,1137.585,1017.0,119.99,305.463,116.327,15.723,1656.025,832.122
15106,43121,18,1137.585,1017.0,119.99,305.463,116.327,15.723,1656.025,832.122
15106,431211,14,1038.097,788.0,108.09,256.239,44.278,6.975,1438.27,781.858
15106,433,67,150.435,680.0,31.278,43.083,30.884,3.389,448.775,107.352
15106,4331,17,9.476,140.0,4.907,9.649,0.981,0.166,59.596,-0.173
15106,46,19525,7416.118,47953.0,871.957,2646.692,4923.279,330.794,23343.639,4769.426
15106,461,9256,1235.897,16176.0,114.743,311.389,645.56,46.375,2786.882,924.508
15106,4611,9058,1172.551,15510.0,104.367,249.766,630.199,45.423,2454.948,922.785
15106,46111,5356,456.183,8407.0,18.095,83.422,233.788,16.833,849.343,372.761
15106,46112,1248,243.147,2280.0,28.749,49.476,75.819,7.372,611.638,193.671
15106,461121,648,137.023,1326.0,20.007,29.964,60.971,5.72,355.272,107.059
15106,461122,575,100.897,903.0,8.252,18.163,13.741,1.538,247.442,82.734
15106,46113,1163,230.702,2221.0,17.667,54.542,178.314,11.017,429.763,176.16
15106,46115,218,86.459,632.0,11.845,21.194,62.476,3.483,268.012,65.265
15106,4612,198,63.346,666.0,10.376,61.623,15.361,0.952,331.934,1.723
15106,46121,195,,,,,,,,
15106,461213,100,20.938,299.0,1.064,40.665,5.108,0.405,162.421,-19.727
15106,462,259,2218.48,4514.0,145.619,800.361,1663.88,82.796,7007.876,1418.119
15106,4621,241,1738.084,3427.0,106.84,676.411,1342.045,71.641,6128.438,1061.673
15106,46211,241,1738.084,3427.0,106.84,676.411,1342.045,71.641,6128.438,1061.673
15106,464,738,388.27,2485.0,56.206,150.121,119.257,12.349,1256.267,238.149
15106,4641,738,388.27,2485.0,56.206,150.121,119.257,12.349,1256.267,238.149
15106,46411,564,346.764,2064.0,45.941,131.596,99.695,10.351,1183.754,215.168
15106,467,1256,604.476,3417.0,98.739,275.271,495.58,40.001,1357.915,329.205
15106,4671,1256,604.476,3417.0,98.739,275.271,495.58,40.001,1357.915,329.205
15106,48-49,154,17037.551,24649.0,2301.702,12760.431,12225.268,2420.154,13371.812,4277.12
15106,481,10,13839.21,11654.0,1403.217,10832.18,9952.256,2013.71,11350.527,3007.03
15106,485,28,811.76,7367.0,410.24,237.015,766.506,167.75,250.086,574.745
15106,4852,12,597.495,6280.0,344.475,140.281,258.293,52.567,147.738,457.214
16043,31-33,242,3910.494,3254.0,227.458,2951.413,648.11,42.641,3148.092,959.081
16043,311,115,3668.129,2693.0,190.158,2780.981,403.301,28.397,2977.417,887.148
16043,3114,20,2241.522,2262.0,167.351,1621.091,279.392,19.427,1786.118,620.431
16043,3115,13,13.105,66.0,1.813,7.877,5.326,0.633,7.886,5.228
16043,31151,5,10.469,52.0,1.724,5.707,5.022,0.598,5.711,4.762
16043,3116,1,,,,,,,,
16043,31161,1,,,,,,,,
16043,3118,73,51.744,201.0,4.749,29.863,26.584,2.03,30.08,21.881
16043,31181,17,,,,,,,,
16043,311812,17,,,,,,,,
16043,31183,55,44.665,142.0,4.219,26.238,23.554,1.812,26.45,18.427
16043,3119,4,2.812,17.0,1.153,0.982,1.052,0.124,0.982,1.83
16043,312,9,146.661,216.0,28.839,97.786,207.477,11.181,97.888,48.875
16043,3121,9,146.661,216.0,28.839,97.786,207.477,11.181,97.888,48.875
16043,31211,9,146.661,216.0,28.839,97.786,207.477,11.181,97.888,48.875
16043,327,17,5.91,36.0,0.834,4.612,3.587,0.289,4.617,1.298
16043,3273,2,,,,,,,,
16043,3274,1,,,,,,,,
16043,43,63,625.442,1213.0,141.38,239.183,196.881,26.212,1655.793,386.259
16043,431,11,516.429,721.0,111.801,189.453,74.865,12.317,842.812,326.976
16043,4311,7,9.998,185.0,4.486,6.113,4.701,0.489,62.289,3.885
16043,43111,1,,,,,,,,
16043,43113,3,,,,,,,,
16043,4312,4,506.431,536.0,107.315,183.34,70.164,11.828,780.523,323.091
16043,43121,4,506.431,536.0,107.315,183.34,70.164,11.828,780.523,323.091
16043,431211,3,,,,,,,,
16043,433,3,27.777,131.0,8.529,4.752,7.319,0.928,172.677,23.025
16043,4331,2,,,,,,,,
16043,46,974,319.351,2364.0,25.102,103.573,301.315,26.289,1014.2,215.778
16043,461,642,92.76,1280.0,6.291,29.023,70.152,8.292,211.065,63.737
16043,4611,605,68.11,1192.0,5.176,17.417,40.733,3.114,171.449,50.693
16043,46111,441,39.681,851.0,2.635,11.527,28.428,2.083,105.223,28.154
16043,46112,62,14.432,134.0,0.809,3.016,3.786,0.419,39.646,11.416
16043,461121,45,12.164,108.0,0.731,2.777,3.44,0.385,34.744,9.387
16043,461122,13,1.572,18.0,0.034,0.195,0.131,0.016,4.216,1.377
16043,46113,43,3.267,79.0,1.036,1.087,1.634,0.159,10.279,2.18
16043,46115,11,6.643,25.0,0.26,0.355,1.423,0.094,6.798,6.288
16043,4612,37,24.65,88.0,1.115,11.606,29.419,5.178,39.616,13.044
16043,46121,37,24.65,88.0,1.115,11.606,29.419,5.178,39.616,13.044
16043,461213,5,,,,,,,,
16043,462,10,103.202,230.0,1.03,26.682,36.863,5.461,466.524,76.52
16043,4621,8,,,,,,,,
16043,46211,8,,,,,,,,
16043,464,41,20.091,170.0,6.171,5.434,5.352,0.367,52.278,14.657
16043,4641,41,20.091,170.0,6.171,5.434,5.352,0.367,52.278,14.657
16043,46411,41,20.091,170.0,6.171,5.434,5.352,0.367,52.278,14.657
16043,467,35,51.921,149.0,2.307,15.691,134.605,8.232,63.785,36.23
16043,4671,35,51.921,149.0,2.307,15.691,134.605,8.232,63.785,36.23
16043,48-49,5,,,,,,,,
16053,31-33,4141,15142.14,18843.0,1149.695,11639.581,10753.679,522.227,12143.301,3502.559
16053,311,1593,6789.769,5757.0,250.132,5344.251,1363.52,119.392,5494.155,1445.518
16053,3114,12,488.987,825.0,57.566,378.74,255.354,13.2,380.89,110.247
16053,3115,92,24.291,179.0,2.682,14.08,10.344,0.911,14.296,10.211
16053,31151,3,1.226,6.0,0.038,1.059,0.14,0.019,1.06,0.167
16053,3116,8,,,,,,,,
16053,31161,8,,,,,,,,
16053,311613,2,,,,,,,,
16053,3118,1403,450.909,3208.0,37.816,269.665,145.421,13.185,271.182,181.244
16053,31181,420,169.657,1290.0,19.198,100.573,59.28,5.775,101.14,69.084
16053,311812,420,169.657,1290.0,19.198,100.573,59.28,5.775,101.14,69.084
16053,31183,976,276.456,1897.0,17.936,166.012,83.316,7.188,166.916,110.444
16053,3119,30,114.074,321.0,11.533,98.641,56.947,6.105,99.275,15.433
16053,31192,1,,,,,,,,
16053,312,78,554.122,882.0,112.344,311.774,4459.864,44.052,328.54,242.348
16053,3121,78,554.122,882.0,112.344,311.774,4459.864,44.052,328.54,242.348
16053,31211,76,,,,,,,,
16053,325,40,1516.454,1057.0,145.655,1235.548,602.258,49.656,1362.507,280.906
16053,3254,7,234.886,156.0,5.8,187.921,121.069,9.967,189.344,46.965
16053,327,728,285.391,1699.0,11.937,193.014,78.918,9.756,194.216,92.377
16053,3273,40,136.628,212.0,8.5,90.562,52.813,7.707,91.655,46.066
16053,3274,10,1.258,19.0,0.065,0.646,0.955,0.095,0.646,0.612
16053,331,2,,,,,,,,
16053,43,1230,5230.526,11586.0,663.075,1998.473,2369.541,221.532,16181.043,3232.053
16053,431,342,3117.135,5858.0,360.804,1148.237,911.604,101.421,9214.86,1968.898
16053,4311,321,1897.694,4662.0,257.157,817.771,683.535,73.056,7445.03,1079.923
16053,43111,40,341.907,1309.0,57.814,218.5,158.121,23.249,3734.745,123.407
16053,43112,17,60.118,174.0,11.438,15.401,8.313,1.144,230.164,44.717
16053,431121,9,22.929,111.0,6.962,6.483,7.347,0.952,105.177,16.446
16053,431122,4,,,,,,,,
16053,43113,192,145.143,613.0,14.054,55.18,74.643,7.53,399.848,89.963
16053,43114,8,,,,,,,,
16053,43116,15,330.676,611.0,24.649,133.772,101.844,15.625,766.343,196.904
16053,43117,2,,,,,,,,
16053,4312,21,1219.441,1196.0,103.647,330.466,228.069,28.365,1769.83,888.975
16053,43121,18,,,,,,,,
16053,431211,13,998.934,812.0,62.513,239.972,108.355,14.739,1186.389,758.962
16053,433,89,367.714,826.0,65.25,92.244,69.359,11.331,959.438,275.47
16053,4331,28,243.085,426.0,39.803,43.615,29.641,4.399,551.499,199.47
16053,46,15166,7984.494,44054.0,933.615,2953.639,4687.263,399.463,25090.626,5030.855
16053,461,6621,977.741,12709.0,95.911,247.325,605.081,51.197,2424.77,730.416
16053,4611,6351,935.582,12236.0,92.634,231.07,566.725,47.69,2325.554,704.512
16053,46111,3723,452.031,6989.0,32.342,106.804,294.1,23.27,1083.825,345.227
16053,46112,774,199.321,1573.0,22.062,37.908,80.223,6.519,580.128,161.413
16053,461121,415,129.249,978.0,17.999,30.38,61.396,4.332,446.949,98.869
16053,461122,296,52.631,440.0,2.433,4.335,14.522,1.645,86.589,48.296
16053,46113,875,143.944,1729.0,12.029,47.19,109.491,11.429,345.963,96.754
16053,46115,138,33.729,404.0,7.755,10.742,14.391,1.015,109.723,22.987
16053,4612,270,42.159,473.0,3.277,16.255,38.356,3.507,99.216,25.904
16053,46121,270,42.159,473.0,3.277,16.255,38.356,3.507,99.216,25.904
16053,461213,45,4.625,82.0,0.789,1.252,2.67,0.299,11.403,3.373
16053,462,246,2586.658,7108.0,175.417,985.243,1780.758,106.251,7084.84,1601.415
16053,4621,223,1464.081,4398.0,89.617,666.818,1343.544,82.988,5583.204,797.263
16053,46211,223,1464.081,4398.0,89.617,666.818,1343.544,82.988,5583.204,797.263
16053,464,762,482.897,2574.0,73.022,166.108,133.009,11.634,1397.201,316.789
16053,4641,762,482.897,2574.0,73.022,166.108,133.009,11.634,1397.201,316.789
16053,46411,627,430.364,2230.0,62.698,141.057,96.682,8.691,1299.328,289.307
16053,467,1210,579.553,3198.0,81.779,156.863,272.901,33.652,1347.615,422.69
16053,4671,1210,579.553,3198.0,81.779,156.863,272.901,33.652,1347.615,422.69
16053,48-49,112,1423.136,5957.0,355.914,730.247,1618.912,249.594,751.768,692.889
16053,485,49,664.093,3443.0,131.247,378.293,804.686,158.42,393.433,285.8
16053,4852,10,293.509,738.0,50.509,144.238,445.391,89.037,153.534,149.271
17007,31-33,1550,9085.821,9651.0,1270.304,5969.701,4335.585,296.065,6190.572,3116.12
17007,311,554,1754.277,2569.0,234.268,1074.911,340.945,12.356,1077.503,679.366
17007,3114,2,,,,,,,,
17007,3115,29,9.893,66.0,1.396,6.978,6.267,0.492,7.003,2.915
17007,3116,2,,,,,,,,
17007,31161,2,,,,,,,,
17007,311613,1,,,,,,,,
17007,3118,506,1727.286,2417.0,228.289,1061.49,329.143,11.434,1063.984,665.796
17007,31181,131,1539.003,1592.0,209.731,957.657,280.0,6.88,959.602,581.346
17007,311811,1,,,,,,,,
17007,311812,130,,,,,,,,
17007,31183,375,188.283,825.0,18.558,103.833,49.143,4.554,104.382,84.45
17007,3119,12,,,,,,,,
17007,31192,4,,,,,,,,
17007,312,45,68.682,212.0,25.941,27.33,35.689,4.054,28.935,41.352
17007,3121,45,68.682,212.0,25.941,27.33,35.689,4.054,28.935,41.352
17007,31211,45,68.682,212.0,25.941,27.33,35.689,4.054,28.935,41.352
17007,325,8,4.112,52.0,2.452,8.664,23.612,2.428,9.285,-4.552
17007,3254,4,,,,,,,,
17007,327,91,268.16,576.0,58.354,238.312,146.35,11.875,246.943,29.848
17007,3273,19,94.549,159.0,15.341,107.198,43.559,4.964,110.638,-12.649
17007,3274,1,,,,,,,,
17007,331,1,,,,,,,,
17007,43,499,2062.689,4183.0,463.414,608.061,943.127,74.993,4945.825,1454.628
17007,431,53,1329.629,1805.0,212.075,320.233,218.163,32.967,2877.975,1009.396
17007,4311,34,758.535,576.0,48.543,198.335,77.733,7.676,2155.217,560.2
17007,43111,12,32.498,95.0,4.543,23.406,17.198,0.888,577.059,9.092
17007,43112,3,,,,,,,,
17007,431121,1,,,,,,,,
17007,431122,2,,,,,,,,
17007,43113,4,0.026,5.0,0.0,0.025,0.162,0.035,0.073,0.001
17007,43114,5,143.232,69.0,0.668,73.407,18.949,1.925,619.66,69.825
17007,43116,3,35.229,57.0,4.163,10.467,3.993,0.457,47.108,24.762
17007,4312,19,571.094,1229.0,163.532,121.898,140.43,25.291,722.758,449.196
17007,43121,18,,,,,,,,
17007,431211,18,,,,,,,,
17007,433,55,33.182,234.0,9.22,11.618,16.059,2.164,119.762,21.564
17007,4331,11,14.306,82.0,2.554,4.157,3.242,0.376,40.43,10.149
17007,46,9020,5847.177,27280.0,701.274,2086.335,3715.187,285.806,18685.519,3760.842
17007,461,3618,532.334,6403.0,69.152,117.619,252.097,17.175,1274.859,414.715
17007,4611,3524,509.605,6222.0,66.001,106.421,244.654,16.528,1173.531,403.184
17007,46111,2011,247.775,3352.0,13.244,55.855,169.141,10.692,605.53,191.92
17007,46112,428,89.088,807.0,12.518,14.47,20.792,1.471,221.904,74.618
17007,461121,182,43.197,397.0,8.288,8.385,11.409,0.881,122.875,34.812
17007,461122,226,38.923,357.0,3.177,5.011,7.041,0.446,87.339,33.912
17007,46113,527,71.431,961.0,6.269,11.337,13.717,0.987,157.375,60.094
17007,46115,97,42.082,269.0,20.675,4.56,7.87,1.021,73.492,37.522
17007,4612,94,22.729,181.0,3.151,11.198,7.443,0.647,101.328,11.531
17007,46121,92,,,,,,,,
17007,461213,60,2.744,83.0,0.561,0.758,2.758,0.183,4.706,1.986
17007,462,159,2482.682,5669.0,186.297,752.973,1607.336,71.263,7198.61,1729.709
17007,4621,145,1699.834,3459.0,123.493,543.962,1351.712,62.025,5906.208,1155.872
17007,46211,145,1699.834,3459.0,123.493,543.962,1351.712,62.025,5906.208,1155.872
17007,464,413,329.937,2007.0,55.444,149.388,79.962,6.95,968.352,180.549
17007,4641,413,329.937,2007.0,55.444,149.388,79.962,6.95,968.352,180.549
17007,46411,311,290.638,1716.0,46.305,136.802,56.89,4.978,911.992,153.836
17007,467,575,445.894,1612.0,41.844,137.85,316.549,19.745,859.403,308.044
17007,4671,575,445.894,1612.0,41.844,137.85,316.549,19.745,859.403,308.044
17007,48-49,64,2470.238,3433.0,540.479,998.607,2150.63,133.414,1044.524,1471.631
17007,485,21,500.817,1693.0,80.046,286.964,446.268,61.683,302.238,213.853
17007,4852,5,,,,,,,,
18017,31-33,1676,11765.732,9061.0,729.604,9089.271,3742.142,311.879,9618.91,2676.461
18017,311,508,4137.731,3682.0,404.416,3421.894,1132.308,97.081,3636.525,715.837
18017,3114,8,,,,,,,,
18017,3115,63,16.492,133.0,1.801,10.446,11.585,0.856,10.565,6.046
18017,31151,19,7.423,45.0,0.7,5.272,1.41,0.139,5.353,2.151
18017,3116,12,320.84,219.0,12.833,240.535,14.642,1.81,252.545,80.305
18017,31161,12,320.84,219.0,12.833,240.535,14.642,1.81,252.545,80.305
18017,311612,2,,,,,,,,
18017,311613,2,,,,,,,,
18017,3118,370,277.484,1344.0,40.731,170.595,124.203,11.021,172.533,106.889
18017,31181,164,138.429,701.0,23.944,83.078,77.834,7.004,83.813,55.351
18017,311812,164,138.429,701.0,23.944,83.078,77.834,7.004,83.813,55.351
18017,31183,196,133.631,598.0,15.747,83.967,39.385,3.529,85.153,49.664
18017,3119,40,461.262,792.0,43.675,369.088,87.949,4.593,384.864,92.174
18017,31192,2,,,,,,,,
18017,312,95,3543.471,1702.0,199.064,2539.405,1984.85,147.897,2660.747,1004.066
18017,3121,91,,,,,,,,
18017,31211,91,,,,,,,,
18017,325,13,2992.026,210.0,10.351,2352.534,97.11,12.512,2404.374,639.492
18017,327,109,604.252,376.0,11.476,480.634,169.38,23.838,607.006,123.618
18017,3273,37,587.713,181.0,8.017,471.506,145.729,22.103,596.866,116.207
18017,3274,6,,,,,,,,
18017,43,481,1926.499,4645.0,356.279,829.991,815.278,95.149,7089.158,1096.508
18017,431,137,1298.856,2743.0,189.174,481.01,267.408,34.389,5040.879,817.846
18017,4311,121,1232.995,2517.0,182.543,447.253,242.887,31.151,4871.564,785.742
18017,43111,25,,,,,,,,
18017,43112,18,315.302,378.0,37.831,108.906,66.825,6.718,2308.583,206.396
18017,431121,4,,,,,,,,
18017,431122,10,,,,,,,,
18017,43113,37,76.124,392.0,9.959,22.616,14.608,1.6,154.318,53.508
18017,43114,5,,,,,,,,
18017,43116,4,,,,,,,,
18017,43117,4,,,,,,,,
18017,4312,16,65.861,226.0,6.631,33.757,24.521,3.238,169.315,32.104
18017,43121,15,,,,,,,,
18017,431211,10,40.654,96.0,5.617,10.111,3.692,0.836,93.175,30.543
18017,433,33,56.685,210.0,7.184,160.567,39.649,3.077,290.56,-103.882
18017,4331,11,,,,,,,,
18017,46,7353,3839.707,22315.0,482.688,1492.556,2301.978,169.122,12444.467,2347.151
18017,461,3507,622.763,6688.0,75.039,204.244,390.819,27.653,1672.287,418.519
18017,4611,3068,526.055,5826.0,55.013,175.037,334.495,24.513,1449.398,351.018
18017,46111,1864,230.223,3248.0,9.379,49.026,162.699,11.891,456.039,181.197
18017,46112,553,100.903,1004.0,12.468,28.524,98.141,6.394,312.568,72.379
18017,461121,176,65.676,449.0,8.73,20.873,34.007,2.68,216.701,44.803
18017,461122,242,15.712,316.0,0.9,1.861,3.968,0.27,36.681,13.851
18017,46113,275,62.554,623.0,8.831,14.026,15.424,1.402,128.372,48.528
18017,46115,55,33.733,203.0,9.814,21.429,15.597,1.153,200.226,12.304
18017,4612,439,96.708,862.0,20.026,29.207,56.324,3.14,222.889,67.501
18017,46121,439,96.708,862.0,20.026,29.207,56.324,3.14,222.889,67.501
18017,461213,43,25.44,196.0,11.29,5.103,15.572,0.286,68.138,20.337
18017,462,282,,,,,,,,
18017,4621,269,657.206,2410.0,11.174,362.061,414.948,36.211,3424.437,295.145
18017,46211,269,657.206,2410.0,11.174,362.061,414.948,36.211,3424.437,295.145
18017,464,351,280.214,1429.0,48.668,120.141,94.155,5.851,814.412,160.073
18017,4641,351,280.214,1429.0,48.668,120.141,94.155,5.851,814.412,160.073
18017,46411,270,223.17,1236.0,43.834,99.81,79.311,4.266,742.412,123.36
18017,467,377,215.263,1304.0,49.025,65.604,135.165,14.746,557.616,149.659
18017,4671,377,215.263,1304.0,49.025,65.604,135.165,14.746,557.616,149.659
18017,48-49,72,522.637,1972.0,132.138,288.932,521.119,83.995,298.617,233.705
18017,485,26,150.561,840.0,39.415,80.773,200.853,42.118,83.108,69.788
18017,4852,8,16.636,144.0,4.777,10.838,22.523,4.863,11.554,5.798
19039,31-33,4556,128161.257,82786.0,8404.139,84298.338,55831.748,2580.917,89313.376,43862.919
19039,311,799,14887.887,14964.0,1605.131,11120.666,6586.8,453.717,11388.065,3767.221
19039,3114,16,273.131,413.0,23.576,237.908,100.006,13.257,238.31,35.223
19039,3115,42,2367.218,1636.0,13.564,2074.018,462.958,72.165,2092.77,293.2
19039,31151,4,2289.533,1424.0,1.316,1997.607,407.656,69.064,1997.607,291.926
19039,3116,21,4864.736,4634.0,796.323,3604.333,1644.2,130.305,3711.008,1260.403
19039,31161,21,4864.736,4634.0,796.323,3604.333,1644.2,130.305,3711.008,1260.403
19039,311612,2,,,,,,,,
19039,311613,16,,,,,,,,
19039,3118,636,4889.11,5896.0,593.096,2774.116,3460.289,184.449,2798.233,2114.994
19039,31181,285,,,,,,,,
19039,311811,2,,,,,,,,
19039,311812,283,,,,,,,,
19039,31183,350,354.921,1331.0,44.967,217.592,138.249,11.361,226.91,137.329
19039,3119,46,701.707,884.0,123.479,452.071,154.467,11.392,492.499,249.636
19039,31192,2,,,,,,,,
19039,312,42,27583.649,7238.0,850.268,12694.864,10089.141,482.559,14355.628,14888.785
19039,3121,40,,,,,,,,
19039,31211,39,,,,,,,,
19039,325,130,8198.11,4781.0,500.414,7124.676,7074.998,237.675,7689.706,1073.434
19039,3254,11,,,,,,,,
19039,327,162,11534.199,8322.0,909.124,9160.201,8484.879,345.988,9986.537,2373.998
19039,3273,72,4552.727,1616.0,91.772,3894.122,5399.662,274.0,4030.067,658.605
19039,3274,15,204.383,331.0,54.019,175.03,262.192,7.56,175.528,29.353
19039,331,28,39558.933,5387.0,761.299,25612.433,15629.741,375.873,26229.73,13946.5
19039,3312,18,39143.24,4913.0,702.359,25339.019,15541.541,370.892,25606.02,13804.221
19039,33122,11,34473.106,2778.0,488.242,21879.902,14087.646,355.357,22004.248,12593.204
19039,43,2863,18591.375,39797.0,3132.518,7085.161,6700.942,843.275,52704.339,11506.214
19039,431,225,5677.921,8639.0,556.224,2307.247,1593.462,168.412,14035.086,3370.674
19039,4311,189,2783.764,6472.0,485.49,1069.486,784.418,83.106,8635.542,1714.278
19039,43111,33,189.117,667.0,44.406,82.338,46.065,4.029,971.678,106.779
19039,43112,66,651.92,2550.0,127.832,295.884,410.738,41.384,3400.115,356.036
19039,431121,35,511.682,1487.0,117.82,229.813,294.661,31.208,2808.171,281.869
19039,431122,23,,,,,,,,
19039,43113,11,141.907,385.0,11.872,80.789,65.208,10.031,657.674,61.118
19039,43114,1,,,,,,,,
19039,43116,12,312.618,742.0,24.656,153.766,58.029,2.516,787.083,158.852
19039,43117,4,,,,,,,,
19039,4312,36,2894.157,2167.0,70.734,1237.761,809.044,85.306,5399.544,1656.396
19039,43121,30,2878.759,2083.0,61.164,1226.747,757.261,78.489,5296.237,1652.012
19039,431211,11,,,,,,,,
19039,433,246,1067.19,3239.0,229.763,453.293,310.182,49.804,3830.655,613.897
19039,4331,62,303.0,750.0,43.87,131.317,131.125,26.703,1688.432,171.683
19039,46,17362,21643.422,85739.0,2885.906,8497.418,11065.139,1064.509,70999.234,13146.004
19039,461,6536,1672.926,14608.0,249.612,559.04,1169.308,92.912,4062.9,1113.886
19039,4611,5917,1509.584,13449.0,237.743,491.01,994.52,72.307,3726.329,1018.574
19039,46111,4492,576.084,7984.0,40.367,161.374,567.809,35.922,1177.154,414.71
19039,46112,313,456.016,2261.0,72.882,136.209,207.985,18.038,1322.832,319.807
19039,461121,236,398.252,1601.0,62.302,107.586,194.893,16.706,1147.663,290.666
19039,461122,68,55.961,639.0,9.916,27.09,7.457,1.042,172.081,28.871
19039,46113,311,89.785,740.0,15.853,20.36,40.068,3.092,181.129,69.425
19039,46115,88,81.455,544.0,25.775,30.634,58.873,4.215,225.829,50.821
19039,4612,619,163.342,1159.0,11.869,68.03,174.788,20.605,336.571,95.312
19039,46121,617,,,,,,,,
19039,461213,144,8.574,210.0,1.063,2.255,12.565,0.731,13.685,6.319
19039,462,950,7293.569,19010.0,533.012,2489.5,3220.935,315.342,24237.106,4804.069
19039,4621,895,4841.216,12214.0,259.475,1844.702,2543.319,276.704,19798.06,2996.514
19039,46211,895,4841.216,12214.0,259.475,1844.702,2543.319,276.704,19798.06,2996.514
19039,464,936,1362.984,5320.0,220.506,565.134,673.348,35.791,3662.297,797.85
19039,4641,936,1362.984,5320.0,220.506,565.134,673.348,35.791,3662.297,797.85
19039,46411,606,1089.806,4218.0,178.158,422.633,545.76,24.048,3000.708,667.173
19039,467,1240,2047.13,6863.0,341.432,574.025,1658.095,233.994,4815.071,1473.105
19039,4671,1240,2047.13,6863.0,341.432,574.025,1658.095,233.994,4815.071,1473.105
19039,48-49,287,9648.975,19657.0,2146.274,5943.157,13700.844,1291.344,6396.129,3705.818
19039,481,1,,,,,,,,
19039,485,48,4678.037,9823.0,1154.281,2753.301,10704.844,887.065,3036.262,1924.736
19039,4852,15,,,,,,,,
20067,31-33,1920,2171.893,6614.0,352.584,1533.067,856.042,67.996,1570.635,638.826
20067,311,824,328.845,2013.0,36.12,198.928,174.251,15.237,202.779,129.917
20067,3114,3,,,,,,,,
20067,3115,46,20.424,160.0,2.623,9.453,10.41,1.091,9.74,10.971
20067,31151,2,,,,,,,,
20067,3116,1,,,,,,,,
20067,31161,1,,,,,,,,
20067,311612,1,,,,,,,,
20067,3118,717,227.078,1557.0,23.072,127.769,113.362,9.571,129.859,99.309
20067,31181,165,,,,,,,,
20067,311812,165,,,,,,,,
20067,31183,547,115.796,931.0,9.254,65.425,41.939,3.242,65.813,50.371
20067,3119,24,24.427,108.0,3.861,17.084,20.962,1.481,17.734,7.343
20067,31192,8,11.006,34.0,1.566,8.145,9.172,0.582,8.697,2.861
20067,312,85,1397.609,1814.0,255.521,1068.352,419.335,28.245,1093.439,329.257
20067,3121,85,1397.609,1814.0,255.521,1068.352,419.335,28.245,1093.439,329.257
20067,31211,76,1388.941,1785.0,254.462,1061.85,412.536,27.686,1086.64,327.091
20067,325,8,4.54,27.0,1.541,3.2,11.422,0.88,3.221,1.34
20067,3254,2,,,,,,,,
20067,327,53,54.424,164.0,2.931,38.312,27.048,2.463,38.704,16.112
20067,3273,19,48.309,77.0,1.884,34.86,17.398,1.876,35.169,13.449
20067,3274,4,,,,,,,,
20067,43,573,1892.734,4775.0,212.7,847.007,999.596,123.333,6487.434,1045.727
20067,431,102,836.526,1665.0,78.617,419.344,415.895,69.868,2959.279,417.182
20067,4311,87,764.985,1384.0,62.027,390.828,381.033,65.358,2828.679,374.157
20067,43111,34,256.273,516.0,34.27,171.621,86.15,13.754,1571.675,84.652
20067,43112,2,,,,,,,,
20067,431122,1,,,,,,,,
20067,43113,14,11.472,53.0,1.124,2.117,4.332,0.646,24.677,9.355
20067,43114,5,38.889,57.0,3.647,25.829,185.34,44.581,205.616,13.06
20067,43116,4,,,,,,,,
20067,43117,1,,,,,,,,
20067,4312,15,71.541,281.0,16.59,28.516,34.862,4.509,130.6,43.025
20067,43121,14,,,,,,,,
20067,431211,8,51.592,232.0,15.875,19.128,11.141,0.018,82.551,32.464
20067,433,52,132.957,599.0,19.876,92.406,57.704,4.376,455.995,40.551
20067,4331,18,10.031,128.0,6.67,81.39,24.038,1.411,119.986,-71.359
20067,46,10882,4420.651,29957.0,630.568,1596.254,3146.502,205.135,15444.741,2824.397
20067,461,4726,658.968,8153.0,76.889,172.834,457.197,33.035,1511.106,486.134
20067,4611,4406,617.132,7532.0,67.991,154.351,418.143,28.598,1411.416,462.781
20067,46111,2190,175.227,3429.0,15.489,47.35,159.278,10.718,365.759,127.877
20067,46112,614,138.989,1142.0,12.527,28.156,59.784,4.037,428.906,110.833
20067,461121,308,103.707,703.0,8.761,22.175,40.649,2.752,340.108,81.532
20067,461122,263,28.815,350.0,2.517,3.043,12.19,0.716,72.056,25.772
20067,46113,712,55.398,1094.0,3.22,14.645,63.067,3.737,114.997,40.753
20067,46115,209,61.03,418.0,6.479,8.414,39.428,2.577,128.207,52.616
20067,4612,320,41.836,621.0,8.898,18.483,39.054,4.437,99.69,23.353
20067,46121,320,41.836,621.0,8.898,18.483,39.054,4.437,99.69,23.353
20067,461213,119,9.096,295.0,5.415,6.278,21.558,3.331,28.868,2.818
20067,462,118,1036.75,3809.0,25.952,409.81,694.117,45.514,3775.803,626.94
20067,4621,110,640.095,3160.0,7.834,337.667,586.407,38.805,3096.653,302.428
20067,46211,110,640.095,3160.0,7.834,337.667,586.407,38.805,3096.653,302.428
20067,464,480,441.72,2072.0,62.054,148.325,119.267,13.269,1063.229,293.395
20067,4641,480,441.72,2072.0,62.054,148.325,119.267,13.269,1063.229,293.395
20067,46411,325,379.174,1578.0,43.607,119.214,62.49,8.838,948.927,259.96
20067,467,473,316.347,1764.0,71.703,110.838,173.19,19.901,950.401,205.509
20067,4671,473,316.347,1764.0,71.703,110.838,173.19,19.901,950.401,205.509
20067,48-49,126,420.414,2206.0,108.47,284.997,627.09,55.808,294.041,135.417
20067,481,1,,,,,,,,
20067,485,60,210.397,1228.0,68.343,131.98,414.595,33.884,136.784,78.417
20067,4852,39,158.147,878.0,56.023,96.33,271.189,19.884,99.73,61.817
20515,31-33,472,185.622,861.0,6.131,133.41,450.656,24.147,162.256,52.212
20515,311,265,53.512,439.0,3.129,30.311,33.278,2.425,30.385,23.201
20515,3114,2,,,,,,,,
20515,3115,4,,,,,,,,
20515,3116,6,1.932,8.0,0.012,1.361,0.002,0.0,1.361,0.571
20515,31161,6,1.932,8.0,0.012,1.361,0.002,0.0,1.361,0.571
20515,311613,2,,,,,,,,
20515,3118,228,46.999,384.0,2.701,26.369,32.746,2.354,26.437,20.63
20515,31181,63,14.48,132.0,0.913,8.232,2.505,0.21,8.232,6.248
20515,311812,63,14.48,132.0,0.913,8.232,2.505,0.21,8.232,6.248
20515,31183,165,32.519,252.0,1.788,18.137,30.241,2.144,18.205,14.382
20515,3119,17,1.292,18.0,0.0,0.703,0.018,0.002,0.703,0.589
20515,312,17,9.425,67.0,1.46,3.194,7.856,0.828,3.248,6.231
20515,3121,17,9.425,67.0,1.46,3.194,7.856,0.828,3.248,6.231
20515,31211,16,,,,,,,,
20515,325,4,,,,,,,,
20515,327,14,95.798,101.0,0.306,90.592,399.932,20.132,118.222,5.206
20515,3273,8,95.139,81.0,0.306,90.244,399.609,20.114,117.874,4.895
20515,3274,1,,,,,,,,
20515,43,35,245.838,411.0,47.645,82.225,117.359,9.855,546.822,163.613
20515,431,12,,,,,,,,
20515,4311,6,,,,,,,,
20515,43113,1,,,,,,,,
20515,43116,1,,,,,,,,
20515,4312,6,230.901,271.0,42.562,67.509,56.148,4.627,320.674,163.392
20515,43121,6,230.901,271.0,42.562,67.509,56.148,4.627,320.674,163.392
20515,431211,3,208.862,216.0,42.421,58.257,23.712,0.911,271.055,150.605
20515,46,1228,221.398,2423.0,35.888,54.579,270.316,16.439,720.568,166.819
20515,461,829,59.025,1330.0,3.479,15.372,59.135,3.578,129.189,43.653
20515,4611,723,44.925,1149.0,2.667,9.366,49.649,3.076,103.155,35.559
20515,46111,478,25.183,762.0,1.079,5.27,42.954,2.363,47.859,19.913
20515,46112,106,8.035,169.0,0.649,1.86,3.614,0.427,31.82,6.175
20515,461121,56,4.447,105.0,0.601,1.171,2.215,0.176,19.0,3.276
20515,461122,36,2.811,49.0,0.048,0.607,1.28,0.244,10.009,2.204
20515,46113,56,5.49,97.0,0.411,1.235,1.451,0.159,11.71,4.255
20515,46115,12,1.347,20.0,0.195,0.141,0.247,0.014,3.773,1.206
20515,4612,106,14.1,181.0,0.812,6.006,9.486,0.502,26.034,8.094
20515,46121,106,14.1,181.0,0.812,6.006,9.486,0.502,26.034,8.094
20515,461213,51,,,,,,,,
20515,462,14,57.471,167.0,7.807,6.048,60.228,1.986,126.703,51.423
20515,4621,11,18.248,52.0,1.814,4.003,7.702,0.836,62.646,14.245
20515,46211,11,18.248,52.0,1.814,4.003,7.702,0.836,62.646,14.245
20515,464,20,7.949,62.0,3.367,1.098,3.744,0.195,18.627,6.851
20515,4641,20,7.949,62.0,3.367,1.098,3.744,0.195,18.627,6.851
20515,46411,20,7.949,62.0,3.367,1.098,3.744,0.195,18.627,6.851
20515,467,37,19.709,132.0,3.943,3.27,63.437,4.494,36.585,16.439
20515,4671,37,19.709,132.0,3.943,3.27,63.437,4.494,36.585,16.439
20515,48-49,12,30.105,159.0,6.369,20.737,37.013,5.755,21.249,9.368
20515,485,6,17.582,56.0,2.643,12.219,20.951,3.84,12.547,5.363
20515,4852,1,,,,,,,,
21114,31-33,6418,80523.11,69809.0,5460.289,59872.642,28926.305,2275.403,63156.827,20650.468
21114,311,2492,23344.558,15020.0,727.178,17214.474,4780.698,336.516,17929.961,6130.084
21114,3114,22,6632.149,908.0,156.82,5833.837,218.334,8.67,5835.129,798.312
21114,3115,95,18.214,240.0,9.867,18.874,64.489,5.777,19.738,-0.66
21114,31151,6,0.305,57.0,7.889,6.575,36.494,3.975,7.341,-6.27
21114,3116,14,,,,,,,,
21114,31161,14,,,,,,,,
21114,311612,1,,,,,,,,
21114,311613,10,,,,,,,,
21114,3118,2236,5343.982,8461.0,413.23,3080.399,804.993,55.518,3180.334,2263.583
21114,31181,828,2906.629,3454.0,208.063,1286.509,403.009,23.952,1293.011,1620.12
21114,311811,1,,,,,,,,
21114,311812,827,,,,,,,,
21114,31183,1391,377.406,2692.0,24.813,225.566,120.3,10.76,226.527,151.84
21114,3119,62,290.522,684.0,28.405,197.512,87.261,7.58,221.495,93.01
21114,31192,5,14.879,68.0,2.057,9.201,9.828,1.069,9.203,5.678
21114,312,455,1513.241,1753.0,67.892,1026.403,1160.498,97.041,1078.193,486.838
21114,3121,454,,,,,,,,
21114,31211,450,,,,,,,,
21114,325,78,6720.841,3360.0,468.03,4664.396,2211.36,184.177,5078.778,2056.445
21114,3254,17,517.02,635.0,120.91,313.328,355.321,28.598,350.258,203.692
21114,327,205,499.974,1360.0,64.504,339.526,251.077,28.165,387.203,160.448
21114,3273,85,293.793,642.0,29.025,201.371,171.666,19.938,203.43,92.422
21114,3274,8,1.388,18.0,0.3,0.795,0.295,0.051,0.797,0.593
21114,331,13,226.29,483.0,27.206,182.306,119.744,7.812,184.259,43.984
21114,3312,4,,,,,,,,
21114,33122,3,,,,,,,,
21114,43,2529,9803.554,22746.0,1754.568,3445.638,4360.305,444.602,33198.506,6357.916
21114,431,377,4122.002,7835.0,607.799,1572.849,1506.519,174.13,14454.206,2549.153
21114,4311,348,3604.602,6179.0,447.642,1397.191,1237.909,140.198,13367.292,2207.411
21114,43111,89,1175.006,2742.0,234.431,450.143,598.128,81.094,5897.321,724.863
21114,43112,33,252.668,354.0,17.454,106.686,168.816,9.934,1571.369,145.982
21114,431121,18,70.189,150.0,9.683,14.412,35.169,3.17,631.728,55.777
21114,431122,13,,,,,,,,
21114,43113,117,92.283,403.0,11.827,18.762,104.923,6.705,255.362,73.521
21114,43114,27,127.938,186.0,3.525,34.505,15.344,2.629,845.027,93.433
21114,43116,13,571.553,875.0,58.887,250.827,219.59,24.746,1479.407,320.726
21114,43117,3,,,,,,,,
21114,4312,29,517.4,1656.0,160.157,175.658,268.61,33.932,1086.914,341.742
21114,43121,27,,,,,,,,
21114,431211,17,437.909,1401.0,155.119,141.152,166.464,21.545,792.172,296.757
21114,433,163,438.317,1742.0,113.97,205.133,128.154,14.827,2320.113,233.184
21114,4331,49,148.09,860.0,72.897,122.061,83.934,7.897,1457.518,26.029
21114,46,32547,18482.622,92384.0,1981.056,6452.848,10952.737,920.387,59100.842,12029.774
21114,461,15139,2061.524,27403.0,181.31,596.735,935.932,81.67,4940.624,1464.789
21114,4611,14764,1963.02,26606.0,166.951,554.42,908.556,79.409,4661.05,1408.6
21114,46111,8673,718.516,14164.0,30.933,180.584,407.556,30.239,1532.219,537.932
21114,46112,1590,528.219,3433.0,37.043,165.369,176.324,20.398,1435.079,362.85
21114,461121,902,406.39,2165.0,23.674,136.901,127.263,14.878,1033.466,269.489
21114,461122,623,104.263,1078.0,10.215,22.286,41.613,4.765,360.4,81.977
21114,46113,2371,306.128,4459.0,18.439,71.214,148.611,10.829,662.531,234.914
21114,46115,339,87.837,870.0,23.072,34.09,43.023,5.623,399.443,53.747
21114,4612,375,98.504,797.0,14.359,42.315,27.376,2.261,279.574,56.189
21114,46121,369,,,,,,,,
21114,461213,116,15.591,216.0,1.193,4.583,10.675,0.741,33.499,11.008
21114,462,580,5717.076,13052.0,228.336,1833.392,4130.828,245.93,17011.361,3883.684
21114,4621,547,3445.592,7960.0,90.268,1238.653,3338.617,205.434,12849.482,2206.939
21114,46211,547,3445.592,7960.0,90.268,1238.653,3338.617,205.434,12849.482,2206.939
21114,464,1434,1127.256,5618.0,159.272,493.617,202.048,20.042,3808.517,633.639
21114,4641,1434,1127.256,5618.0,159.272,493.617,202.048,20.042,3808.517,633.639
21114,46411,1051,1013.611,4856.0,143.084,451.217,166.651,16.202,3614.439,562.394
21114,467,2318,1417.425,7284.0,217.279,455.627,783.486,66.247,3363.796,961.798
21114,4671,2318,1417.425,7284.0,217.279,455.627,783.486,66.247,3363.796,961.798
21114,48-49,277,5071.311,11770.0,869.955,2908.504,3012.678,448.015,3086.87,2162.807
21114,485,100,2585.749,6408.0,422.576,1585.414,1811.047,280.448,1704.709,1000.335
21114,4852,18,1459.128,2330.0,252.709,772.371,521.603,70.779,856.884,686.757
22014,31-33,2991,112008.136,78912.0,6877.848,87210.704,34097.106,2761.043,93174.695,24797.432
22014,311,962,15229.943,6580.0,361.886,7954.022,3125.754,258.188,8426.339,7275.921
22014,3114,5,,,,,,,,
22014,3115,110,4702.474,1442.0,204.466,2829.751,1106.753,75.586,3086.255,1872.723
22014,31151,14,4665.026,1239.0,201.558,2810.698,1091.257,74.323,3067.126,1854.328
22014,3116,8,,,,,,,,
22014,31161,8,,,,,,,,
22014,311613,5,,,,,,,,
22014,3118,797,653.502,2570.0,88.04,406.678,292.927,26.428,413.621,246.824
22014,31181,310,,,,,,,,
22014,311812,310,,,,,,,,
22014,31183,485,329.067,1118.0,26.314,202.107,152.547,13.206,204.164,126.96
22014,3119,20,209.887,222.0,4.731,152.369,34.909,4.172,162.35,57.518
22014,31192,1,,,,,,,,
22014,312,42,2687.169,729.0,156.712,2544.717,923.605,92.484,2558.461,142.452
22014,3121,42,2687.169,729.0,156.712,2544.717,923.605,92.484,2558.461,142.452
22014,31211,41,,,,,,,,
22014,325,55,16142.83,4772.0,555.155,12846.669,4421.708,412.573,14419.422,3296.161
22014,3254,15,758.832,1776.0,156.583,538.643,370.027,38.501,660.99,220.189
22014,327,64,4296.487,2864.0,452.874,3215.865,4331.583,272.482,3381.061,1080.622
22014,3273,26,482.447,355.0,30.669,366.078,173.018,17.809,372.517,116.369
22014,3274,4,,,,,,,,
22014,331,6,82.778,438.0,39.998,48.402,27.405,2.698,63.877,34.376
22014,3312,3,,,,,,,,
22014,33122,3,,,,,,,,
22014,43,1913,10829.56,19457.0,1959.528,3916.058,3497.264,379.076,35293.615,6913.502
22014,431,329,3777.053,5169.0,397.213,1639.186,709.104,69.547,15661.493,2137.867
22014,4311,299,2276.31,3988.0,209.161,1336.406,605.755,55.745,13603.204,939.904
22014,43111,44,190.928,561.0,34.195,60.988,126.4,10.821,1305.76,129.94
22014,43112,32,,,,,,,,
22014,431121,16,,,,,,,,
22014,431122,12,,,,,,,,
22014,43113,151,,,,,,,,
22014,43114,3,,,,,,,,
22014,43116,13,892.571,793.0,38.854,438.935,121.87,11.893,5244.347,453.636
22014,43117,3,100.814,588.0,33.352,24.722,14.765,0.929,473.808,76.092
22014,4312,30,1500.743,1181.0,188.052,302.78,103.349,13.802,2058.289,1197.963
22014,43121,29,,,,,,,,
22014,431211,20,1169.079,795.0,117.179,204.877,45.882,7.567,1426.661,964.202
22014,433,95,283.432,1087.0,79.298,194.145,132.451,17.692,1214.234,89.287
22014,4331,18,62.026,233.0,19.971,94.571,50.284,4.617,605.534,-32.545
22014,46,15782,12193.716,51711.0,1437.843,4040.42,7417.37,538.959,36673.081,8153.296
22014,461,6150,1606.505,12787.0,247.355,441.262,1064.148,78.061,3671.821,1165.243
22014,4611,5921,1350.136,11807.0,160.042,332.922,819.729,64.024,3054.284,1017.214
22014,46111,3383,494.513,6014.0,22.364,99.956,372.349,25.442,1026.428,394.557
22014,46112,786,251.314,1774.0,40.199,59.062,140.183,13.181,649.062,192.252
22014,461121,449,164.695,1177.0,28.439,38.436,105.88,9.698,426.576,126.259
22014,461122,313,66.084,533.0,8.547,14.672,28.561,3.11,193.923,51.412
22014,46113,708,222.05,1597.0,21.616,64.982,129.497,10.142,433.909,157.068
22014,46115,218,217.318,733.0,41.736,35.762,52.537,5.036,435.35,181.556
22014,4612,229,256.369,980.0,87.313,108.34,244.419,14.037,617.537,148.029
22014,46121,224,255.728,971.0,87.253,108.179,243.677,13.979,616.568,147.549
22014,461213,40,121.737,507.0,72.202,40.046,200.881,10.37,133.067,81.691
22014,462,495,3891.989,7140.0,190.935,1113.845,2433.279,139.776,10978.513,2778.144
22014,4621,475,2698.317,5231.0,115.538,841.65,2022.681,127.324,9219.809,1856.667
22014,46211,475,2698.317,5231.0,115.538,841.65,2022.681,127.324,9219.809,1856.667
22014,464,789,637.475,2802.0,94.626,215.33,136.879,9.854,1715.546,422.145
22014,4641,789,637.475,2802.0,94.626,215.33,136.879,9.854,1715.546,422.145
22014,46411,608,555.066,2342.0,79.265,186.534,104.489,5.829,1558.552,368.532
22014,467,1238,1099.711,4222.0,155.378,338.325,719.375,90.497,2217.701,761.386
22014,4671,1238,1099.711,4222.0,155.378,338.325,719.375,90.497,2217.701,761.386
22014,48-49,193,5138.478,9134.0,1325.179,2844.067,18273.024,940.545,3027.773,2294.411
22014,485,22,327.856,1874.0,88.038,145.388,897.826,214.123,157.583,182.468
22014,4852,3,,,,,,,,
23004,31-33,551,1885.971,2726.0,173.364,1427.462,2808.557,74.679,1647.975,458.509
23004,311,225,1157.631,1289.0,130.908,837.045,2119.34,29.981,1014.481,320.586
23004,3114,2,,,,,,,,
23004,3115,8,3.924,23.0,0.412,2.388,2.298,0.203,2.467,1.536
23004,31151,1,,,,,,,,
23004,3116,6,,,,,,,,
23004,31161,6,,,,,,,,
23004,3118,200,134.198,625.0,13.698,65.162,41.312,3.351,65.926,69.036
23004,31181,84,,,,,,,,
23004,311812,84,,,,,,,,
23004,31183,115,81.265,278.0,5.645,36.235,21.703,1.722,36.607,45.03
23004,3119,6,6.689,45.0,1.315,3.974,10.161,1.024,4.002,2.715
23004,312,29,290.19,389.0,10.809,263.314,90.355,8.194,271.482,26.876
23004,3121,28,,,,,,,,
23004,31211,28,,,,,,,,
23004,325,2,,,,,,,,
23004,327,13,243.745,177.0,4.214,196.255,431.846,23.135,226.409,47.49
23004,3273,10,,,,,,,,
23004,3274,1,,,,,,,,
23004,43,220,941.181,1942.0,130.742,330.08,347.522,41.825,2399.038,611.101
23004,431,69,721.91,1276.0,99.251,272.691,191.756,26.915,1841.262,449.219
23004,4311,60,515.068,853.0,62.053,198.45,91.814,10.243,1425.431,316.618
23004,43111,33,202.379,355.0,12.894,95.186,33.999,3.639,596.502,107.193
23004,43112,3,,,,,,,,
23004,431122,1,,,,,,,,
23004,43113,6,3.055,32.0,0.857,2.341,3.347,0.412,17.965,0.714
23004,43114,1,,,,,,,,
23004,43116,3,,,,,,,,
23004,43117,2,,,,,,,,
23004,4312,9,206.842,423.0,37.198,74.241,99.942,16.672,415.831,132.601
23004,43121,9,206.842,423.0,37.198,74.241,99.942,16.672,415.831,132.601
23004,431211,4,,,,,,,,
23004,433,16,,,,,,,,
23004,4331,1,,,,,,,,
23004,46,3214,2379.504,11183.0,254.277,828.432,1234.634,101.313,7664.963,1551.072
23004,461,1479,298.939,2841.0,33.868,79.456,189.214,14.324,581.878,219.483
23004,4611,1361,242.495,2538.0,22.654,50.965,151.061,11.475,419.672,191.53
23004,46111,943,114.227,1699.0,11.704,26.831,107.093,7.48,199.51,87.396
23004,46112,250,78.656,451.0,3.821,14.62,23.687,1.725,147.301,64.036
23004,461121,138,63.761,270.0,2.627,12.122,14.545,1.114,112.239,51.639
23004,461122,97,11.948,154.0,0.938,1.833,6.864,0.424,27.979,10.115
23004,46113,91,27.221,209.0,2.945,4.203,9.085,0.679,32.49,23.018
23004,46115,17,16.557,81.0,3.119,3.523,6.143,1.192,28.856,13.034
23004,4612,118,56.444,303.0,11.214,28.491,38.153,2.849,162.206,27.953
23004,46121,116,,,,,,,,
23004,461213,30,8.314,45.0,0.36,3.673,4.301,0.296,14.932,4.641
23004,462,365,900.116,2895.0,42.537,347.209,455.241,36.816,3298.896,552.907
23004,4621,356,622.028,2289.0,11.328,286.12,424.377,33.79,2797.468,335.908
23004,46211,356,622.028,2289.0,11.328,286.12,424.377,33.79,2797.468,335.908
23004,464,152,114.84,789.0,30.347,51.25,28.324,2.269,402.979,63.59
23004,4641,152,114.84,789.0,30.347,51.25,28.324,2.269,402.979,63.59
23004,46411,125,96.351,717.0,29.338,38.971,18.442,1.568,360.158,57.38
23004,467,133,,,,,,,,
23004,4671,133,,,,,,,,
23004,48-49,41,410.914,1048.0,87.499,253.031,256.274,14.173,260.324,157.883
23004,481,1,,,,,,,,
23004,485,11,77.221,159.0,7.572,37.827,64.265,4.181,39.102,39.394
23004,4852,5,,,,,,,,
24028,31-33,3530,152336.837,89580.0,8621.664,115670.597,50326.825,3673.583,120299.831,36666.24
24028,311,912,17072.447,11240.0,980.676,10684.238,3719.185,219.334,10907.542,6388.209
24028,3114,8,,,,,,,,
24028,3115,65,755.353,1004.0,83.442,555.057,241.211,16.146,590.45,200.296
24028,31151,9,568.206,524.0,46.133,423.688,150.487,6.901,456.757,144.518
24028,3116,9,410.847,385.0,14.253,332.15,225.74,12.268,393.721,78.697
24028,31161,9,410.847,385.0,14.253,332.15,225.74,12.268,393.721,78.697
24028,311612,1,,,,,,,,
24028,311613,6,,,,,,,,
24028,3118,761,3424.54,4148.0,338.702,1645.813,1032.719,89.347,1675.083,1778.727
24028,31181,338,,,,,,,,
24028,311811,1,,,,,,,,
24028,311812,337,,,,,,,,
24028,31183,418,312.046,1152.0,35.594,186.053,88.179,11.538,189.229,125.993
24028,3119,39,3583.514,366.0,34.05,2393.288,966.92,19.524,2398.334,1190.226
24028,31192,4,,,,,,,,
24028,312,198,2684.24,1808.0,201.368,1665.911,1132.49,62.285,1721.512,1018.329
24028,3121,198,2684.24,1808.0,201.368,1665.911,1132.49,62.285,1721.512,1018.329
24028,31211,196,,,,,,,,
24028,325,78,7077.994,2141.0,127.307,5846.572,2059.469,200.205,6149.735,1231.422
24028,3254,4,,,,,,,,
24028,327,201,6970.415,4765.0,133.503,5096.078,6913.45,603.954,5450.482,1874.337
24028,3273,48,361.839,640.0,45.961,270.411,129.633,13.103,277.117,91.428
24028,3274,6,,,,,,,,
24028,331,43,,,,,,,,
24028,3312,21,,,,,,,,
24028,33122,14,,,,,,,,
24028,43,1609,7509.446,16536.0,1222.752,3128.227,3764.986,348.453,23779.778,4381.219
24028,431,391,2673.485,5720.0,344.939,1384.157,908.506,94.023,8460.466,1289.328
24028,4311,365,1900.924,4437.0,226.172,868.388,601.519,54.745,6623.423,1032.536
24028,43111,48,279.239,960.0,49.157,158.038,191.273,19.235,1974.198,121.201
24028,43112,21,122.361,200.0,12.493,19.531,23.614,2.651,343.16,102.83
24028,431121,15,,,,,,,,
24028,431122,5,,,,,,,,
24028,43113,212,,,,,,,,
24028,43114,5,,,,,,,,
24028,43116,14,647.211,1096.0,35.915,338.756,222.754,15.876,1842.004,308.455
24028,43117,3,,,,,,,,
24028,4312,26,772.561,1283.0,118.767,515.769,306.987,39.278,1837.043,256.792
24028,43121,24,,,,,,,,
24028,431211,14,593.204,785.0,95.862,353.483,157.964,22.05,1093.458,239.721
24028,433,107,239.467,650.0,29.704,93.468,61.259,7.66,584.078,145.999
24028,4331,15,10.527,121.0,3.35,23.385,4.387,0.478,43.329,-12.858
24028,46,14793,10144.505,46021.0,1166.269,3768.074,6384.288,600.789,35497.59,6376.431
24028,461,6183,1335.142,12744.0,196.001,387.773,725.597,64.799,3732.169,947.369
24028,4611,5818,1216.321,12130.0,189.653,343.933,691.526,61.796,3475.744,872.388
24028,46111,3775,463.996,6621.0,32.566,112.228,357.335,26.477,1075.03,351.768
24028,46112,550,355.516,1861.0,66.633,87.164,162.171,16.541,1092.149,268.352
24028,461121,445,329.166,1653.0,62.299,79.512,154.159,15.553,1035.228,249.654
24028,461122,68,13.361,117.0,1.864,3.258,4.016,0.539,36.158,10.103
24028,46113,489,62.918,899.0,9.079,24.095,34.076,3.235,165.958,38.823
24028,46115,143,70.089,607.0,23.42,26.715,22.206,2.822,497.175,43.374
24028,4612,365,118.821,614.0,6.348,43.84,34.071,3.003,256.425,74.981
24028,46121,363,,,,,,,,
24028,461213,76,43.277,140.0,1.012,13.35,4.766,0.429,53.094,29.927
24028,462,298,2887.899,6795.0,160.902,977.078,1770.431,117.979,10678.109,1910.821
24028,4621,274,2025.991,4260.0,77.874,723.471,1456.605,97.985,9002.917,1302.52
24028,46211,274,2025.991,4260.0,77.874,723.471,1456.605,97.985,9002.917,1302.52
24028,464,624,557.116,2490.0,109.177,184.002,133.892,8.356,1638.025,373.114
24028,4641,624,557.116,2490.0,109.177,184.002,133.892,8.356,1638.025,373.114
24028,46411,441,494.791,2086.0,98.351,155.434,104.434,5.237,1510.245,339.357
24028,467,923,687.357,2858.0,109.111,165.192,994.991,50.81,1466.639,522.165
24028,4671,923,687.357,2858.0,109.111,165.192,994.991,50.81,1466.639,522.165
24028,48-49,229,6976.094,8241.0,655.84,3124.741,5981.268,818.198,3300.919,3851.353
24028,481,1,,,,,,,,
24028,485,45,3258.241,2948.0,229.558,571.141,3491.266,470.029,606.748,2687.1
24028,4852,18,,,,,,,,
25006,31-33,2910,20008.587,22373.0,1225.808,14600.861,6729.195,468.18,15327.9,5407.726
25006,311,896,11528.109,8332.0,367.943,8898.795,3366.599,195.444,9330.064,2629.314
25006,3114,16,354.781,467.0,12.547,281.027,103.441,9.346,295.376,73.754
25006,3115,46,257.038,589.0,33.63,188.338,188.576,17.816,195.576,68.7
25006,31151,18,238.652,493.0,30.984,177.899,178.86,16.89,184.812,60.753
25006,3116,22,8213.287,3519.0,103.126,6556.449,1371.648,91.538,6711.787,1656.838
25006,31161,22,8213.287,3519.0,103.126,6556.449,1371.648,91.538,6711.787,1656.838
25006,311613,13,849.685,727.0,101.78,583.107,302.308,15.576,650.244,266.578
25006,3118,768,556.985,2361.0,65.847,325.73,193.017,15.855,331.275,231.255
25006,31181,225,,,,,,,,
25006,311812,225,,,,,,,,
25006,31183,538,435.238,1481.0,43.293,250.494,144.221,11.02,255.648,184.744
25006,3119,27,311.842,397.0,20.427,235.026,19.038,2.378,236.994,76.816
25006,31192,4,,,,,,,,
25006,312,397,2600.688,2881.0,228.526,1286.131,732.56,64.076,1318.62,1314.557
25006,3121,397,2600.688,2881.0,228.526,1286.131,732.56,64.076,1318.62,1314.557
25006,31211,397,2600.688,2881.0,228.526,1286.131,732.56,64.076,1318.62,1314.557
25006,325,36,448.402,363.0,23.025,426.735,68.727,6.294,476.141,21.667
25006,3254,4,,,,,,,,
25006,327,198,747.556,1349.0,52.586,565.419,643.158,40.292,602.824,182.137
25006,3273,40,626.748,719.0,36.284,476.333,610.277,36.801,509.472,150.415
25006,3274,18,37.676,61.0,4.244,35.351,1.099,0.044,35.477,2.325
25006,331,5,,,,,,,,
25006,3312,1,,,,,,,,
25006,33122,1,,,,,,,,
25006,43,1297,8205.698,15499.0,1097.12,3029.619,3801.401,352.751,27885.696,5176.079
25006,431,265,3778.134,6346.0,387.529,1671.126,1249.105,143.675,13524.121,2107.008
25006,4311,245,3237.099,5300.0,300.659,1394.053,1085.676,123.759,12497.877,1843.046
25006,43111,57,202.069,613.0,29.308,123.744,150.531,18.79,1968.085,78.325
25006,43112,41,399.58,530.0,20.521,111.435,112.764,9.819,1081.719,288.145
25006,431121,20,266.722,217.0,12.138,44.249,35.554,1.526,669.077,222.473
25006,431122,5,39.638,140.0,1.434,34.699,14.961,1.303,200.17,4.939
25006,43113,61,424.524,829.0,58.777,93.695,199.652,35.735,1641.307,330.829
25006,43114,4,,,,,,,,
25006,43116,11,712.017,683.0,12.945,367.73,216.497,30.693,3285.956,344.287
25006,43117,3,,,,,,,,
25006,4312,20,541.035,1046.0,86.87,277.073,163.429,19.916,1026.244,263.962
25006,43121,18,,,,,,,,
25006,431211,11,319.082,340.0,19.622,181.87,30.687,3.175,558.541,137.212
25006,433,103,843.17,1222.0,71.506,130.925,118.297,12.95,2726.978,712.245
25006,4331,31,724.385,753.0,53.975,83.81,69.478,8.843,2384.737,640.575
25006,46,11987,10887.506,50877.0,1439.0,4729.664,6475.514,469.787,38856.876,6157.842
25006,461,5810,1546.5,11720.0,183.424,569.826,842.442,62.585,3857.246,976.674
25006,4611,5233,1106.017,10585.0,155.117,432.819,776.892,58.434,2959.15,673.198
25006,46111,4186,430.723,7038.0,25.581,103.13,327.765,21.33,813.944,327.593
25006,46112,367,297.319,1260.0,55.558,103.325,148.666,14.972,953.36,193.994
25006,461121,218,231.543,891.0,45.063,77.731,114.305,11.469,773.827,153.812
25006,461122,35,4.567,60.0,0.237,1.277,1.297,0.154,12.706,3.29
25006,46113,185,193.788,648.0,15.752,118.575,36.46,3.296,617.165,75.213
25006,46115,76,70.599,310.0,17.727,18.049,19.424,2.076,301.771,52.55
25006,4612,577,440.483,1135.0,28.307,137.007,65.55,4.151,898.096,303.476
25006,46121,575,,,,,,,,
25006,461213,105,,,,,,,,
25006,462,598,3495.929,13495.0,305.608,1900.956,2482.036,136.328,14276.624,1594.973
25006,4621,557,2306.05,9940.0,169.499,1662.033,1933.017,113.066,12035.125,644.017
25006,46211,557,2306.05,9940.0,169.499,1662.033,1933.017,113.066,12035.125,644.017
25006,464,605,583.959,2975.0,123.33,206.789,184.347,11.53,1894.068,377.17
25006,4641,605,583.959,2975.0,123.33,206.789,184.347,11.53,1894.068,377.17
25006,46411,515,531.267,2703.0,115.638,181.425,159.956,9.262,1783.192,349.842
25006,467,616,950.612,3256.0,139.269,330.249,548.89,52.6,2239.996,620.363
25006,4671,616,950.612,3256.0,139.269,330.249,548.89,52.6,2239.996,620.363
25006,48-49,139,2414.372,7731.0,469.801,1432.89,3108.558,157.68,1497.473,981.482
25006,481,2,,,,,,,,
25006,485,36,714.691,2797.0,121.019,429.761,517.735,31.523,443.736,284.93
25006,4852,8,121.533,226.0,17.953,55.736,121.85,10.49,56.616,65.797
26030,31-33,3856,183041.477,46454.0,4880.119,135277.703,13707.073,1049.038,136561.814,47763.774
26030,311,1562,11839.36,9157.0,357.532,8746.028,2936.35,155.937,8936.895,3093.332
26030,3114,18,224.28,370.0,46.74,122.499,37.996,4.048,132.258,101.781
26030,3115,62,65.998,318.0,13.231,44.939,77.182,7.823,46.326,21.059
26030,31151,11,28.627,156.0,7.218,21.16,59.64,6.05,22.207,7.467
26030,3116,47,7430.645,3445.0,108.234,5757.667,1511.719,58.516,5816.187,1672.978
26030,31161,47,7430.645,3445.0,108.234,5757.667,1511.719,58.516,5816.187,1672.978
26030,311612,8,2751.981,2372.0,64.489,2224.857,888.475,21.832,2271.706,527.124
26030,311613,29,233.977,231.0,42.976,174.569,38.531,1.615,178.816,59.408
26030,3118,1374,649.011,3907.0,92.497,396.031,214.379,17.348,404.82,252.98
26030,31181,1121,403.306,3090.0,58.603,229.697,118.56,10.121,234.094,173.609
26030,311811,3,,,,,,,,
26030,311812,1118,,,,,,,,
26030,31183,244,173.983,714.0,22.847,115.507,80.438,6.881,118.011,58.476
26030,3119,33,1346.594,507.0,21.441,742.473,420.622,32.425,809.859,604.121
26030,31192,2,,,,,,,,
26030,312,302,2486.406,2924.0,305.463,1061.882,599.329,56.069,1085.576,1424.524
26030,3121,302,2486.406,2924.0,305.463,1061.882,599.329,56.069,1085.576,1424.524
26030,31211,302,2486.406,2924.0,305.463,1061.882,599.329,56.069,1085.576,1424.524
26030,325,30,2609.765,1951.0,22.233,1953.772,608.246,63.71,1985.163,655.993
26030,3254,5,169.189,68.0,0.173,162.751,17.064,1.75,163.074,6.438
26030,327,205,5282.73,1863.0,181.149,3849.532,2152.712,106.276,3950.468,1433.198
26030,3273,64,4885.102,1233.0,135.06,3606.007,1753.257,87.405,3659.767,1279.095
26030,3274,11,297.771,110.0,32.145,180.648,362.708,15.717,226.115,117.123
26030,331,8,159.259,312.0,24.12,98.896,30.836,3.499,102.518,60.363
26030,3312,5,,,,,,,,
26030,33122,4,,,,,,,,
26030,43,1455,11620.762,18303.0,1490.251,4167.547,4329.317,437.476,36056.95,7453.215
26030,431,251,4583.858,6680.0,504.909,1779.416,1371.509,148.499,18480.317,2804.442
26030,4311,229,4174.575,5608.0,461.758,1469.097,1131.992,120.375,17275.179,2705.478
26030,43111,40,436.057,672.0,48.998,194.259,185.803,20.686,2584.924,241.798
26030,43112,41,1044.851,1081.0,59.313,267.359,246.201,17.839,3669.518,777.492
26030,431121,31,993.211,991.0,56.099,259.167,233.38,16.211,3561.869,734.044
26030,431122,2,,,,,,,,
26030,43113,68,587.959,1364.0,88.109,246.406,205.739,33.159,2717.898,341.553
26030,43114,7,,,,,,,,
26030,43116,17,1072.188,945.0,96.683,395.971,235.204,19.585,5781.995,676.217
26030,43117,4,,,,,,,,
26030,4312,22,409.283,1072.0,43.151,310.319,239.517,28.124,1205.138,98.964
26030,43121,19,,,,,,,,
26030,431211,7,,,,,,,,
26030,433,112,643.357,1616.0,87.291,205.329,222.455,32.177,1760.563,438.028
26030,4331,39,363.823,1016.0,44.105,86.095,116.629,18.358,1034.647,277.728
26030,46,9753,8996.858,42511.0,1396.612,3920.426,6158.037,550.552,32726.307,5076.432
26030,461,4188,1116.515,9255.0,167.866,405.86,750.187,61.865,2853.965,710.655
26030,4611,3720,881.728,8444.0,150.637,293.154,642.928,53.549,2296.952,588.574
26030,46111,2909,395.397,5570.0,38.771,104.153,326.57,25.335,815.304,291.244
26030,46112,200,240.381,1036.0,50.538,99.64,152.177,12.716,867.034,140.741
26030,461121,126,182.517,655.0,36.317,64.923,100.343,8.105,636.12,117.594
26030,461122,14,4.724,49.0,2.901,2.287,6.323,0.5,19.83,2.437
26030,46113,167,93.611,583.0,17.734,33.203,62.971,6.011,315.432,60.408
26030,46115,36,8.032,80.0,2.085,3.832,10.414,1.13,15.002,4.2
26030,4612,468,234.787,811.0,17.229,112.706,107.259,8.316,557.013,122.081
26030,46121,464,,,,,,,,
26030,461213,155,35.425,270.0,4.481,9.352,38.712,3.457,44.244,26.073
26030,462,629,3017.38,12202.0,327.942,1658.23,2347.796,174.605,13243.204,1359.15
26030,4621,601,2243.175,9900.0,232.263,1469.295,1912.031,155.892,11733.636,773.88
26030,46211,601,2243.175,9900.0,232.263,1469.295,1912.031,155.892,11733.636,773.88
26030,464,506,544.572,2404.0,115.487,248.604,267.67,18.354,1201.03,295.968
26030,4641,506,544.572,2404.0,115.487,248.604,267.67,18.354,1201.03,295.968
26030,46411,416,489.669,2098.0,103.96,222.837,247.864,15.862,1085.09,266.832
26030,467,586,993.761,3181.0,148.152,325.398,561.819,49.435,2261.588,668.363
26030,4671,586,993.761,3181.0,148.152,325.398,561.819,49.435,2261.588,668.363
26030,48-49,139,2180.026,4900.0,529.958,1268.342,1522.706,198.046,1312.922,911.684
26030,485,22,286.288,943.0,72.284,148.349,312.499,62.068,156.303,137.939
26030,4852,7,115.093,246.0,24.43,55.04,52.271,5.454,58.459,60.053
26033,31-33,206,534.816,1393.0,25.999,417.628,245.097,22.706,429.006,117.188
26033,311,96,504.05,1114.0,20.484,404.045,220.112,20.57,415.044,100.005
26033,3115,5,0.63,9.0,0.072,0.361,0.2,0.02,0.361,0.269
26033,31151,3,,,,,,,,
26033,3116,3,,,,,,,,
26033,31161,3,,,,,,,,
26033,311613,3,,,,,,,,
26033,3118,81,47.748,297.0,6.084,27.3,11.901,1.008,27.844,20.448
26033,31181,58,14.68,160.0,2.204,9.061,3.777,0.352,9.564,5.619
26033,311812,58,14.68,160.0,2.204,9.061,3.777,0.352,9.564,5.619
26033,31183,23,33.068,137.0,3.88,18.239,8.124,0.655,18.28,14.829
26033,3119,3,0.588,4.0,0.0,0.46,0.018,0.001,0.461,0.128
26033,312,25,7.506,65.0,1.998,2.919,7.22,0.602,2.921,4.587
26033,3121,25,7.506,65.0,1.998,2.919,7.22,0.602,2.921,4.587
26033,31211,25,7.506,65.0,1.998,2.919,7.22,0.602,2.921,4.587
26033,325,1,,,,,,,,
26033,327,5,,,,,,,,
26033,3273,2,,,,,,,,
26033,43,49,134.124,499.0,19.843,55.573,83.488,6.583,604.54,78.551
26033,431,13,,,,,,,,
26033,4311,11,,,,,,,,
26033,43111,2,,,,,,,,
26033,43112,3,,,,,,,,
26033,431121,1,,,,,,,,
26033,4312,2,,,,,,,,
26033,43121,2,,,,,,,,
26033,46,1015,405.548,2801.0,54.24,179.287,364.027,26.46,1318.847,226.261
26033,461,605,95.818,1191.0,15.808,42.908,126.848,9.922,229.74,52.91
26033,4611,543,68.986,1071.0,12.57,31.082,97.339,6.911,168.774,37.904
26033,46111,446,36.678,765.0,3.286,20.943,80.862,5.429,83.92,15.735
26033,46112,38,17.577,128.0,3.531,6.083,9.611,0.89,53.499,11.494
26033,461121,23,10.252,66.0,2.052,4.294,2.842,0.244,39.521,5.958
26033,461122,1,,,,,,,,
26033,46113,17,5.277,44.0,1.689,1.503,0.787,0.059,10.955,3.774
26033,46115,1,,,,,,,,
26033,4612,62,26.832,120.0,3.238,11.826,29.509,3.012,60.966,15.006
26033,46121,62,26.832,120.0,3.238,11.826,29.509,3.012,60.966,15.006
26033,461213,16,,,,,,,,
26033,462,31,,,,,,,,
26033,4621,29,,,,,,,,
26033,46211,29,,,,,,,,
26033,464,33,29.825,123.0,5.261,9.525,20.527,0.85,57.581,20.3
26033,4641,33,29.825,123.0,5.261,9.525,20.527,0.85,57.581,20.3
26033,46411,29,29.804,117.0,5.141,9.369,19.92,0.808,57.224,20.435
26033,467,42,18.054,129.0,3.071,4.324,11.218,1.096,34.569,13.73
26033,4671,42,18.054,129.0,3.071,4.324,11.218,1.096,34.569,13.73
26033,48-49,11,1145.656,446.0,13.728,258.754,91.019,9.581,259.646,886.902
26033,485,2,,,,,,,,
26033,4852,1,,,,,,,,
27004,31-33,1736,55037.665,11863.0,1898.781,31925.074,7381.65,610.721,32047.288,23112.591
27004,311,473,4757.72,3281.0,413.351,1722.462,982.899,57.049,1727.807,3035.258
27004,3115,34,11.275,90.0,1.666,6.037,13.157,0.808,6.046,5.238
27004,31151,3,1.65,5.0,0.18,1.13,0.13,0.008,1.13,0.52
27004,3116,6,68.034,302.0,26.082,39.982,157.079,7.745,43.081,28.052
27004,31161,6,68.034,302.0,26.082,39.982,157.079,7.745,43.081,28.052
27004,311612,1,,,,,,,,
27004,311613,1,,,,,,,,
27004,3118,417,4423.903,2655.0,371.632,1477.217,542.472,41.973,1478.969,2946.686
27004,31181,153,,,,,,,,
27004,311811,2,,,,,,,,
27004,311812,151,,,,,,,,
27004,31183,261,183.382,751.0,15.129,113.922,31.286,3.161,114.422,69.46
27004,3119,11,252.056,200.0,12.463,194.694,269.881,6.451,195.179,57.362
27004,312,95,2300.911,1824.0,181.989,1764.787,1112.111,82.835,1803.482,536.124
27004,3121,95,2300.911,1824.0,181.989,1764.787,1112.111,82.835,1803.482,536.124
27004,31211,93,,,,,,,,
27004,325,22,,,,,,,,
27004,3254,5,21.845,73.0,5.614,42.203,3.031,0.267,42.249,-20.358
27004,327,39,396.301,360.0,7.128,283.145,118.215,12.882,300.737,113.156
27004,3273,24,236.883,234.0,3.868,167.806,94.648,10.4,170.377,69.077
27004,331,1,,,,,,,,
27004,43,847,7448.306,12861.0,922.64,2815.06,2400.507,197.058,22265.174,4633.246
27004,431,166,2887.954,5026.0,315.333,1317.688,545.342,73.114,10039.112,1570.266
27004,4311,149,2432.641,4566.0,287.75,1048.946,417.295,57.021,9191.566,1383.695
27004,43111,42,437.298,1240.0,52.629,157.18,38.415,5.658,2456.777,280.118
27004,43112,11,37.818,185.0,7.984,5.009,5.716,0.825,173.233,32.809
27004,431121,10,,,,,,,,
27004,431122,1,,,,,,,,
27004,43113,51,141.951,565.0,36.746,60.295,45.636,6.588,433.938,81.656
27004,43114,6,,,,,,,,
27004,43116,9,,,,,,,,
27004,43117,5,190.374,822.0,49.989,110.865,55.095,5.785,770.1,79.509
27004,4312,17,455.313,460.0,27.583,268.742,128.047,16.093,847.546,186.571
27004,43121,15,,,,,,,,
27004,431211,4,268.651,138.0,11.978,186.643,40.492,3.63,510.541,82.008
27004,433,88,914.882,1174.0,44.107,415.632,91.269,10.002,2577.999,499.25
27004,4331,35,679.353,449.0,13.657,361.009,24.408,2.837,1957.067,318.344
27004,46,9145,11026.146,41030.0,1079.563,4069.483,6654.329,737.014,33279.749,6956.663
27004,461,4373,843.125,8814.0,107.491,218.919,280.056,24.003,1908.793,624.206
27004,4611,3992,750.78,8181.0,100.566,179.574,253.856,22.142,1712.407,571.206
27004,46111,2457,272.453,4817.0,42.98,68.158,144.579,9.525,688.846,204.295
27004,46112,854,267.9,1718.0,15.917,56.325,62.319,7.105,637.523,211.575
27004,461121,475,222.313,1140.0,12.742,49.245,51.163,6.326,523.769,173.068
27004,461122,286,33.202,420.0,1.906,5.021,8.129,0.549,84.719,28.181
27004,46113,389,52.346,711.0,5.595,10.669,14.224,1.04,116.392,41.677
27004,46115,26,6.017,141.0,6.932,5.871,2.054,0.294,17.01,0.146
27004,4612,381,92.345,633.0,6.925,39.345,26.2,1.861,196.386,53.0
27004,46121,380,,,,,,,,
27004,461213,101,8.81,149.0,0.727,1.595,2.765,0.204,13.604,7.215
27004,462,444,3929.424,11240.0,285.699,1357.146,2289.745,151.032,11740.183,2572.278
27004,4621,420,2044.927,6833.0,78.988,924.731,1696.102,110.436,9148.943,1120.196
27004,46211,420,2044.927,6833.0,78.988,924.731,1696.102,110.436,9148.943,1120.196
27004,464,500,493.172,2826.0,117.224,260.542,153.234,24.963,1574.928,232.63
27004,4641,500,493.172,2826.0,117.224,260.542,153.234,24.963,1574.928,232.63
27004,46411,382,419.854,2502.0,107.505,229.643,101.402,20.446,1462.051,190.211
27004,467,491,705.363,2422.0,71.673,229.628,581.601,111.885,1884.618,475.735
27004,4671,491,705.363,2422.0,71.673,229.628,581.601,111.885,1884.618,475.735
27004,48-49,91,1628.607,5543.0,284.544,1037.119,1997.078,220.847,1084.249,591.488
27004,485,47,588.261,2961.0,66.137,432.646,627.867,123.288,441.124,155.615
27004,4852,18,195.063,709.0,39.749,113.638,159.141,27.02,116.428,81.425
28022,31-33,1300,22594.416,62411.0,6436.665,11908.046,11345.787,603.078,12669.958,10686.37
28022,311,448,748.643,1669.0,99.558,569.946,279.269,14.973,582.82,178.697
28022,3115,19,199.384,130.0,17.058,190.858,91.029,3.531,193.639,8.526
28022,31151,1,,,,,,,,
28022,3116,1,,,,,,,,
28022,31161,1,,,,,,,,
28022,3118,419,227.002,1127.0,25.321,131.804,82.33,6.363,135.151,95.198
28022,31181,253,79.682,590.0,7.657,46.763,28.258,1.965,47.318,32.919
28022,311812,253,79.682,590.0,7.657,46.763,28.258,1.965,47.318,32.919
28022,31183,166,147.32,537.0,17.664,85.041,54.072,4.397,87.833,62.279
28022,3119,5,,,,,,,,
28022,312,28,2016.296,1389.0,188.806,882.519,396.004,30.054,904.406,1133.777
28022,3121,28,2016.296,1389.0,188.806,882.519,396.004,30.054,904.406,1133.777
28022,31211,28,2016.296,1389.0,188.806,882.519,396.004,30.054,904.406,1133.777
28022,325,16,2609.558,991.0,120.571,1897.872,5374.005,232.173,2042.044,711.686
28022,327,33,568.716,1779.0,213.573,238.252,370.409,17.333,253.175,330.464
28022,3273,4,126.432,64.0,3.947,93.437,47.572,5.168,95.237,32.995
28022,3274,4,,,,,,,,
28022,331,2,,,,,,,,
28022,3312,1,,,,,,,,
28022,33122,1,,,,,,,,
28022,43,392,1071.674,3253.0,203.349,436.433,667.028,55.309,3178.844,635.241
28022,431,54,418.626,1221.0,66.896,216.683,198.478,17.744,1574.294,201.943
28022,4311,46,333.27,982.0,52.583,172.016,129.968,8.52,1217.018,161.254
28022,43111,14,33.256,154.0,10.954,9.194,20.439,1.637,134.22,24.062
28022,43112,10,23.977,88.0,4.158,9.348,27.579,1.452,160.151,14.629
28022,431121,9,,,,,,,,
28022,43113,5,,,,,,,,
28022,43114,1,,,,,,,,
28022,43116,3,,,,,,,,
28022,43117,1,,,,,,,,
28022,4312,8,85.356,239.0,14.313,44.667,68.51,9.224,357.276,40.689
28022,43121,7,,,,,,,,
28022,431211,3,,,,,,,,
28022,433,42,33.307,166.0,7.723,15.194,4.533,0.574,88.908,18.113
28022,4331,6,,,,,,,,
28022,46,6710,3545.944,19806.0,450.85,1367.289,2863.357,200.077,14670.726,2178.655
28022,461,2712,414.105,5193.0,45.054,133.951,241.573,16.942,1042.104,280.154
28022,4611,2629,386.257,4913.0,43.352,119.819,229.537,16.101,951.839,266.438
28022,46111,2227,219.596,3885.0,18.862,68.924,164.352,10.456,447.947,150.672
28022,46112,101,99.289,347.0,11.53,30.195,39.048,3.1,313.288,69.094
28022,461121,80,96.774,305.0,11.027,29.605,38.181,2.999,308.613,67.169
28022,461122,3,0.867,6.0,0.121,0.098,0.148,0.015,1.54,0.769
28022,46113,88,28.491,216.0,4.895,9.275,4.793,0.518,60.561,19.216
28022,46115,29,22.165,105.0,3.957,5.558,12.782,1.111,94.604,16.607
28022,4612,83,27.848,280.0,1.702,14.132,12.036,0.842,90.265,13.716
28022,46121,83,27.848,280.0,1.702,14.132,12.036,0.842,90.265,13.716
28022,461213,36,8.593,182.0,0.454,5.374,2.292,0.188,50.958,3.219
28022,462,653,1434.521,5292.0,86.568,584.794,1342.424,97.279,6049.706,849.727
28022,4621,640,1243.591,4770.0,60.196,549.557,1289.007,94.348,5683.647,694.034
28022,46211,640,1243.591,4770.0,60.196,549.557,1289.007,94.348,5683.647,694.034
28022,464,270,,,,,,,,
28022,4641,270,,,,,,,,
28022,46411,215,321.336,1186.0,71.408,98.327,159.026,5.856,713.254,223.009
28022,467,290,224.276,1109.0,58.459,71.046,280.357,17.498,691.976,153.23
28022,4671,290,224.276,1109.0,58.459,71.046,280.357,17.498,691.976,153.23
28022,48-49,176,1669.361,4837.0,244.483,1118.677,1277.361,130.895,1157.223,550.684
28022,485,32,346.348,2055.0,6.774,255.067,248.293,15.965,258.962,91.281
28038,31-33,958,1895.178,5231.0,249.348,1319.471,516.496,52.214,1505.592,575.707
28038,311,355,907.054,1906.0,91.176,669.016,140.822,15.588,813.448,238.038
28038,3114,1,,,,,,,,
28038,3115,24,397.504,515.0,41.882,306.309,33.66,3.74,308.765,91.195
28038,31151,11,385.453,455.0,38.963,299.286,28.95,3.233,301.708,86.167
28038,3116,4,,,,,,,,
28038,31161,4,,,,,,,,
28038,311612,1,,,,,,,,
28038,311613,2,,,,,,,,
28038,3118,311,235.018,1111.0,36.322,143.571,82.695,9.323,149.784,91.447
28038,31181,100,,,,,,,,
28038,311812,100,,,,,,,,
28038,31183,209,121.056,527.0,16.209,68.111,23.354,2.086,68.457,52.945
28038,3119,9,35.769,103.0,5.436,27.186,14.146,1.426,33.513,8.583
28038,31192,3,,,,,,,,
28038,312,50,105.765,378.0,40.273,46.23,148.681,8.715,48.764,59.535
28038,3121,50,105.765,378.0,40.273,46.23,148.681,8.715,48.764,59.535
28038,31211,49,,,,,,,,
28038,325,7,110.82,34.0,1.485,85.844,3.919,0.433,86.319,24.976
28038,3254,2,,,,,,,,
28038,327,17,16.88,61.0,2.175,11.933,6.79,0.683,11.989,4.947
28038,3273,7,13.506,36.0,1.491,9.163,2.032,0.227,9.168,4.343
28038,331,1,,,,,,,,
28038,3312,1,,,,,,,,
28038,33122,1,,,,,,,,
28038,43,471,1526.948,4450.0,280.343,711.913,677.978,87.188,5709.555,815.035
28038,431,66,377.988,718.0,32.617,120.606,173.911,18.254,1480.184,257.382
28038,4311,56,297.664,574.0,16.818,97.679,77.186,8.987,1240.66,199.985
28038,43111,6,35.245,54.0,3.098,2.524,4.739,0.929,70.106,32.721
28038,43112,19,76.54,201.0,6.721,26.067,31.545,3.236,621.439,50.473
28038,431121,8,,,,,,,,
28038,431122,2,,,,,,,,
28038,43113,15,6.04,33.0,0.771,1.263,0.508,0.119,10.905,4.777
28038,43114,1,,,,,,,,
28038,43116,3,,,,,,,,
28038,43117,1,,,,,,,,
28038,4312,10,80.324,144.0,15.799,22.927,96.725,9.267,239.524,57.397
28038,43121,8,,,,,,,,
28038,431211,4,,,,,,,,
28038,433,48,56.289,408.0,22.841,182.388,29.256,4.984,415.239,-126.099
28038,4331,17,20.688,177.0,11.698,162.403,17.973,2.489,293.865,-141.715
28038,46,5043,6481.064,22481.0,679.896,2080.134,2523.307,208.066,19599.294,4400.93
28038,461,2073,391.426,3934.0,47.114,122.683,150.557,10.607,1169.063,268.743
28038,4611,1972,367.394,3743.0,44.07,115.017,141.859,10.036,1111.126,252.377
28038,46111,1245,137.593,2077.0,9.19,33.483,79.73,5.114,283.554,104.11
28038,46112,322,138.667,806.0,20.11,57.503,46.5,3.416,627.382,81.164
28038,461121,188,61.536,442.0,13.679,25.472,16.361,1.23,148.333,36.064
28038,461122,41,6.628,65.0,1.176,1.861,1.442,0.121,15.962,4.767
28038,46113,159,32.887,317.0,2.988,8.041,2.213,0.303,61.674,24.846
28038,46115,51,9.292,108.0,1.379,2.267,0.719,0.096,21.314,7.025
28038,4612,101,24.032,191.0,3.044,7.666,8.698,0.571,57.937,16.366
28038,46121,101,24.032,191.0,3.044,7.666,8.698,0.571,57.937,16.366
28038,461213,56,3.524,84.0,0.488,1.025,2.554,0.131,8.394,2.499
28038,462,197,2395.839,6076.0,158.856,818.561,1194.538,97.472,8134.321,1577.278
28038,4621,179,1405.36,4243.0,90.832,616.056,972.676,85.795,6551.031,789.304
28038,46211,179,1405.36,4243.0,90.832,616.056,972.676,85.795,6551.031,789.304
28038,464,294,322.705,1342.0,67.759,108.178,147.537,9.556,649.026,214.527
28038,4641,294,322.705,1342.0,67.759,108.178,147.537,9.556,649.026,214.527
28038,46411,225,294.552,1135.0,61.748,93.991,117.083,6.789,602.351,200.561
28038,467,301,482.848,1489.0,47.31,155.113,159.331,12.891,864.916,327.735
28038,4671,301,482.848,1489.0,47.31,155.113,159.331,12.891,864.916,327.735
28038,48-49,108,1919.089,2468.0,145.398,1069.619,3344.973,499.846,1094.413,849.47
28038,481,1,,,,,,,,
28038,485,18,28.704,178.0,7.522,20.711,26.985,5.053,21.79,7.993
29026,31-33,103,35.568,287.0,5.894,21.004,87.961,9.073,21.231,14.564
29026,311,46,8.576,90.0,0.463,5.025,6.244,0.562,5.048,3.551
29026,3115,1,,,,,,,,
29026,31151,1,,,,,,,,
29026,3118,44,,,,,,,,
29026,31181,9,,,,,,,,
29026,311812,9,,,,,,,,
29026,31183,35,4.716,54.0,0.118,2.924,3.089,0.264,2.928,1.792
29026,312,2,,,,,,,,
29026,3121,2,,,,,,,,
29026,31211,2,,,,,,,,
29026,327,3,,,,,,,,
29026,3273,3,,,,,,,,
29026,43,13,8.929,54.0,1.826,5.381,2.45,0.425,36.615,3.548
29026,431,1,,,,,,,,
29026,4311,1,,,,,,,,
29026,43113,1,,,,,,,,
29026,433,1,,,,,,,,
29026,46,322,30.878,518.0,3.32,11.208,27.073,2.158,186.971,19.67
29026,461,213,7.8,319.0,0.333,2.159,11.56,0.8,18.689,5.641
29026,4611,207,7.307,313.0,0.333,1.984,11.285,0.781,17.608,5.323
29026,46111,154,4.894,225.0,0.133,1.199,7.407,0.479,11.153,3.695
29026,46112,26,1.617,38.0,0.152,0.347,1.212,0.102,3.703,1.27
29026,461121,14,1.084,21.0,0.088,0.239,0.771,0.065,2.346,0.845
29026,461122,12,0.533,17.0,0.064,0.108,0.441,0.037,1.357,0.425
29026,46113,12,0.192,24.0,0.0,0.175,1.884,0.112,1.065,0.017
29026,46115,3,,,,,,,,
29026,4612,6,0.493,6.0,0.0,0.175,0.275,0.019,1.081,0.318
29026,46121,6,0.493,6.0,0.0,0.175,0.275,0.019,1.081,0.318
29026,462,5,3.302,14.0,0.154,1.749,1.347,0.12,10.991,1.553
29026,4621,5,3.302,14.0,0.154,1.749,1.347,0.12,10.991,1.553
29026,46211,5,3.302,14.0,0.154,1.749,1.347,0.12,10.991,1.553
29026,464,14,1.99,23.0,0.187,0.344,0.542,0.053,2.005,1.646
29026,4641,14,1.99,23.0,0.187,0.344,0.542,0.053,2.005,1.646
29026,46411,14,1.99,23.0,0.187,0.344,0.542,0.053,2.005,1.646
29026,467,16,1.3,25.0,0.346,0.427,1.264,0.149,2.427,0.873
29026,4671,16,1.3,25.0,0.346,0.427,1.264,0.149,2.427,0.873
29026,48-49,1,,,,,,,,
30044,31-33,908,14932.733,6390.0,506.404,11342.297,2037.447,141.88,11714.82,3590.436
30044,311,295,13749.001,3233.0,306.693,10539.91,1549.622,83.601,10865.636,3209.091
30044,3114,3,,,,,,,,
30044,3115,13,5.238,21.0,0.111,1.948,0.612,0.046,1.948,3.29
30044,31151,3,2.305,7.0,0.0,0.8,0.013,0.001,0.8,1.505
30044,3116,2,,,,,,,,
30044,31161,2,,,,,,,,
30044,3118,247,173.285,864.0,24.637,96.702,43.628,4.337,97.623,76.583
30044,31181,115,,,,,,,,
30044,311812,115,,,,,,,,
30044,31183,131,79.129,331.0,7.782,47.331,18.328,1.791,47.399,31.798
30044,3119,15,1581.079,609.0,23.346,1414.568,405.575,27.722,1594.165,166.511
30044,31192,12,1579.06,586.0,23.346,1413.919,405.337,27.681,1593.516,165.141
30044,312,32,120.278,370.0,19.999,69.848,98.52,15.454,74.854,50.43
30044,3121,32,120.278,370.0,19.999,69.848,98.52,15.454,74.854,50.43
30044,31211,30,,,,,,,,
30044,325,7,236.76,77.0,8.262,217.693,47.465,6.217,218.283,19.067
30044,3254,2,,,,,,,,
30044,327,11,59.07,130.0,11.814,35.347,24.984,1.135,35.51,23.723
30044,3273,4,,,,,,,,
30044,3274,1,,,,,,,,
30044,331,3,,,,,,,,
30044,3312,1,,,,,,,,
30044,33122,1,,,,,,,,
30044,43,318,1555.014,3664.0,213.951,696.394,402.856,44.087,4779.792,858.62
30044,431,56,603.373,1694.0,122.607,257.066,141.958,17.504,1850.67,346.307
30044,4311,48,385.864,1121.0,88.916,150.094,99.347,11.17,1412.298,235.77
30044,43111,18,59.735,575.0,29.647,43.737,34.885,3.612,574.159,15.998
30044,43112,4,8.029,21.0,0.659,2.637,1.453,0.286,39.12,5.392
30044,431121,1,,,,,,,,
30044,431122,2,,,,,,,,
30044,43113,3,0.781,6.0,0.048,0.545,0.276,0.065,7.439,0.236
30044,43114,1,,,,,,,,
30044,43116,2,,,,,,,,
30044,43117,1,,,,,,,,
30044,4312,8,217.509,573.0,33.691,106.972,42.611,6.334,438.372,110.537
30044,43121,6,,,,,,,,
30044,431211,5,,,,,,,,
30044,433,15,34.382,331.0,20.819,117.551,19.157,2.055,251.112,-83.169
30044,4331,8,15.439,229.0,14.794,106.77,13.964,0.993,183.041,-91.331
30044,46,4715,2272.325,13958.0,363.261,830.261,1393.273,117.941,7468.219,1442.064
30044,461,2162,271.543,3747.0,40.257,58.504,112.914,7.538,474.029,213.039
30044,4611,2033,260.509,3514.0,37.571,54.916,104.644,6.732,444.844,205.593
30044,46111,1206,66.122,1948.0,9.818,16.945,63.006,3.825,164.53,49.177
30044,46112,230,60.18,397.0,5.768,7.929,6.996,0.535,96.727,52.251
30044,461121,110,28.46,210.0,3.455,6.325,5.566,0.38,59.533,22.135
30044,461122,112,30.781,168.0,2.083,1.427,1.38,0.15,35.901,29.354
30044,46113,298,24.012,481.0,1.41,6.22,7.486,0.558,45.516,17.792
30044,46115,53,7.53,108.0,1.213,1.694,1.998,0.171,13.711,5.836
30044,4612,129,11.034,233.0,2.686,3.588,8.27,0.805,29.185,7.446
30044,46121,128,,,,,,,,
30044,461213,65,2.905,97.0,0.314,0.544,3.69,0.334,4.84,2.361
30044,462,98,752.516,2344.0,83.096,268.045,563.188,52.592,2452.303,484.471
30044,4621,91,439.743,1710.0,57.035,216.365,411.284,48.08,1784.695,223.378
30044,46211,91,439.743,1710.0,57.035,216.365,411.284,48.08,1784.695,223.378
30044,464,170,144.484,706.0,37.226,42.704,34.99,2.657,309.185,101.78
30044,4641,170,144.484,706.0,37.226,42.704,34.99,2.657,309.185,101.78
30044,46411,139,136.614,640.0,36.334,39.968,32.376,2.385,298.381,96.646
30044,467,212,188.317,851.0,28.184,54.858,172.013,12.702,413.774,133.459
30044,4671,212,188.317,851.0,28.184,54.858,172.013,12.702,413.774,133.459
30044,48-49,71,1739.1,3714.0,244.156,1197.315,1486.083,169.3,1248.212,541.785
30044,485,26,481.397,1337.0,98.503,295.967,355.308,60.774,318.579,185.43
30044,4852,9,236.206,646.0,42.274,161.515,97.629,12.244,172.257,74.691
30141,31-33,355,358.098,1721.0,63.219,232.13,107.684,8.7,235.313,125.968
30141,311,154,79.859,401.0,7.431,47.721,24.493,1.855,47.86,32.138
30141,3115,11,3.718,24.0,0.37,2.224,1.247,0.099,2.237,1.494
30141,31151,6,2.618,15.0,0.261,1.441,0.581,0.049,1.453,1.177
30141,3116,3,,,,,,,,
30141,31161,3,,,,,,,,
30141,311613,1,,,,,,,,
30141,3118,139,76.02,364.0,6.994,45.37,23.139,1.749,45.496,30.65
30141,31181,46,,,,,,,,
30141,311812,46,,,,,,,,
30141,31183,92,30.504,188.0,2.431,17.64,9.655,0.728,17.704,12.864
30141,3119,1,,,,,,,,
30141,312,30,152.719,870.0,42.251,98.384,38.729,2.679,99.42,54.335
30141,3121,11,,,,,,,,
30141,31211,11,,,,,,,,
30141,325,4,0.57,7.0,0.06,0.387,0.067,0.009,0.387,0.183
30141,327,15,48.831,53.0,0.874,34.213,17.637,1.938,34.832,14.618
30141,3273,13,,,,,,,,
30141,43,93,522.417,942.0,85.582,147.891,111.77,10.8,1100.935,374.526
30141,431,20,444.009,643.0,74.682,129.357,73.272,5.995,883.015,314.652
30141,4311,13,211.844,257.0,27.293,72.425,18.652,2.716,566.082,139.419
30141,43111,3,,,,,,,,
30141,43113,1,,,,,,,,
30141,43114,1,,,,,,,,
30141,43116,2,,,,,,,,
30141,4312,7,232.165,386.0,47.389,56.932,54.62,3.279,316.933,175.233
30141,43121,5,,,,,,,,
30141,431211,4,,,,,,,,
30141,433,5,,,,,,,,
30141,4331,2,,,,,,,,
30141,46,1793,535.22,4351.0,89.243,177.844,313.765,22.786,1912.842,357.376
30141,461,1071,70.597,1784.0,11.253,15.983,43.162,2.751,144.149,54.614
30141,4611,1001,63.181,1670.0,9.639,14.777,40.787,2.561,130.777,48.404
30141,46111,693,35.563,1165.0,7.257,9.842,31.179,1.878,77.861,25.721
30141,46112,150,13.077,249.0,1.477,2.215,3.024,0.283,28.207,10.862
30141,461121,88,8.868,151.0,1.297,1.489,2.278,0.215,20.12,7.379
30141,461122,46,3.153,75.0,0.098,0.589,0.443,0.046,6.413,2.564
30141,46113,84,6.733,137.0,0.369,1.765,5.388,0.299,12.704,4.968
30141,46115,19,1.668,29.0,0.068,0.133,0.049,0.005,3.662,1.535
30141,4612,70,7.416,114.0,1.614,1.206,2.375,0.19,13.372,6.21
30141,46121,66,,,,,,,,
30141,461213,39,2.252,58.0,0.291,0.597,0.823,0.091,4.446,1.655
30141,462,26,,,,,,,,
30141,4621,22,81.671,419.0,9.633,47.415,44.933,4.698,513.362,34.256
30141,46211,22,81.671,419.0,9.633,47.415,44.933,4.698,513.362,34.256
30141,464,72,36.522,234.0,6.691,10.395,9.725,1.775,85.753,26.127
30141,4641,72,36.522,234.0,6.691,10.395,9.725,1.775,85.753,26.127
30141,46411,64,33.628,219.0,6.58,8.923,9.325,1.716,81.974,24.705
30141,467,59,30.531,229.0,7.381,6.335,24.297,2.229,113.126,24.196
30141,4671,59,30.531,229.0,7.381,6.335,24.297,2.229,113.126,24.196
30141,48-49,16,33.681,351.0,13.41,12.059,65.582,13.604,12.119,21.622
30141,485,3,,,,,,,,
30141,4852,1,,,,,,,,
30193,31-33,1421,42099.612,16375.0,3680.971,24328.446,5002.94,442.036,25348.427,17771.166
30193,311,403,6013.532,3517.0,285.547,4232.743,1253.501,102.221,4631.745,1780.789
30193,3114,3,290.017,395.0,35.377,228.205,100.003,8.265,237.026,61.812
30193,3115,16,1185.976,293.0,4.958,1084.046,130.445,12.824,1086.267,101.93
30193,31151,4,1179.161,268.0,3.825,1081.266,129.879,12.764,1083.484,97.895
30193,3116,4,205.56,157.0,40.362,155.093,27.508,0.479,158.999,50.467
30193,31161,4,205.56,157.0,40.362,155.093,27.508,0.479,158.999,50.467
30193,311613,2,,,,,,,,
30193,3118,364,2028.077,2021.0,140.139,1023.431,395.459,32.103,1062.974,1004.646
30193,31181,172,,,,,,,,
30193,311811,1,,,,,,,,
30193,311812,171,,,,,,,,
30193,31183,191,138.027,575.0,11.025,80.77,32.327,3.265,81.685,57.257
30193,3119,9,807.171,265.0,13.18,489.476,68.315,3.793,825.257,317.695
30193,31192,4,720.873,77.0,0.218,426.839,62.63,3.511,751.295,294.034
30193,312,72,110.48,485.0,10.646,81.026,154.567,8.225,85.747,29.454
30193,3121,70,,,,,,,,
30193,31211,68,,,,,,,,
30193,325,11,94.96,187.0,26.794,75.399,118.057,11.988,75.884,19.561
30193,3254,3,,,,,,,,
30193,327,28,381.394,309.0,27.196,295.754,156.933,15.596,299.529,85.64
30193,3273,18,372.992,273.0,25.078,289.927,154.986,15.441,293.661,83.065
30193,3274,1,,,,,,,,
30193,331,6,30699.805,5940.0,2675.442,16208.642,825.928,80.28,16571.698,14491.163
30193,3312,2,,,,,,,,
30193,33122,1,,,,,,,,
30193,43,770,5103.844,10438.0,743.426,1751.338,1626.23,136.422,17427.973,3352.506
30193,431,171,2161.046,4327.0,260.145,985.474,477.32,46.479,9306.645,1175.572
30193,4311,106,1870.041,3627.0,209.901,900.472,374.86,31.161,8746.46,969.569
30193,43111,28,282.165,636.0,39.154,141.558,92.335,7.532,1780.572,140.607
30193,43112,25,56.604,178.0,6.042,14.192,17.318,0.916,316.411,42.412
30193,431121,9,,,,,,,,
30193,431122,12,34.638,97.0,3.078,8.263,14.62,0.528,239.786,26.375
30193,43113,2,,,,,,,,
30193,43114,8,,,,,,,,
30193,43116,11,698.792,623.0,35.311,340.665,129.22,8.842,4411.245,358.127
30193,43117,6,,,,,,,,
30193,4312,65,291.005,700.0,50.244,85.002,102.46,15.318,560.185,206.003
30193,43121,65,291.005,700.0,50.244,85.002,102.46,15.318,560.185,206.003
30193,431211,4,,,,,,,,
30193,433,61,715.667,1009.0,47.542,91.424,83.562,9.415,2204.328,624.243
30193,4331,13,629.212,495.0,26.047,51.297,45.736,4.893,1897.053,577.915
30193,46,9023,5599.498,31961.0,837.174,2276.931,3434.524,238.488,20290.417,3322.567
30193,461,4433,715.557,8620.0,90.139,179.763,324.825,26.052,1634.042,535.794
30193,4611,4138,678.986,8138.0,86.603,164.161,311.66,25.191,1549.373,514.825
30193,46111,2599,274.793,4527.0,20.317,66.756,155.606,10.256,508.251,208.037
30193,46112,610,160.374,1364.0,22.347,34.905,53.942,4.865,413.779,125.469
30193,461121,274,100.039,701.0,14.568,19.279,28.469,2.85,224.085,80.76
30193,461122,264,39.415,428.0,4.753,7.488,15.908,1.277,112.297,31.927
30193,46113,579,114.803,1154.0,14.983,25.123,58.982,3.99,214.073,89.68
30193,46115,93,39.923,300.0,7.738,12.465,10.674,1.419,110.141,27.458
30193,4612,295,36.571,482.0,3.536,15.602,13.165,0.861,84.669,20.969
30193,46121,293,,,,,,,,
30193,461213,89,6.271,139.0,0.755,1.481,2.728,0.155,11.234,4.79
30193,462,349,,,,,,,,
30193,4621,326,1524.73,4688.0,71.471,791.392,1343.899,81.109,6383.49,733.338
30193,46211,326,1524.73,4688.0,71.471,791.392,1343.899,81.109,6383.49,733.338
30193,464,420,430.781,2214.0,89.558,159.509,102.777,7.646,1177.871,271.272
30193,4641,420,430.781,2214.0,89.558,159.509,102.777,7.646,1177.871,271.272
30193,46411,277,384.992,1859.0,81.587,136.722,76.899,5.327,1095.251,248.27
30193,467,508,503.912,2261.0,76.869,181.709,379.42,20.749,1256.932,322.203
30193,4671,508,503.912,2261.0,76.869,181.709,379.42,20.749,1256.932,322.203
30193,48-49,344,10291.123,13157.0,3270.982,4244.472,14240.604,543.836,4381.776,6046.651
30193,485,14,201.817,711.0,30.641,117.638,242.048,47.196,120.385,84.179
30193,4852,4,,,,,,,,
31050,31-33,3627,30594.449,34737.0,2191.912,22499.894,10152.165,745.755,23612.129,8094.555
31050,311,1255,9877.844,8955.0,536.646,6576.016,1930.1,123.385,7183.062,3301.828
31050,3114,8,,,,,,,,
31050,3115,70,120.67,204.0,6.979,90.806,28.417,2.568,92.304,29.864
31050,31151,4,,,,,,,,
31050,3116,12,814.739,767.0,94.897,563.894,312.769,15.072,678.986,250.845
31050,31161,12,814.739,767.0,94.897,563.894,312.769,15.072,678.986,250.845
31050,311612,5,,,,,,,,
31050,311613,4,,,,,,,,
31050,3118,1081,3204.429,5426.0,280.157,1660.392,696.653,52.7,2004.978,1544.037
31050,31181,534,,,,,,,,
31050,311811,1,,,,,,,,
31050,311812,533,,,,,,,,
31050,31183,541,286.682,1444.0,25.693,167.681,105.458,8.02,169.589,119.001
31050,3119,48,679.975,1057.0,42.497,404.309,360.621,23.836,419.767,275.666
31050,31192,1,,,,,,,,
31050,312,146,2803.746,4190.0,374.094,2366.634,1048.8,27.871,2495.198,437.112
31050,3121,145,,,,,,,,
31050,31211,137,2747.561,4101.0,367.404,2334.704,1037.065,26.252,2458.566,412.857
31050,325,49,452.905,494.0,39.695,382.934,99.06,8.189,386.893,69.971
31050,3254,5,,,,,,,,
31050,327,100,6915.088,1987.0,211.794,5101.643,824.129,50.852,5147.86,1813.445
31050,3273,55,6314.741,1510.0,191.571,4606.356,732.634,44.9,4650.671,1708.385
31050,3274,9,,,,,,,,
31050,331,7,,,,,,,,
31050,3312,2,,,,,,,,
31050,33122,1,,,,,,,,
31050,43,1642,6706.923,16658.0,1072.48,2316.134,3362.773,385.814,20861.867,4390.789
31050,431,176,1983.593,5392.0,400.003,671.684,907.729,117.432,5183.865,1311.909
31050,4311,146,1564.703,3641.0,319.278,533.702,462.09,56.888,4301.364,1031.001
31050,43111,26,136.103,589.0,22.749,65.923,26.441,3.847,689.738,70.18
31050,43112,34,216.671,741.0,91.31,53.559,82.606,7.929,403.276,163.112
31050,431121,10,,,,,,,,
31050,431122,13,,,,,,,,
31050,43113,17,51.659,137.0,6.183,15.766,59.029,12.075,190.982,35.893
31050,43114,4,,,,,,,,
31050,43116,13,,,,,,,,
31050,43117,5,178.997,651.0,44.491,97.409,58.332,5.813,660.03,81.588
31050,4312,30,418.89,1751.0,80.725,137.982,445.639,60.544,882.501,280.908
31050,43121,26,406.003,1687.0,70.743,128.858,380.019,54.154,744.266,277.145
31050,431211,13,246.773,1211.0,33.05,75.015,148.555,21.209,456.976,171.758
31050,433,141,1135.39,1892.0,98.182,254.317,309.869,58.651,3989.733,881.073
31050,4331,39,,,,,,,,
31050,46,15836,13969.508,60657.0,1561.892,5463.991,8121.908,600.554,44962.27,8505.517
31050,461,7132,1668.649,14596.0,122.633,586.843,779.946,55.718,4235.269,1081.806
31050,4611,6128,1348.52,12947.0,111.42,407.171,699.77,49.637,3411.506,941.349
31050,46111,3668,490.746,7384.0,36.177,147.339,382.128,25.389,1175.382,343.407
31050,46112,1144,576.057,2708.0,25.323,177.158,158.723,11.544,1559.764,398.899
31050,461121,653,476.713,1841.0,10.202,147.224,78.954,7.013,1294.557,329.489
31050,461122,447,40.901,699.0,3.877,8.072,49.041,2.685,123.158,32.829
31050,46113,671,116.987,1349.0,16.727,27.34,62.309,4.961,265.384,89.647
31050,46115,48,14.685,143.0,3.48,4.056,26.458,1.512,49.814,10.629
31050,4612,1004,320.129,1649.0,11.213,179.672,80.176,6.081,823.763,140.457
31050,46121,997,318.359,1630.0,10.619,178.831,80.003,6.061,819.05,139.528
31050,461213,185,18.506,359.0,3.347,4.524,10.799,0.709,42.842,13.982
31050,462,678,,,,,,,,
31050,4621,642,2881.8,9093.0,112.601,1495.564,2537.258,173.976,13320.622,1386.236
31050,46211,642,2881.8,9093.0,112.601,1495.564,2537.258,173.976,13320.622,1386.236
31050,464,791,560.744,3602.0,155.938,241.833,127.494,14.447,1918.06,318.911
31050,4641,791,560.744,3602.0,155.938,241.833,127.494,14.447,1918.06,318.911
31050,46411,500,421.611,2848.0,133.339,176.007,82.886,10.041,1631.034,245.604
31050,467,1051,1359.495,4646.0,198.303,365.66,719.448,70.73,3082.649,993.835
31050,4671,1051,1359.495,4646.0,198.303,365.66,719.448,70.73,3082.649,993.835
31050,48-49,181,2590.695,9233.0,641.509,1394.032,2949.894,467.475,1489.322,1196.663
31050,481,3,177.133,52.0,39.029,59.434,97.868,21.057,64.362,117.699
31050,485,60,1144.126,4686.0,362.003,556.095,1501.386,207.667,583.464,588.031
31050,4852,8,,,,,,,,
32010,31-33,695,1893.094,9011.0,569.773,1054.279,902.581,83.699,1108.417,838.815
32010,311,267,604.592,1512.0,70.749,475.106,187.384,15.992,501.417,129.486
32010,3114,19,25.697,176.0,7.912,10.128,52.557,3.67,15.278,15.569
32010,3115,27,44.844,161.0,4.788,30.163,11.797,2.047,30.202,14.681
32010,31151,3,37.166,101.0,4.24,27.229,7.078,1.709,27.236,9.937
32010,3116,2,,,,,,,,
32010,31161,2,,,,,,,,
32010,311612,1,,,,,,,,
32010,3118,213,197.721,918.0,35.341,126.203,85.478,7.715,129.049,71.518
32010,31181,78,,,,,,,,
32010,311812,78,,,,,,,,
32010,31183,134,77.387,377.0,7.843,44.434,38.402,3.142,44.997,32.953
32010,3119,4,,,,,,,,
32010,312,45,11.676,177.0,7.065,9.953,30.25,2.555,10.026,1.723
32010,3121,45,11.676,177.0,7.065,9.953,30.25,2.555,10.026,1.723
32010,31211,45,11.676,177.0,7.065,9.953,30.25,2.555,10.026,1.723
32010,325,1,,,,,,,,
32010,327,31,13.306,74.0,1.071,9.391,15.102,2.955,9.391,3.915
32010,3273,27,,,,,,,,
32010,3274,1,,,,,,,,
32010,331,1,,,,,,,,
32010,43,265,1074.612,2523.0,181.705,482.331,606.643,50.826,3382.597,592.281
32010,431,51,765.835,1360.0,114.047,366.657,243.276,26.658,2261.557,399.178
32010,4311,42,488.129,980.0,61.846,224.595,169.783,18.463,1749.721,263.534
32010,43111,6,,,,,,,,
32010,43112,1,,,,,,,,
32010,431122,1,,,,,,,,
32010,43113,8,10.393,46.0,1.854,3.477,5.851,0.509,19.45,6.916
32010,43114,1,,,,,,,,
32010,43116,2,,,,,,,,
32010,4312,9,277.706,380.0,52.201,142.062,73.493,8.195,511.836,135.644
32010,43121,8,,,,,,,,
32010,431211,4,,,,,,,,
32010,433,8,0.753,13.0,0.541,0.21,1.363,0.096,1.023,0.543
32010,4331,2,,,,,,,,
32010,46,3703,1824.409,9440.0,184.027,493.149,1112.212,79.298,5398.479,1331.26
32010,461,1759,338.073,3819.0,41.496,83.615,277.018,18.418,681.819,254.458
32010,4611,1664,323.162,3653.0,39.513,80.81,261.938,17.263,653.485,242.352
32010,46111,1151,86.998,2067.0,4.717,17.492,120.118,6.859,161.24,69.506
32010,46112,172,50.935,370.0,7.282,8.888,22.208,1.909,88.17,42.047
32010,461121,121,43.347,285.0,6.022,7.299,18.474,1.54,73.486,36.048
32010,461122,43,7.099,71.0,1.191,1.457,2.554,0.299,13.291,5.642
32010,46113,101,19.669,255.0,3.275,5.995,21.037,1.591,46.282,13.674
32010,46115,37,21.962,126.0,4.323,17.652,11.09,0.64,125.321,4.31
32010,4612,95,14.911,166.0,1.983,2.805,15.08,1.155,28.334,12.106
32010,46121,95,14.911,166.0,1.983,2.805,15.08,1.155,28.334,12.106
32010,461213,15,1.105,21.0,0.088,0.125,2.455,0.135,3.652,0.98
32010,462,63,,,,,,,,
32010,4621,58,204.948,767.0,5.214,100.038,236.785,16.245,1035.352,104.91
32010,46211,58,204.948,767.0,5.214,100.038,236.785,16.245,1035.352,104.91
32010,464,136,83.332,445.0,19.924,13.781,19.866,1.041,204.24,69.551
32010,4641,136,83.332,445.0,19.924,13.781,19.866,1.041,204.24,69.551
32010,46411,124,80.801,422.0,19.427,12.575,17.616,0.89,200.072,68.226
32010,467,160,60.59,500.0,16.765,15.201,56.961,6.265,150.232,45.389
32010,4671,160,60.59,500.0,16.765,15.201,56.961,6.265,150.232,45.389
32010,48-49,30,104.357,469.0,30.759,63.001,115.515,21.56,65.779,41.356
32010,485,15,66.129,359.0,26.258,42.64,72.366,13.475,43.676,23.489
32010,4852,4,,,,,,,,
