"Instituto Nacional de Estadística y Geografía",
"Consulta en línea de los precios promedio del INPC ",
"Publicados en el diario oficial de la Federación mensualmente ",
"Fecha de consulta: 17/09/2026 10:13:35",

"Año","Mes","Fecha_Pub_DOF","Clave ciudad","Nombre ciudad","División","Grupo","Clase","Subclase","Clave genérico","Genérico","Consecutivo","Especificación","Precio promedio","Cantidad","Unidad","Estatus"
"2014","11","22/12/2014 12:00:00 a. m.","01","Área Met. de la Cd. de México"," 1. Alimentos, bebidas y tabaco"," 1.1. Alimentos"," 1.1.1. Pan, tortillas y cereales"," 02 Pan","007","Pan de caja","001","FIILLER, INTEGRAL, CENTENO, BOLSA DE 450 GR","74.44","1","KG",""
"2014","11","22/12/2014 12:00:00 a. m.","01","Área Met. de la Cd. de México"," 1. Alimentos, bebidas y tabaco"," 1.1. Alimentos"," 1.1.1. Pan, tortillas y cereales"," 02 Pan","007","Pan de caja","002","BIMBO, BLANCO, BOLSA DE 680 GR","38.24","1","KG",""
"2014","11","22/12/2014 12:00:00 a. m.","01","Área Met. de la Cd. de México"," 1. Alimentos, bebidas y tabaco"," 1.1. Alimentos"," 1.1.1. Pan, tortillas y cereales"," 02 Pan","007","Pan de caja","003","WONDER, BLANCO, SUPER PAN, BOLSA DE 567 GR","46.72","1","KG",""
"2014","11","22/12/2014 12:00:00 a. m.","01","Área Met. de la Cd. de México"," 1. Alimentos, bebidas y tabaco"," 1.1. Alimentos"," 1.1.1. Pan, tortillas y cereales"," 02 Pan","007","Pan de caja","004","BIMBO, TOSTADO, BOLSA DE 210 GR","81.07","1","KG",""
"2014","11","22/12/2014 12:00:00 a. m.","01","Área Met. de la Cd. de México"," 1. Alimentos, bebidas y tabaco"," 1.1. Alimentos"," 1.1.1. Pan, tortillas y cereales"," 02 Pan","007","Pan de caja","005","WONDER, BLANCO, SUPER PAN, BOLSA DE 567 GR","48.15","1","KG",""
"2014","11","22/12/2014 12:00:00 a. m.","01","Área Met. de la Cd. de México"," 1. Alimentos, bebidas y tabaco"," 1.1. Alimentos"," 1.1.1. Pan, tortillas y cereales"," 02 Pan","007","Pan de caja","006","BIMBO, INTEGRAL, BOLSA DE 750 GR","34.67","1","KG",""
"2014","11","22/12/2014 12:00:00 a. m.","01","Área Met. de la Cd. de México"," 1. Alimentos, bebidas y tabaco"," 1.1. Alimentos"," 1.1.1. Pan, tortillas y cereales"," 02 Pan","007","Pan de caja","007","BIMBO, BLANCO, BOLSA DE 680 GR","35.51","1","KG",""
"2014","11","22/12/2014 12:00:00 a. m.","01","Área Met. de la Cd. de México"," 1. Alimentos, bebidas y tabaco"," 1.1. Alimentos"," 1.1.1. Pan, tortillas y cereales"," 02 Pan","007","Pan de caja","008","BIMBO, BLANCO, BOLSA DE 650 GR","37.49","1","KG",""
"2014","11","22/12/2014 12:00:00 a. m.","01","Área Met. de la Cd. de México"," 1. Alimentos, bebidas y tabaco"," 1.1. Alimentos"," 1.1.1. Pan, tortillas y cereales"," 02 Pan","007","Pan de caja","009","BIMBO, BLANCO, BOLSA DE 640 GR","37.5","1","KG",""
"2014","11","22/12/2014 12:00:00 a. m.","01","Área Met. de la Cd. de México"," 1. Alimentos, bebidas y tabaco"," 1.1. Alimentos"," 1.1.1. Pan, tortillas y cereales"," 02 Pan","007","Pan de caja","010","BIMBO, INTEGRAL, BOLSA DE 680 GR","41.18","1","KG",""
"2014","11","22/12/2014 12:00:00 a. m.","01","Área Met. de la Cd. de México"," 1. Alimentos, bebidas y tabaco"," 1.1. Alimentos"," 1.1.1. Pan, tortillas y cereales"," 02 Pan","007","Pan de caja","011","WONDER, INTEGRAL, SELECT, C/AJONJOLI, BOLSA DE 567 GR","45.86","1","KG",""
"2014","11","22/12/2014 12:00:00 a. m.","01","Área Met. de la Cd. de México"," 1. Alimentos, bebidas y tabaco"," 1.1. Alimentos"," 1.1.1. Pan, tortillas y cereales"," 02 Pan","007","Pan de caja","012","WONDER, MEDIAS NOCHES, SUPER HOT DOGS, BOLSA DE 650 GR","52.16","1","KG",""
"2014","11","22/12/2014 12:00:00 a. m.","01","Área Met. de la Cd. de México"," 1. Alimentos, bebidas y tabaco"," 1.1. Alimentos"," 1.1.1. Pan, tortillas y cereales"," 02 Pan","007","Pan de caja","013","BIMBO, BLANCO, BOLSA DE 640 GR","37.5","1","KG",""
"2014","11","22/12/2014 12:00:00 a. m.","01","Área Met. de la Cd. de México"," 1. Alimentos, bebidas y tabaco"," 1.1. Alimentos"," 1.1.1. Pan, tortillas y cereales"," 02 Pan","007","Pan de caja","014","BIMBO, BLANCO, BOLSA DE 640 GR","37.5","1","KG",""
"2014","11","22/12/2014 12:00:00 a. m.","01","Área Met. de la Cd. de México"," 1. Alimentos, bebidas y tabaco"," 1.1. Alimentos"," 1.1.1. Pan, tortillas y cereales"," 02 Pan","007","Pan de caja","015","BIMBO, INTEGRAL, BOLSA DE 675 GR","38.52","1","KG",""
"2014","11","22/12/2014 12:00:00 a. m.","01","Área Met. de la Cd. de México"," 1. Alimentos, bebidas y tabaco"," 1.1. Alimentos"," 1.1.1. Pan, tortillas y cereales"," 02 Pan","007","Pan de caja","016","BIMBO, INTEGRAL, BOLSA DE 680 GR","37.65","1","KG",""
"2014","11","22/12/2014 12:00:00 a. m.","01","Área Met. de la Cd. de México"," 1. Alimentos, bebidas y tabaco"," 1.1. Alimentos"," 1.1.1. Pan, tortillas y cereales"," 02 Pan","007","Pan de caja","017","BIMBO, INTEGRAL, BOLSA DE 750 GR","34.67","1","KG",""
"2014","11","22/12/2014 12:00:00 a. m.","01","Área Met. de la Cd. de México"," 1. Alimentos, bebidas y tabaco"," 1.1. Alimentos"," 1.1.1. Pan, tortillas y cereales"," 02 Pan","007","Pan de caja","018","BIMBO, BLANCO, BOLSA DE 680 GR","38.24","1","KG",""
"2014","11","22/12/2014 12:00:00 a. m.","01","Área Met. de la Cd. de México"," 1. Alimentos, bebidas y tabaco"," 1.1. Alimentos"," 1.1.1. Pan, tortillas y cereales"," 02 Pan","007","Pan de caja","019","BIMBO, BOLLOS, BIMBOLLOS, BOLSA C/6 PZAS DE 480 GR","54.03","1","KG",""
"2014","11","22/12/2014 12:00:00 a. m.","01","Área Met. de la Cd. de México"," 1. Alimentos, bebidas y tabaco"," 1.1. Alimentos"," 1.1.1. Pan, tortillas y cereales"," 02 Pan","007","Pan de caja","020","BIMBO, BLANCO, BOLSA DE 640 GR","37.5","1","KG",""
"2014","11","22/12/2014 12:00:00 a. m.","02","Mérida, Yuc."," 1. Alimentos, bebidas y tabaco"," 1.1. Alimentos"," 1.1.1. Pan, tortillas y cereales"," 02 Pan","007","Pan de caja","001","WONDER, INTEGRAL, 100%, BOLSA DE 567 GR","45.86","1","KG",""
"2014","11","22/12/2014 12:00:00 a. m.","02","Mérida, Yuc."," 1. Alimentos, bebidas y tabaco"," 1.1. Alimentos"," 1.1.1. Pan, tortillas y cereales"," 02 Pan","007","Pan de caja","002","BIMBO, TOSTADO, BOLSA DE 210 GR","80.95","1","KG","DESENCADENADO"
"2014","11","22/12/2014 12:00:00 a. m.","02","Mérida, Yuc."," 1. Alimentos, bebidas y tabaco"," 1.1. Alimentos"," 1.1.1. Pan, tortillas y cereales"," 02 Pan","007","Pan de caja","003","BIMBO, INTEGRAL, DOBLE FIBRA, BOLSA DE 567 GR","48.19","1","KG",""
"2014","11","22/12/2014 12:00:00 a. m.","02","Mérida, Yuc."," 1. Alimentos, bebidas y tabaco"," 1.1. Alimentos"," 1.1.1. Pan, tortillas y cereales"," 02 Pan","007","Pan de caja","004","BIMBO, BLANCO, PAQ DE 2 BOLSAS DE 680 GR C/U","30.99","1","KG",""
"2014","11","22/12/2014 12:00:00 a. m.","03","Morelia, Mich."," 1. Alimentos, bebidas y tabaco"," 1.1. Alimentos"," 1.1.1. Pan, tortillas y cereales"," 02 Pan","007","Pan de caja","001","BIMBO, TOSTADO, BOLSA DE 210 GR","85.71","1","KG",""
"2014","11","22/12/2014 12:00:00 a. m.","03","Morelia, Mich."," 1. Alimentos, bebidas y tabaco"," 1.1. Alimentos"," 1.1.1. Pan, tortillas y cereales"," 02 Pan","007","Pan de caja","002","WONDER, BOLLOS, SUPER BOLLOS, BOLSA C/8 PZAS DE 540 GR","55.56","1","KG",""
"2014","11","22/12/2014 12:00:00 a. m.","03","Morelia, Mich."," 1. Alimentos, bebidas y tabaco"," 1.1. Alimentos"," 1.1.1. Pan, tortillas y cereales"," 02 Pan","007","Pan de caja","003","BIMBO, BLANCO, BOLSA DE 680 GR","38.24","1","KG",""
"2014","11","22/12/2014 12:00:00 a. m.","03","Morelia, Mich."," 1. Alimentos, bebidas y tabaco"," 1.1. Alimentos"," 1.1.1. Pan, tortillas y cereales"," 02 Pan","007","Pan de caja","004","WONDER, INTEGRAL, 100%, BOLSA DE 567 GR","45.86","1","KG",""
"2014","11","22/12/2014 12:00:00 a. m.","04","Guadalajara, Jal."," 1. Alimentos, bebidas y tabaco"," 1.1. Alimentos"," 1.1.1. Pan, tortillas y cereales"," 02 Pan","007","Pan de caja","001","OROWEAT, INTEGRAL, 100%, BOLSA DE 680 GR","55.88","1","KG",""
"2014","11","22/12/2014 12:00:00 a. m.","04","Guadalajara, Jal."," 1. Alimentos, bebidas y tabaco"," 1.1. Alimentos"," 1.1.1. Pan, tortillas y cereales"," 02 Pan","007","Pan de caja","002","WONDER, INTEGRAL, 100%, BOLSA DE 567 GR","45.86","1","KG",""
"2014","11","22/12/2014 12:00:00 a. m.","04","Guadalajara, Jal."," 1. Alimentos, bebidas y tabaco"," 1.1. Alimentos"," 1.1.1. Pan, tortillas y cereales"," 02 Pan","007","Pan de caja","003","OROWEAT, MULTIGRANO, 12 GRANOS, BOLSA DE 680 GR","53","1","KG",""
"2014","11","22/12/2014 12:00:00 a. m.","04","Guadalajara, Jal."," 1. Alimentos, bebidas y tabaco"," 1.1. Alimentos"," 1.1.1. Pan, tortillas y cereales"," 02 Pan","007","Pan de caja","004","BIMBO, TOSTADO, BOLSA DE 210 GR","95.24","1","KG",""
"2014","11","22/12/2014 12:00:00 a. m.","04","Guadalajara, Jal."," 1. Alimentos, bebidas y tabaco"," 1.1. Alimentos"," 1.1.1. Pan, tortillas y cereales"," 02 Pan","007","Pan de caja","005","C EST SI BON, INTEGRAL, ULTRAGRANO, BOLSA DE 600 GR","60","1","KG",""
"2014","11","22/12/2014 12:00:00 a. m.","04","Guadalajara, Jal."," 1. Alimentos, bebidas y tabaco"," 1.1. Alimentos"," 1.1.1. Pan, tortillas y cereales"," 02 Pan","007","Pan de caja","006","WONDER, INTEGRAL, BOLSA DE 680 GR","36.86","1","KG",""
"2014","11","22/12/2014 12:00:00 a. m.","05","Monterrey, N.L."," 1. Alimentos, bebidas y tabaco"," 1.1. Alimentos"," 1.1.1. Pan, tortillas y cereales"," 02 Pan","007","Pan de caja","001","BIMBO, BLANCO, BOLSA DE 680 GR","38.24","1","KG",""
"2014","11","22/12/2014 12:00:00 a. m.","05","Monterrey, N.L."," 1. Alimentos, bebidas y tabaco"," 1.1. Alimentos"," 1.1.1. Pan, tortillas y cereales"," 02 Pan","007","Pan de caja","002","MP, INTEGRAL, BOLSA DE 680 GR","28.9","1","KG",""
"2014","11","22/12/2014 12:00:00 a. m.","05","Monterrey, N.L."," 1. Alimentos, bebidas y tabaco"," 1.1. Alimentos"," 1.1.1. Pan, tortillas y cereales"," 02 Pan","007","Pan de caja","003","BIMBO, INTEGRAL, BOLSA DE 675 GR","38.44","1","KG",""
"2014","11","22/12/2014 12:00:00 a. m.","05","Monterrey, N.L."," 1. Alimentos, bebidas y tabaco"," 1.1. Alimentos"," 1.1.1. Pan, tortillas y cereales"," 02 Pan","007","Pan de caja","004","MP, MEDIAS NOCHES, BOLSA DE 400 GR","33.63","1","KG",""
"2014","11","22/12/2014 12:00:00 a. m.","05","Monterrey, N.L."," 1. Alimentos, bebidas y tabaco"," 1.1. Alimentos"," 1.1.1. Pan, tortillas y cereales"," 02 Pan","007","Pan de caja","005","BIMBO, TOSTADO, BOLSA DE 210 GR","86.19","1","KG",""
"2014","11","22/12/2014 12:00:00 a. m.","05","Monterrey, N.L."," 1. Alimentos, bebidas y tabaco"," 1.1. Alimentos"," 1.1.1. Pan, tortillas y cereales"," 02 Pan","007","Pan de caja","006","SAM´S MP, BOLLOS, 12 PZAS, BOLSA DE 1400 GR","33.48","1","KG",""
"2014","11","22/12/2014 12:00:00 a. m.","05","Monterrey, N.L."," 1. Alimentos, bebidas y tabaco"," 1.1. Alimentos"," 1.1.1. Pan, tortillas y cereales"," 02 Pan","007","Pan de caja","007","BIMBO, BLANCO, BOLSA DE 680 GR","38.24","1","KG",""
"2014","11","22/12/2014 12:00:00 a. m.","05","Monterrey, N.L."," 1. Alimentos, bebidas y tabaco"," 1.1. Alimentos"," 1.1.1. Pan, tortillas y cereales"," 02 Pan","007","Pan de caja","008","SUNBEAM, BLANCO, BOLSA DE 567 GR","35.91","1","KG",""
"2014","11","22/12/2014 12:00:00 a. m.","06","Mexicali, B.C."," 1. Alimentos, bebidas y tabaco"," 1.1. Alimentos"," 1.1.1. Pan, tortillas y cereales"," 02 Pan","007","Pan de caja","001","SARA LEE, INTEGRAL, BOLSA DE 567 GR","43.39","1","KG",""
"2014","11","22/12/2014 12:00:00 a. m.","06","Mexicali, B.C."," 1. Alimentos, bebidas y tabaco"," 1.1. Alimentos"," 1.1.1. Pan, tortillas y cereales"," 02 Pan","007","Pan de caja","002","BIMBO, BLANCO, BOLSA DE 640 GR","43.77","1","KG",""
"2014","11","22/12/2014 12:00:00 a. m.","06","Mexicali, B.C."," 1. Alimentos, bebidas y tabaco"," 1.1. Alimentos"," 1.1.1. Pan, tortillas y cereales"," 02 Pan","007","Pan de caja","003","NATURES OWN, INTEGRAL, BOLSA DE 567 GR","43.21","1","KG",""
"2014","11","22/12/2014 12:00:00 a. m.","06","Mexicali, B.C."," 1. Alimentos, bebidas y tabaco"," 1.1. Alimentos"," 1.1.1. Pan, tortillas y cereales"," 02 Pan","007","Pan de caja","004","BIMBO, BLANCO, BOLSA DE 680 GR","39.71","1","KG",""
"2014","11","22/12/2014 12:00:00 a. m.","07","Cd. Juárez, Chih."," 1. Alimentos, bebidas y tabaco"," 1.1. Alimentos"," 1.1.1. Pan, tortillas y cereales"," 02 Pan","007","Pan de caja","001","SUMBEAM, BLANCO, BOLSA DE 567 GR","31.66","1","KG","DESENCADENADO"
"2014","11","22/12/2014 12:00:00 a. m.","07","Cd. Juárez, Chih."," 1. Alimentos, bebidas y tabaco"," 1.1. Alimentos"," 1.1.1. Pan, tortillas y cereales"," 02 Pan","007","Pan de caja","002","PULLMAN, BLANCO, BOLSA DE 680 GR","27.94","1","KG",""
"2014","11","22/12/2014 12:00:00 a. m.","07","Cd. Juárez, Chih."," 1. Alimentos, bebidas y tabaco"," 1.1. Alimentos"," 1.1.1. Pan, tortillas y cereales"," 02 Pan","007","Pan de caja","003","NATURE´S SUNSHINE, INTEGRAL, OWN HONEY, BOLSA DE 567 GR","47.97","1","KG",""
"2014","11","22/12/2014 12:00:00 a. m.","07","Cd. Juárez, Chih."," 1. Alimentos, bebidas y tabaco"," 1.1. Alimentos"," 1.1.1. Pan, tortillas y cereales"," 02 Pan","007","Pan de caja","004","PULLMAN, BLANCO, BOLSA DE 500 GR","43","1","KG",""
"2014","11","22/12/2014 12:00:00 a. m.","08","Acapulco, Gro."," 1. Alimentos, bebidas y tabaco"," 1.1. Alimentos"," 1.1.1. Pan, tortillas y cereales"," 02 Pan","007","Pan de caja","001","WONDER, INTEGRAL, 100%, BOLSA DE 567 GR","46.74","1","KG",""
"2014","11","22/12/2014 12:00:00 a. m.","08","Acapulco, Gro."," 1. Alimentos, bebidas y tabaco"," 1.1. Alimentos"," 1.1.1. Pan, tortillas y cereales"," 02 Pan","007","Pan de caja","002","BIMBO, BLANCO, BOLSA DE 680 GR","38.24","1","KG",""
"2014","11","22/12/2014 12:00:00 a. m.","08","Acapulco, Gro."," 1. Alimentos, bebidas y tabaco"," 1.1. Alimentos"," 1.1.1. Pan, tortillas y cereales"," 02 Pan","007","Pan de caja","003","BIMBO, INTEGRAL, BOLSA DE 390 GR","51.28","1","KG",""
"2014","11","22/12/2014 12:00:00 a. m.","08","Acapulco, Gro."," 1. Alimentos, bebidas y tabaco"," 1.1. Alimentos"," 1.1.1. Pan, tortillas y cereales"," 02 Pan","007","Pan de caja","004","WONDER, INTEGRAL, 100% CON AJONJOLI, BOLSA DE 567 GR","43.1","1","KG",""
"2014","11","22/12/2014 12:00:00 a. m.","09","Culiacán, Sin."," 1. Alimentos, bebidas y tabaco"," 1.1. Alimentos"," 1.1.1. Pan, tortillas y cereales"," 02 Pan","007","Pan de caja","001","BIMBO, BLANCO, BOLSA DE 680 GR","39.34","1","KG",""
"2014","11","22/12/2014 12:00:00 a. m.","09","Culiacán, Sin."," 1. Alimentos, bebidas y tabaco"," 1.1. Alimentos"," 1.1.1. Pan, tortillas y cereales"," 02 Pan","007","Pan de caja","002","BIMBO, INTEGRAL, BOLSA DE 675 GR","38.52","1","KG",""
"2014","11","22/12/2014 12:00:00 a. m.","09","Culiacán, Sin."," 1. Alimentos, bebidas y tabaco"," 1.1. Alimentos"," 1.1.1. Pan, tortillas y cereales"," 02 Pan","007","Pan de caja","003","BIMBO, BLANCO, BOLSA DE 640 GR","37.5","1","KG",""
"2014","11","22/12/2014 12:00:00 a. m.","09","Culiacán, Sin."," 1. Alimentos, bebidas y tabaco"," 1.1. Alimentos"," 1.1.1. Pan, tortillas y cereales"," 02 Pan","007","Pan de caja","004","WONDER, BLANCO, SUPER PAN, BOLSA DE 567 GR","46.74","1","KG",""
"2014","11","22/12/2014 12:00:00 a. m.","10","León, Gto."," 1. Alimentos, bebidas y tabaco"," 1.1. Alimentos"," 1.1.1. Pan, tortillas y cereales"," 02 Pan","007","Pan de caja","001","BIMBO, MULTIGRANO, BOLSA DE 540 GR","52.04","1","KG",""
"2014","11","22/12/2014 12:00:00 a. m.","10","León, Gto."," 1. Alimentos, bebidas y tabaco"," 1.1. Alimentos"," 1.1.1. Pan, tortillas y cereales"," 02 Pan","007","Pan de caja","002","BIMBO, BLANCO, BOLSA DE 680 GR","38.24","1","KG",""
"2014","11","22/12/2014 12:00:00 a. m.","10","León, Gto."," 1. Alimentos, bebidas y tabaco"," 1.1. Alimentos"," 1.1.1. Pan, tortillas y cereales"," 02 Pan","007","Pan de caja","003","WONDER, INTEGRAL, PREMIUM, CON AJONJOLI, BOLSA DE 567 GR","46.17","1","KG",""
"2014","11","22/12/2014 12:00:00 a. m.","10","León, Gto."," 1. Alimentos, bebidas y tabaco"," 1.1. Alimentos"," 1.1.1. Pan, tortillas y cereales"," 02 Pan","007","Pan de caja","004","BIMBO, INTEGRAL, BOLSA DE 680 GR","41.18","1","KG",""
"2014","11","22/12/2014 12:00:00 a. m.","11","Puebla, Pue."," 1. Alimentos, bebidas y tabaco"," 1.1. Alimentos"," 1.1.1. Pan, tortillas y cereales"," 02 Pan","007","Pan de caja","001","BIMBO, BLANCO, BOLSA DE 680 GR","38.24","1","KG",""
"2014","11","22/12/2014 12:00:00 a. m.","11","Puebla, Pue."," 1. Alimentos, bebidas y tabaco"," 1.1. Alimentos"," 1.1.1. Pan, tortillas y cereales"," 02 Pan","007","Pan de caja","002","BIMBO, TOSTADO, BOLSA DE 210 GR","85.71","1","KG",""
"2014","11","22/12/2014 12:00:00 a. m.","11","Puebla, Pue."," 1. Alimentos, bebidas y tabaco"," 1.1. Alimentos"," 1.1.1. Pan, tortillas y cereales"," 02 Pan","007","Pan de caja","003","WONDER, BLANCO, SUPER PAN, BOLSA DE 567 GR","42.2","1","KG",""
"2014","11","22/12/2014 12:00:00 a. m.","11","Puebla, Pue."," 1. Alimentos, bebidas y tabaco"," 1.1. Alimentos"," 1.1.1. Pan, tortillas y cereales"," 02 Pan","007","Pan de caja","004","BIMBO, BLANCO, BOLSA DE 640 GR","37.5","1","KG",""
"2014","11","22/12/2014 12:00:00 a. m.","11","Puebla, Pue."," 1. Alimentos, bebidas y tabaco"," 1.1. Alimentos"," 1.1.1. Pan, tortillas y cereales"," 02 Pan","007","Pan de caja","005","BIMBO, PAN MOLIDO, CLASICO, BOLSA DE 210 GR","55.36","1","KG",""
"2014","11","22/12/2014 12:00:00 a. m.","11","Puebla, Pue."," 1. Alimentos, bebidas y tabaco"," 1.1. Alimentos"," 1.1.1. Pan, tortillas y cereales"," 02 Pan","007","Pan de caja","006","OROWEAT, INTEGRAL, 100%, BOLSA DE 680 GR","57.35","1","KG",""
"2014","11","22/12/2014 12:00:00 a. m.","12","San Luis Potosí, S.L.P."," 1. Alimentos, bebidas y tabaco"," 1.1. Alimentos"," 1.1.1. Pan, tortillas y cereales"," 02 Pan","007","Pan de caja","001","MP, BLANCO, BOLSA DE 680 GR","25.96","1","KG",""
"2014","11","22/12/2014 12:00:00 a. m.","12","San Luis Potosí, S.L.P."," 1. Alimentos, bebidas y tabaco"," 1.1. Alimentos"," 1.1.1. Pan, tortillas y cereales"," 02 Pan","007","Pan de caja","002","WONDER, INTEGRAL, 100% CON AJONJOLI, BOLSA DE 567 GR","43.87","1","KG",""
"2014","11","22/12/2014 12:00:00 a. m.","12","San Luis Potosí, S.L.P."," 1. Alimentos, bebidas y tabaco"," 1.1. Alimentos"," 1.1.1. Pan, tortillas y cereales"," 02 Pan","007","Pan de caja","003","BIMBO, INTEGRAL, BOLSA DE 680 GR","41.18","1","KG",""
"2014","11","22/12/2014 12:00:00 a. m.","12","San Luis Potosí, S.L.P."," 1. Alimentos, bebidas y tabaco"," 1.1. Alimentos"," 1.1.1. Pan, tortillas y cereales"," 02 Pan","007","Pan de caja","004","SUNBEAM, BLANCO, BOLSA DE 567 GR","33.33","1","KG",""
"2014","11","22/12/2014 12:00:00 a. m.","13","Tapachula, Chis."," 1. Alimentos, bebidas y tabaco"," 1.1. Alimentos"," 1.1.1. Pan, tortillas y cereales"," 02 Pan","007","Pan de caja","001","BIMBO, TOSTADO, BOLSA DE 210 GR","80.95","1","KG",""
"2014","11","22/12/2014 12:00:00 a. m.","13","Tapachula, Chis."," 1. Alimentos, bebidas y tabaco"," 1.1. Alimentos"," 1.1.1. Pan, tortillas y cereales"," 02 Pan","007","Pan de caja","002","BIMBO, BLANCO, BOLSA DE 640 GR","37.5","1","KG",""
"2014","11","22/12/2014 12:00:00 a. m.","13","Tapachula, Chis."," 1. Alimentos, bebidas y tabaco"," 1.1. Alimentos"," 1.1.1. Pan, tortillas y cereales"," 02 Pan","007","Pan de caja","003","WONDER, INTEGRAL, 100% CON AJONJOLI, BOLSA DE 567 GR","41.09","1","KG",""
"2014","11","22/12/2014 12:00:00 a. m.","13","Tapachula, Chis."," 1. Alimentos, bebidas y tabaco"," 1.1. Alimentos"," 1.1.1. Pan, tortillas y cereales"," 02 Pan","007","Pan de caja","004","WONDER, BOLLOS, SUPER BOLLOS, BOLSA C/8 PZAS DE 540 GR","49.86","1","KG",""
"2014","11","22/12/2014 12:00:00 a. m.","14","Toluca, Edo. de Méx."," 1. Alimentos, bebidas y tabaco"," 1.1. Alimentos"," 1.1.1. Pan, tortillas y cereales"," 02 Pan","007","Pan de caja","001","BIMBO, MEDIAS NOCHES, BOLSA C/8 PZAS DE 290 GR","62.07","1","KG",""
"2014","11","22/12/2014 12:00:00 a. m.","14","Toluca, Edo. de Méx."," 1. Alimentos, bebidas y tabaco"," 1.1. Alimentos"," 1.1.1. Pan, tortillas y cereales"," 02 Pan","007","Pan de caja","002","BIMBO, BLANCO, BOLSA DE 680 GR","38.24","1","KG",""
"2014","11","22/12/2014 12:00:00 a. m.","14","Toluca, Edo. de Méx."," 1. Alimentos, bebidas y tabaco"," 1.1. Alimentos"," 1.1.1. Pan, tortillas y cereales"," 02 Pan","007","Pan de caja","003","WONDER, BOLLOS, SUPER BOLLOS, BOLSA C/8 PZAS DE 450 GR","51.11","1","KG",""
"2014","11","22/12/2014 12:00:00 a. m.","14","Toluca, Edo. de Méx."," 1. Alimentos, bebidas y tabaco"," 1.1. Alimentos"," 1.1.1. Pan, tortillas y cereales"," 02 Pan","007","Pan de caja","004","BIMBO, INTEGRAL, BOLSA DE 750 GR","37.33","1","KG",""
"2014","11","22/12/2014 12:00:00 a. m.","15","Torreón, Coah."," 1. Alimentos, bebidas y tabaco"," 1.1. Alimentos"," 1.1.1. Pan, tortillas y cereales"," 02 Pan","007","Pan de caja","001","WONDER, BLANCO, SUPER PAN, BOLSA DE 567 GR","46.3","1","KG",""
"2014","11","22/12/2014 12:00:00 a. m.","15","Torreón, Coah."," 1. Alimentos, bebidas y tabaco"," 1.1. Alimentos"," 1.1.1. Pan, tortillas y cereales"," 02 Pan","007","Pan de caja","002","BIMBO, INTEGRAL, MULTIGRANO, LINAZA, BOLSA DE 540 GR","47.73","1","KG",""
"2014","11","22/12/2014 12:00:00 a. m.","15","Torreón, Coah."," 1. Alimentos, bebidas y tabaco"," 1.1. Alimentos"," 1.1.1. Pan, tortillas y cereales"," 02 Pan","007","Pan de caja","003","SUNBEAM, BLANCO, BOLSA DE 567 GR","36.16","1","KG",""
"2014","11","22/12/2014 12:00:00 a. m.","15","Torreón, Coah."," 1. Alimentos, bebidas y tabaco"," 1.1. Alimentos"," 1.1.1. Pan, tortillas y cereales"," 02 Pan","007","Pan de caja","004","CRISTY, INTEGRAL, BOLSA DE 700 GR","34.14","1","KG",""
"2014","11","22/12/2014 12:00:00 a. m.","16","Veracruz, Ver."," 1. Alimentos, bebidas y tabaco"," 1.1. Alimentos"," 1.1.1. Pan, tortillas y cereales"," 02 Pan","007","Pan de caja","001","BIMBO, BLANCO, BOLSA DE 740 GR","39.19","1","KG",""
"2014","11","22/12/2014 12:00:00 a. m.","16","Veracruz, Ver."," 1. Alimentos, bebidas y tabaco"," 1.1. Alimentos"," 1.1.1. Pan, tortillas y cereales"," 02 Pan","007","Pan de caja","002","WONDER, INTEGRAL, 100% CON AJONJOLI, BOLSA DE 567 GR","47.62","1","KG",""
"2014","11","22/12/2014 12:00:00 a. m.","16","Veracruz, Ver."," 1. Alimentos, bebidas y tabaco"," 1.1. Alimentos"," 1.1.1. Pan, tortillas y cereales"," 02 Pan","007","Pan de caja","003","BIMBO, MULTIGRANO, BOLSA DE 540 GR","48.84","1","KG",""
"2014","11","22/12/2014 12:00:00 a. m.","16","Veracruz, Ver."," 1. Alimentos, bebidas y tabaco"," 1.1. Alimentos"," 1.1.1. Pan, tortillas y cereales"," 02 Pan","007","Pan de caja","004","OROWEAT, INTEGRAL, 100%, BOLSA DE 680 GR","57.35","1","KG",""
"2014","11","22/12/2014 12:00:00 a. m.","17","Villahermosa, Tab."," 1. Alimentos, bebidas y tabaco"," 1.1. Alimentos"," 1.1.1. Pan, tortillas y cereales"," 02 Pan","007","Pan de caja","001","MP, BLANCO, BOLSA DE 760 GR","20.63","1","KG",""
"2014","11","22/12/2014 12:00:00 a. m.","17","Villahermosa, Tab."," 1. Alimentos, bebidas y tabaco"," 1.1. Alimentos"," 1.1.1. Pan, tortillas y cereales"," 02 Pan","007","Pan de caja","002","WONDER, BLANCO, SUPER PAN, BOLSA DE 567 GR","45.86","1","KG",""
"2014","11","22/12/2014 12:00:00 a. m.","17","Villahermosa, Tab."," 1. Alimentos, bebidas y tabaco"," 1.1. Alimentos"," 1.1.1. Pan, tortillas y cereales"," 02 Pan","007","Pan de caja","003","BIMBO, BLANCO, BOLSA DE 640 GR","37.5","1","KG",""
"2014","11","22/12/2014 12:00:00 a. m.","17","Villahermosa, Tab."," 1. Alimentos, bebidas y tabaco"," 1.1. Alimentos"," 1.1.1. Pan, tortillas y cereales"," 02 Pan","007","Pan de caja","004","BIMBO, INTEGRAL, PAQ DE 2 BOLSAS DE 680 GR C/U","36.78","1","KG",""
"2014","11","22/12/2014 12:00:00 a. m.","18","Tampico, Tamps."," 1. Alimentos, bebidas y tabaco"," 1.1. Alimentos"," 1.1.1. Pan, tortillas y cereales"," 02 Pan","007","Pan de caja","001","MY BRAND, BOLLOS, BOLSA DE 440 GR","39.54","1","KG",""
"2014","11","22/12/2014 12:00:00 a. m.","18","Tampico, Tamps."," 1. Alimentos, bebidas y tabaco"," 1.1. Alimentos"," 1.1.1. Pan, tortillas y cereales"," 02 Pan","007","Pan de caja","002","BIMBO, BLANCO, BOLSA DE 680 GR","38.24","1","KG",""
"2014","11","22/12/2014 12:00:00 a. m.","18","Tampico, Tamps."," 1. Alimentos, bebidas y tabaco"," 1.1. Alimentos"," 1.1.1. Pan, tortillas y cereales"," 02 Pan","007","Pan de caja","003","SUNBEAM, BLANCO, BOLSA DE 567 GR","34.39","1","KG",""
"2014","11","22/12/2014 12:00:00 a. m.","18","Tampico, Tamps."," 1. Alimentos, bebidas y tabaco"," 1.1. Alimentos"," 1.1.1. Pan, tortillas y cereales"," 02 Pan","007","Pan de caja","004","WONDER, MEDIAS NOCHES, HOT DOGS, BOLSA DE 340 GR","51.47","1","KG",""
"2014","11","22/12/2014 12:00:00 a. m.","19","Chihuahua, Chih."," 1. Alimentos, bebidas y tabaco"," 1.1. Alimentos"," 1.1.1. Pan, tortillas y cereales"," 02 Pan","007","Pan de caja","001","BIMBO, BLANCO, BOLSA DE 680 GR","38.22","1","KG",""
"2014","11","22/12/2014 12:00:00 a. m.","19","Chihuahua, Chih."," 1. Alimentos, bebidas y tabaco"," 1.1. Alimentos"," 1.1.1. Pan, tortillas y cereales"," 02 Pan","007","Pan de caja","002","BIMBO, INTEGRAL, BOLSA DE 680 GR","44.12","1","KG",""
"2014","11","22/12/2014 12:00:00 a. m.","19","Chihuahua, Chih."," 1. Alimentos, bebidas y tabaco"," 1.1. Alimentos"," 1.1.1. Pan, tortillas y cereales"," 02 Pan","007","Pan de caja","003","WONDER, BLANCO, SUPER PAN, BOLSA DE 567 GR","46.74","1","KG",""
"2014","11","22/12/2014 12:00:00 a. m.","19","Chihuahua, Chih."," 1. Alimentos, bebidas y tabaco"," 1.1. Alimentos"," 1.1.1. Pan, tortillas y cereales"," 02 Pan","007","Pan de caja","004","WONDER, INTEGRAL, BOLSA DE 567 GR","49.65","1","KG",""
"2014","11","22/12/2014 12:00:00 a. m.","20","Hermosillo, Son."," 1. Alimentos, bebidas y tabaco"," 1.1. Alimentos"," 1.1.1. Pan, tortillas y cereales"," 02 Pan","007","Pan de caja","001","BIMBO, TOSTADO, BOLSA DE 210 GR","80.95","1","KG",""
"2014","11","22/12/2014 12:00:00 a. m.","20","Hermosillo, Son."," 1. Alimentos, bebidas y tabaco"," 1.1. Alimentos"," 1.1.1. Pan, tortillas y cereales"," 02 Pan","007","Pan de caja","002","BIMBO, BLANCO, BOLSA DE 640 GR","37.5","1","KG",""
"2014","11","22/12/2014 12:00:00 a. m.","20","Hermosillo, Son."," 1. Alimentos, bebidas y tabaco"," 1.1. Alimentos"," 1.1.1. Pan, tortillas y cereales"," 02 Pan","007","Pan de caja","003","WONDER, INTEGRAL, 100%, BOLSA DE 567 GR","43.98","1","KG",""
"2014","11","22/12/2014 12:00:00 a. m.","20","Hermosillo, Son."," 1. Alimentos, bebidas y tabaco"," 1.1. Alimentos"," 1.1.1. Pan, tortillas y cereales"," 02 Pan","007","Pan de caja","004","BIMBO, BLANCO, BOLSA DE 680 GR","38.24","1","KG",""
"2014","11","22/12/2014 12:00:00 a. m.","21","Monclova, Coah."," 1. Alimentos, bebidas y tabaco"," 1.1. Alimentos"," 1.1.1. Pan, tortillas y cereales"," 02 Pan","007","Pan de caja","001","BIMBO, TOSTADO, BOLSA DE 210 GR","85.71","1","KG",""
"2014","11","22/12/2014 12:00:00 a. m.","21","Monclova, Coah."," 1. Alimentos, bebidas y tabaco"," 1.1. Alimentos"," 1.1.1. Pan, tortillas y cereales"," 02 Pan","007","Pan de caja","002","BIMBO, BLANCO, BOLSA DE 680 GR","41.18","1","KG",""
"2014","11","22/12/2014 12:00:00 a. m.","21","Monclova, Coah."," 1. Alimentos, bebidas y tabaco"," 1.1. Alimentos"," 1.1.1. Pan, tortillas y cereales"," 02 Pan","007","Pan de caja","003","MP, BLANCO, BOLSA DE 620 GR","22.58","1","KG",""
"2014","11","22/12/2014 12:00:00 a. m.","21","Monclova, Coah."," 1. Alimentos, bebidas y tabaco"," 1.1. Alimentos"," 1.1.1. Pan, tortillas y cereales"," 02 Pan","007","Pan de caja","004","BIMBO, INTEGRAL, BOLSA DE 675 GR","38.52","1","KG",""
"2014","11","22/12/2014 12:00:00 a. m.","22","Córdoba, Ver."," 1. Alimentos, bebidas y tabaco"," 1.1. Alimentos"," 1.1.1. Pan, tortillas y cereales"," 02 Pan","007","Pan de caja","001","BIMBO, BLANCO, BOLSA DE 680 GR","37.21","1","KG",""
"2014","11","22/12/2014 12:00:00 a. m.","22","Córdoba, Ver."," 1. Alimentos, bebidas y tabaco"," 1.1. Alimentos"," 1.1.1. Pan, tortillas y cereales"," 02 Pan","007","Pan de caja","002","WONDER, BOLLOS, SUPER BOLLOS, BOLSA C/8 PZAS DE 540 GR","49.07","1","KG",""
"2014","11","22/12/2014 12:00:00 a. m.","22","Córdoba, Ver."," 1. Alimentos, bebidas y tabaco"," 1.1. Alimentos"," 1.1.1. Pan, tortillas y cereales"," 02 Pan","007","Pan de caja","003","WONDER, TOSTADO, BOLSA DE 180 GR","94.44","1","KG",""
"2014","11","22/12/2014 12:00:00 a. m.","22","Córdoba, Ver."," 1. Alimentos, bebidas y tabaco"," 1.1. Alimentos"," 1.1.1. Pan, tortillas y cereales"," 02 Pan","007","Pan de caja","004","BIMBO, INTEGRAL, BOLSA DE 675 GR","38.52","1","KG",""
"2014","11","22/12/2014 12:00:00 a. m.","23","Aguascalientes, Ags."," 1. Alimentos, bebidas y tabaco"," 1.1. Alimentos"," 1.1.1. Pan, tortillas y cereales"," 02 Pan","007","Pan de caja","001","BIMBO, BLANCO, BOLSA DE 680 GR","38.24","1","KG",""
"2014","11","22/12/2014 12:00:00 a. m.","23","Aguascalientes, Ags."," 1. Alimentos, bebidas y tabaco"," 1.1. Alimentos"," 1.1.1. Pan, tortillas y cereales"," 02 Pan","007","Pan de caja","002","BIMBO, INTEGRAL, BOLSA DE 480 GR","47.92","1","KG",""
"2014","11","22/12/2014 12:00:00 a. m.","23","Aguascalientes, Ags."," 1. Alimentos, bebidas y tabaco"," 1.1. Alimentos"," 1.1.1. Pan, tortillas y cereales"," 02 Pan","007","Pan de caja","003","BIMBO, BOLLOS, BIMBOLLOS, BOLSA C/8 PZAS DE 450 GR","57.78","1","KG",""
"2014","11","22/12/2014 12:00:00 a. m.","23","Aguascalientes, Ags."," 1. Alimentos, bebidas y tabaco"," 1.1. Alimentos"," 1.1.1. Pan, tortillas y cereales"," 02 Pan","007","Pan de caja","004","SUPERIOR, BLANCO, BOLSA DE 650 GR","36.77","1","KG",""
"2014","11","22/12/2014 12:00:00 a. m.","24","Tijuana, B.C."," 1. Alimentos, bebidas y tabaco"," 1.1. Alimentos"," 1.1.1. Pan, tortillas y cereales"," 02 Pan","007","Pan de caja","001","BIMBO, BLANCO, BOLSA DE 680 GR","39.71","1","KG",""
"2014","11","22/12/2014 12:00:00 a. m.","24","Tijuana, B.C."," 1. Alimentos, bebidas y tabaco"," 1.1. Alimentos"," 1.1.1. Pan, tortillas y cereales"," 02 Pan","007","Pan de caja","002","BIMBO, BLANCO, BOLSA DE 640 GR","40.63","1","KG",""
"2014","11","22/12/2014 12:00:00 a. m.","24","Tijuana, B.C."," 1. Alimentos, bebidas y tabaco"," 1.1. Alimentos"," 1.1.1. Pan, tortillas y cereales"," 02 Pan","007","Pan de caja","003","BIMBO, INTEGRAL, BOLSA DE 675 GR","42.96","1","KG",""
"2014","11","22/12/2014 12:00:00 a. m.","24","Tijuana, B.C."," 1. Alimentos, bebidas y tabaco"," 1.1. Alimentos"," 1.1.1. Pan, tortillas y cereales"," 02 Pan","007","Pan de caja","004","OROWEAT, INTEGRAL, 100%, BOLSA DE 680 GR","53.93","1","KG",""
"2014","11","22/12/2014 12:00:00 a. m.","25","Matamoros, Tamps."," 1. Alimentos, bebidas y tabaco"," 1.1. Alimentos"," 1.1.1. Pan, tortillas y cereales"," 02 Pan","007","Pan de caja","001","BIMBO, BLANCO, BOLSA DE 680 GR","38.24","1","KG",""
"2014","11","22/12/2014 12:00:00 a. m.","25","Matamoros, Tamps."," 1. Alimentos, bebidas y tabaco"," 1.1. Alimentos"," 1.1.1. Pan, tortillas y cereales"," 02 Pan","007","Pan de caja","002","MP, INTEGRAL, BOLSA DE 680 GR","27.06","1","KG",""
"2014","11","22/12/2014 12:00:00 a. m.","25","Matamoros, Tamps."," 1. Alimentos, bebidas y tabaco"," 1.1. Alimentos"," 1.1.1. Pan, tortillas y cereales"," 02 Pan","007","Pan de caja","003","SUNBEAM, BLANCO, BOLSA DE 567 GR","35.38","1","KG",""
"2014","11","22/12/2014 12:00:00 a. m.","25","Matamoros, Tamps."," 1. Alimentos, bebidas y tabaco"," 1.1. Alimentos"," 1.1.1. Pan, tortillas y cereales"," 02 Pan","007","Pan de caja","004","BIMBO, MEDIAS NOCHES, BOLSA C/8 PZAS DE 340 GR","43.82","1","KG",""
"2014","11","22/12/2014 12:00:00 a. m.","26","Colima, Col."," 1. Alimentos, bebidas y tabaco"," 1.1. Alimentos"," 1.1.1. Pan, tortillas y cereales"," 02 Pan","007","Pan de caja","001","BIMBO, BLANCO, BOLSA DE 640 GR","37.5","1","KG",""
"2014","11","22/12/2014 12:00:00 a. m.","26","Colima, Col."," 1. Alimentos, bebidas y tabaco"," 1.1. Alimentos"," 1.1.1. Pan, tortillas y cereales"," 02 Pan","007","Pan de caja","002","WONDER, INTEGRAL, C/AJONJOLI, BOLSA DE 567 GR","44.97","1","KG",""
"2014","11","22/12/2014 12:00:00 a. m.","26","Colima, Col."," 1. Alimentos, bebidas y tabaco"," 1.1. Alimentos"," 1.1.1. Pan, tortillas y cereales"," 02 Pan","007","Pan de caja","003","BIMBO, INTEGRAL, BOLSA DE 670 GR","38.81","1","KG",""
"2014","11","22/12/2014 12:00:00 a. m.","26","Colima, Col."," 1. Alimentos, bebidas y tabaco"," 1.1. Alimentos"," 1.1.1. Pan, tortillas y cereales"," 02 Pan","007","Pan de caja","004","OROWEAT, INTEGRAL, 100%, BOLSA DE 680 GR","57.35","1","KG",""
"2014","11","22/12/2014 12:00:00 a. m.","27","La Paz, B.C.S."," 1. Alimentos, bebidas y tabaco"," 1.1. Alimentos"," 1.1.1. Pan, tortillas y cereales"," 02 Pan","007","Pan de caja","001","BIMBO, BLANCO, BOLSA DE 680 GR","39.71","1","KG",""
"2014","11","22/12/2014 12:00:00 a. m.","27","La Paz, B.C.S."," 1. Alimentos, bebidas y tabaco"," 1.1. Alimentos"," 1.1.1. Pan, tortillas y cereales"," 02 Pan","007","Pan de caja","002","BIMBO, INTEGRAL, BOLSA DE 390 GR","53.85","1","KG",""
"2014","11","22/12/2014 12:00:00 a. m.","27","La Paz, B.C.S."," 1. Alimentos, bebidas y tabaco"," 1.1. Alimentos"," 1.1.1. Pan, tortillas y cereales"," 02 Pan","007","Pan de caja","003","BENAVENTO, INTEGRAL, BOLSA DE 840 GR","52.98","1","KG",""
"2014","11","22/12/2014 12:00:00 a. m.","27","La Paz, B.C.S."," 1. Alimentos, bebidas y tabaco"," 1.1. Alimentos"," 1.1.1. Pan, tortillas y cereales"," 02 Pan","007","Pan de caja","004","BIMBO, BLANCO, BOLSA DE 640 GR","40.63","1","KG",""
"2014","11","22/12/2014 12:00:00 a. m.","28","Chetumal, Q. Roo."," 1. Alimentos, bebidas y tabaco"," 1.1. Alimentos"," 1.1.1. Pan, tortillas y cereales"," 02 Pan","007","Pan de caja","001","BIMBO, INTEGRAL, BOLSA DE 680 GR","41.18","1","KG",""
"2014","11","22/12/2014 12:00:00 a. m.","28","Chetumal, Q. Roo."," 1. Alimentos, bebidas y tabaco"," 1.1. Alimentos"," 1.1.1. Pan, tortillas y cereales"," 02 Pan","007","Pan de caja","002","BIMBO, BLANCO, BOLSA DE 680 GR","38.24","1","KG",""
"2014","11","22/12/2014 12:00:00 a. m.","29","Jacona, Mich."," 1. Alimentos, bebidas y tabaco"," 1.1. Alimentos"," 1.1.1. Pan, tortillas y cereales"," 02 Pan","007","Pan de caja","001","BIMBO, BLANCO, BOLSA DE 680 GR","39.71","1","KG",""
"2014","11","22/12/2014 12:00:00 a. m.","29","Jacona, Mich."," 1. Alimentos, bebidas y tabaco"," 1.1. Alimentos"," 1.1.1. Pan, tortillas y cereales"," 02 Pan","007","Pan de caja","002","BIMBO, MEDIAS NOCHES, BOLSA C/8 PZAS DE 340 GR","52.5","1","KG",""
"2014","11","22/12/2014 12:00:00 a. m.","30","Fresnillo, Zac."," 1. Alimentos, bebidas y tabaco"," 1.1. Alimentos"," 1.1.1. Pan, tortillas y cereales"," 02 Pan","007","Pan de caja","001","BIMBO, BLANCO, BOLSA DE 640 GR","37.5","1","KG",""
"2014","11","22/12/2014 12:00:00 a. m.","30","Fresnillo, Zac."," 1. Alimentos, bebidas y tabaco"," 1.1. Alimentos"," 1.1.1. Pan, tortillas y cereales"," 02 Pan","007","Pan de caja","002","WONDER, INTEGRAL, 100%, BOLSA DE 567 GR","45.31","1","KG",""
"2014","11","22/12/2014 12:00:00 a. m.","31","Iguala, Gro."," 1. Alimentos, bebidas y tabaco"," 1.1. Alimentos"," 1.1.1. Pan, tortillas y cereales"," 02 Pan","007","Pan de caja","001","BIMBO, BLANCO, BOLSA DE 740 GR","39.19","1","KG",""
"2014","11","22/12/2014 12:00:00 a. m.","31","Iguala, Gro."," 1. Alimentos, bebidas y tabaco"," 1.1. Alimentos"," 1.1.1. Pan, tortillas y cereales"," 02 Pan","007","Pan de caja","002","BIMBO, INTEGRAL, BOLSA DE 480 GR","47.92","1","KG",""
"2014","11","22/12/2014 12:00:00 a. m.","32","Huatabampo, Son."," 1. Alimentos, bebidas y tabaco"," 1.1. Alimentos"," 1.1.1. Pan, tortillas y cereales"," 02 Pan","007","Pan de caja","001","BIMBO, BLANCO, BOLSA DE 640 GR","37.5","1","KG",""
"2014","11","22/12/2014 12:00:00 a. m.","32","Huatabampo, Son."," 1. Alimentos, bebidas y tabaco"," 1.1. Alimentos"," 1.1.1. Pan, tortillas y cereales"," 02 Pan","007","Pan de caja","002","WONDER, INTEGRAL, 100%, BOLSA DE 567 GR","46.87","1","KG",""
"2014","11","22/12/2014 12:00:00 a. m.","33","Tulancingo, Hgo."," 1. Alimentos, bebidas y tabaco"," 1.1. Alimentos"," 1.1.1. Pan, tortillas y cereales"," 02 Pan","007","Pan de caja","001","BIMBO, BLANCO, BOLSA DE 640 GR","32.73","1","KG",""
"2014","11","22/12/2014 12:00:00 a. m.","33","Tulancingo, Hgo."," 1. Alimentos, bebidas y tabaco"," 1.1. Alimentos"," 1.1.1. Pan, tortillas y cereales"," 02 Pan","007","Pan de caja","002","WONDER, INTEGRAL, 100%, BOLSA DE 567 GR","45.86","1","KG",""
"2014","11","22/12/2014 12:00:00 a. m.","34","Cortazar, Gto."," 1. Alimentos, bebidas y tabaco"," 1.1. Alimentos"," 1.1.1. Pan, tortillas y cereales"," 02 Pan","007","Pan de caja","001","WONDER, BLANCO, C/FIBRA, BOLSA DE 680 GR","39.71","1","KG",""
"2014","11","22/12/2014 12:00:00 a. m.","34","Cortazar, Gto."," 1. Alimentos, bebidas y tabaco"," 1.1. Alimentos"," 1.1.1. Pan, tortillas y cereales"," 02 Pan","007","Pan de caja","002","BIMBO, INTEGRAL, BOLSA DE 675 GR","38.52","1","KG",""
"2014","11","22/12/2014 12:00:00 a. m.","35","Jiménez, Chih."," 1. Alimentos, bebidas y tabaco"," 1.1. Alimentos"," 1.1.1. Pan, tortillas y cereales"," 02 Pan","007","Pan de caja","001","BIMBO, BLANCO, BOLSA DE 640 GR","37.5","1","KG",""
"2014","11","22/12/2014 12:00:00 a. m.","35","Jiménez, Chih."," 1. Alimentos, bebidas y tabaco"," 1.1. Alimentos"," 1.1.1. Pan, tortillas y cereales"," 02 Pan","007","Pan de caja","002","NATURE´S BEST, BLANCO, BOLSA DE 680 GR","30.74","1","KG",""
"2014","11","22/12/2014 12:00:00 a. m.","36","Durango, Dgo."," 1. Alimentos, bebidas y tabaco"," 1.1. Alimentos"," 1.1.1. Pan, tortillas y cereales"," 02 Pan","007","Pan de caja","001","WONDER, MEDIAS NOCHES, SUPER HOT DOGS, BOLSA DE 290 GR","59.66","1","KG",""
"2014","11","22/12/2014 12:00:00 a. m.","36","Durango, Dgo."," 1. Alimentos, bebidas y tabaco"," 1.1. Alimentos"," 1.1.1. Pan, tortillas y cereales"," 02 Pan","007","Pan de caja","002","BIMBO, BLANCO, BOLSA DE 640 GR","37.5","1","KG",""
"2014","11","22/12/2014 12:00:00 a. m.","36","Durango, Dgo."," 1. Alimentos, bebidas y tabaco"," 1.1. Alimentos"," 1.1.1. Pan, tortillas y cereales"," 02 Pan","007","Pan de caja","003","BIMBO, INTEGRAL, BOLSA DE 680 GR","41.18","1","KG",""
"2014","11","22/12/2014 12:00:00 a. m.","36","Durango, Dgo."," 1. Alimentos, bebidas y tabaco"," 1.1. Alimentos"," 1.1.1. Pan, tortillas y cereales"," 02 Pan","007","Pan de caja","004","WONDER, INTEGRAL, 100% CON AJONJOLI, BOLSA DE 567 GR","44.95","1","KG",""
"2014","11","22/12/2014 12:00:00 a. m.","37","Tepic, Nay."," 1. Alimentos, bebidas y tabaco"," 1.1. Alimentos"," 1.1.1. Pan, tortillas y cereales"," 02 Pan","007","Pan de caja","001","BIMBO, BLANCO, BOLSA DE 640 GR","37.5","1","KG",""
"2014","11","22/12/2014 12:00:00 a. m.","37","Tepic, Nay."," 1. Alimentos, bebidas y tabaco"," 1.1. Alimentos"," 1.1.1. Pan, tortillas y cereales"," 02 Pan","007","Pan de caja","002","BIMBO, INTEGRAL, BOLSA DE 680 GR","41.91","1","KG",""
"2014","11","22/12/2014 12:00:00 a. m.","37","Tepic, Nay."," 1. Alimentos, bebidas y tabaco"," 1.1. Alimentos"," 1.1.1. Pan, tortillas y cereales"," 02 Pan","007","Pan de caja","003","BIMBO, TOSTADO, BOLSA DE 210 GR","82.62","1","KG",""
"2014","11","22/12/2014 12:00:00 a. m.","37","Tepic, Nay."," 1. Alimentos, bebidas y tabaco"," 1.1. Alimentos"," 1.1.1. Pan, tortillas y cereales"," 02 Pan","007","Pan de caja","004","WONDER, INTEGRAL, 100%, BOLSA DE 567 GR","47.01","1","KG",""
"2014","11","22/12/2014 12:00:00 a. m.","38","Oaxaca, Oax."," 1. Alimentos, bebidas y tabaco"," 1.1. Alimentos"," 1.1.1. Pan, tortillas y cereales"," 02 Pan","007","Pan de caja","001","BIMBO, BOLLOS, BIMBOLLOS, BOLSA C/8 PZAS DE 450 GR","53.33","1","KG",""
"2014","11","22/12/2014 12:00:00 a. m.","38","Oaxaca, Oax."," 1. Alimentos, bebidas y tabaco"," 1.1. Alimentos"," 1.1.1. Pan, tortillas y cereales"," 02 Pan","007","Pan de caja","002","BIMBO, BLANCO, BOLSA DE 680 GR","41.18","1","KG",""
"2014","11","22/12/2014 12:00:00 a. m.","38","Oaxaca, Oax."," 1. Alimentos, bebidas y tabaco"," 1.1. Alimentos"," 1.1.1. Pan, tortillas y cereales"," 02 Pan","007","Pan de caja","003","WONDER, INTEGRAL, 100%, BOLSA DE 567 GR","44.49","1","KG",""
"2014","11","22/12/2014 12:00:00 a. m.","38","Oaxaca, Oax."," 1. Alimentos, bebidas y tabaco"," 1.1. Alimentos"," 1.1.1. Pan, tortillas y cereales"," 02 Pan","007","Pan de caja","004","WONDER, MEDIAS NOCHES, SUPER HOT DOGS, BOLSA DE 435 GR","59.77","1","KG",""
"2014","11","22/12/2014 12:00:00 a. m.","39","Querétaro, Qro."," 1. Alimentos, bebidas y tabaco"," 1.1. Alimentos"," 1.1.1. Pan, tortillas y cereales"," 02 Pan","007","Pan de caja","001","WONDER, INTEGRAL, 100%, CON AJONJOLI, BOLSA DE 567 GR","45.66","1","KG",""
"2014","11","22/12/2014 12:00:00 a. m.","39","Querétaro, Qro."," 1. Alimentos, bebidas y tabaco"," 1.1. Alimentos"," 1.1.1. Pan, tortillas y cereales"," 02 Pan","007","Pan de caja","002","BIMBO, PAN MOLIDO, CRUJIENTE, BOLSA DE 175 GR","67.14","1","KG",""
"2014","11","22/12/2014 12:00:00 a. m.","39","Querétaro, Qro."," 1. Alimentos, bebidas y tabaco"," 1.1. Alimentos"," 1.1.1. Pan, tortillas y cereales"," 02 Pan","007","Pan de caja","003","OROWEAT, MULTIGRANO, C/GRANOS ENTEROS Y MIEL, BOLSA DE 680 G","54.41","1","KG",""
"2014","11","22/12/2014 12:00:00 a. m.","39","Querétaro, Qro."," 1. Alimentos, bebidas y tabaco"," 1.1. Alimentos"," 1.1.1. Pan, tortillas y cereales"," 02 Pan","007","Pan de caja","004","BIMBO, INTEGRAL, BOLSA DE 680 GR","41.18","1","KG",""
"2014","11","22/12/2014 12:00:00 a. m.","40","Cuernavaca, Mor."," 1. Alimentos, bebidas y tabaco"," 1.1. Alimentos"," 1.1.1. Pan, tortillas y cereales"," 02 Pan","007","Pan de caja","001","WONDER, BLANCO, SUPER PAN, C/ AJONJOLI, BOLSA DE 567 GR","39.88","1","KG",""
"2014","11","22/12/2014 12:00:00 a. m.","40","Cuernavaca, Mor."," 1. Alimentos, bebidas y tabaco"," 1.1. Alimentos"," 1.1.1. Pan, tortillas y cereales"," 02 Pan","007","Pan de caja","002","BIMBO, BLANCO, BOLSA DE 680 GR","38.97","1","KG",""
"2014","11","22/12/2014 12:00:00 a. m.","40","Cuernavaca, Mor."," 1. Alimentos, bebidas y tabaco"," 1.1. Alimentos"," 1.1.1. Pan, tortillas y cereales"," 02 Pan","007","Pan de caja","003","OROWEAT, INTEGRAL, 100%, BOLSA DE 680 GR","53.97","1","KG",""
"2014","11","22/12/2014 12:00:00 a. m.","40","Cuernavaca, Mor."," 1. Alimentos, bebidas y tabaco"," 1.1. Alimentos"," 1.1.1. Pan, tortillas y cereales"," 02 Pan","007","Pan de caja","004","BIMBO, INTEGRAL, BOLSA DE 680 GR","45.59","1","KG",""
"2014","11","22/12/2014 12:00:00 a. m.","41","Tlaxcala, Tlax."," 1. Alimentos, bebidas y tabaco"," 1.1. Alimentos"," 1.1.1. Pan, tortillas y cereales"," 02 Pan","007","Pan de caja","001","WONDER, INTEGRAL, 100% CON AJONJOLI, BOLSA DE 567 GR","44.53","1","KG",""
"2014","11","22/12/2014 12:00:00 a. m.","41","Tlaxcala, Tlax."," 1. Alimentos, bebidas y tabaco"," 1.1. Alimentos"," 1.1.1. Pan, tortillas y cereales"," 02 Pan","007","Pan de caja","002","BIMBO, BLANCO, BOLSA DE 640 GR","37.5","1","KG",""
"2014","11","22/12/2014 12:00:00 a. m.","42","San Andrés Tuxtla, Ver."," 1. Alimentos, bebidas y tabaco"," 1.1. Alimentos"," 1.1.1. Pan, tortillas y cereales"," 02 Pan","007","Pan de caja","001","BIMBO, BLANCO, BOLSA DE 640 GR","40.63","1","KG",""
"2014","11","22/12/2014 12:00:00 a. m.","42","San Andrés Tuxtla, Ver."," 1. Alimentos, bebidas y tabaco"," 1.1. Alimentos"," 1.1.1. Pan, tortillas y cereales"," 02 Pan","007","Pan de caja","002","WONDER, INTEGRAL, 100% CON AJONJOLI, BOLSA DE 567 GR","41.09","1","KG",""
"2014","11","22/12/2014 12:00:00 a. m.","43","Campeche, Camp."," 1. Alimentos, bebidas y tabaco"," 1.1. Alimentos"," 1.1.1. Pan, tortillas y cereales"," 02 Pan","007","Pan de caja","001","BIMBO, BLANCO, SILUETA, BOLSA DE 500 GR","47.7","1","KG",""
"2014","11","22/12/2014 12:00:00 a. m.","43","Campeche, Camp."," 1. Alimentos, bebidas y tabaco"," 1.1. Alimentos"," 1.1.1. Pan, tortillas y cereales"," 02 Pan","007","Pan de caja","002","BIMBO, INTEGRAL, BOLSA DE 675 GR","38.37","1","KG",""
"2014","11","22/12/2014 12:00:00 a. m.","43","Campeche, Camp."," 1. Alimentos, bebidas y tabaco"," 1.1. Alimentos"," 1.1.1. Pan, tortillas y cereales"," 02 Pan","007","Pan de caja","003","BIMBO, MULTIGRANO, BOLSA DE 540 GR","43.57","1","KG",""
"2014","11","22/12/2014 12:00:00 a. m.","43","Campeche, Camp."," 1. Alimentos, bebidas y tabaco"," 1.1. Alimentos"," 1.1.1. Pan, tortillas y cereales"," 02 Pan","007","Pan de caja","004","BIMBO, BLANCO, PAQ DE 680 GR","38.24","1","KG",""
"2014","11","22/12/2014 12:00:00 a. m.","44","Tepatitlán, Jal."," 1. Alimentos, bebidas y tabaco"," 1.1. Alimentos"," 1.1.1. Pan, tortillas y cereales"," 02 Pan","007","Pan de caja","001","BIMBO, BLANCO, BOLSA DE 640 GR","38.91","1","KG",""
"2014","11","22/12/2014 12:00:00 a. m.","44","Tepatitlán, Jal."," 1. Alimentos, bebidas y tabaco"," 1.1. Alimentos"," 1.1.1. Pan, tortillas y cereales"," 02 Pan","007","Pan de caja","002","BIMBO, INTEGRAL, MULTIGRANO, BOLSA DE 540 GR","48.15","1","KG",""
"2014","11","22/12/2014 12:00:00 a. m.","45","Tehuantepec, Oax."," 1. Alimentos, bebidas y tabaco"," 1.1. Alimentos"," 1.1.1. Pan, tortillas y cereales"," 02 Pan","007","Pan de caja","001","BIMBO, MEDIAS NOCHES, BOLSA DE 340 GR","50","1","KG",""
"2014","11","22/12/2014 12:00:00 a. m.","45","Tehuantepec, Oax."," 1. Alimentos, bebidas y tabaco"," 1.1. Alimentos"," 1.1.1. Pan, tortillas y cereales"," 02 Pan","007","Pan de caja","002","BIMBO, INTEGRAL, BOLSA DE 680 GR","40.63","1","KG",""
"2014","11","22/12/2014 12:00:00 a. m.","46","Cd. Acuña, Coah."," 1. Alimentos, bebidas y tabaco"," 1.1. Alimentos"," 1.1.1. Pan, tortillas y cereales"," 02 Pan","007","Pan de caja","001","BIMBO, MEDIAS NOCHES, BOLSA C/8 PZAS DE 340 GR","55.59","1","KG",""
"2014","11","22/12/2014 12:00:00 a. m.","46","Cd. Acuña, Coah."," 1. Alimentos, bebidas y tabaco"," 1.1. Alimentos"," 1.1.1. Pan, tortillas y cereales"," 02 Pan","007","Pan de caja","002","MP, INTEGRAL, BOLSA DE 680 GR","29.26","1","KG",""
"2014","10","21/11/2014 12:00:00 a. m.","01","Área Met. de la Cd. de México"," 1. Alimentos, bebidas y tabaco"," 1.1. Alimentos"," 1.1.1. Pan, tortillas y cereales"," 02 Pan","007","Pan de caja","001","FIILLER, INTEGRAL, CENTENO, BOLSA DE 450 GR","74.44","1","KG",""
"2014","10","21/11/2014 12:00:00 a. m.","01","Área Met. de la Cd. de México"," 1. Alimentos, bebidas y tabaco"," 1.1. Alimentos"," 1.1.1. Pan, tortillas y cereales"," 02 Pan","007","Pan de caja","002","BIMBO, BLANCO, BOLSA DE 680 GR","38.24","1","KG",""
"2014","10","21/11/2014 12:00:00 a. m.","01","Área Met. de la Cd. de México"," 1. Alimentos, bebidas y tabaco"," 1.1. Alimentos"," 1.1.1. Pan, tortillas y cereales"," 02 Pan","007","Pan de caja","003","WONDER, BLANCO, SUPER PAN, BOLSA DE 567 GR","41.03","1","KG",""
"2014","10","21/11/2014 12:00:00 a. m.","01","Área Met. de la Cd. de México"," 1. Alimentos, bebidas y tabaco"," 1.1. Alimentos"," 1.1.1. Pan, tortillas y cereales"," 02 Pan","007","Pan de caja","004","BIMBO, TOSTADO, BOLSA DE 210 GR","73.87","1","KG",""
"2014","10","21/11/2014 12:00:00 a. m.","01","Área Met. de la Cd. de México"," 1. Alimentos, bebidas y tabaco"," 1.1. Alimentos"," 1.1.1. Pan, tortillas y cereales"," 02 Pan","007","Pan de caja","005","WONDER, BLANCO, SUPER PAN, BOLSA DE 567 GR","48.15","1","KG",""
"2014","10","21/11/2014 12:00:00 a. m.","01","Área Met. de la Cd. de México"," 1. Alimentos, bebidas y tabaco"," 1.1. Alimentos"," 1.1.1. Pan, tortillas y cereales"," 02 Pan","007","Pan de caja","006","BIMBO, INTEGRAL, BOLSA DE 750 GR","34.67","1","KG",""
"2014","10","21/11/2014 12:00:00 a. m.","01","Área Met. de la Cd. de México"," 1. Alimentos, bebidas y tabaco"," 1.1. Alimentos"," 1.1.1. Pan, tortillas y cereales"," 02 Pan","007","Pan de caja","007","BIMBO, BLANCO, BOLSA DE 680 GR","35.29","1","KG",""
"2014","10","21/11/2014 12:00:00 a. m.","01","Área Met. de la Cd. de México"," 1. Alimentos, bebidas y tabaco"," 1.1. Alimentos"," 1.1.1. Pan, tortillas y cereales"," 02 Pan","007","Pan de caja","008","BIMBO, BLANCO, BOLSA DE 650 GR","37.49","1","KG",""
"2014","10","21/11/2014 12:00:00 a. m.","01","Área Met. de la Cd. de México"," 1. Alimentos, bebidas y tabaco"," 1.1. Alimentos"," 1.1.1. Pan, tortillas y cereales"," 02 Pan","007","Pan de caja","009","BIMBO, BLANCO, BOLSA DE 640 GR","37.5","1","KG",""
"2014","10","21/11/2014 12:00:00 a. m.","01","Área Met. de la Cd. de México"," 1. Alimentos, bebidas y tabaco"," 1.1. Alimentos"," 1.1.1. Pan, tortillas y cereales"," 02 Pan","007","Pan de caja","010","BIMBO, INTEGRAL, BOLSA DE 680 GR","41.18","1","KG",""
"2014","10","21/11/2014 12:00:00 a. m.","01","Área Met. de la Cd. de México"," 1. Alimentos, bebidas y tabaco"," 1.1. Alimentos"," 1.1.1. Pan, tortillas y cereales"," 02 Pan","007","Pan de caja","011","WONDER, INTEGRAL, SELECT, C/AJONJOLI, BOLSA DE 567 GR","45.86","1","KG",""
"2014","10","21/11/2014 12:00:00 a. m.","01","Área Met. de la Cd. de México"," 1. Alimentos, bebidas y tabaco"," 1.1. Alimentos"," 1.1.1. Pan, tortillas y cereales"," 02 Pan","007","Pan de caja","012","WONDER, MEDIAS NOCHES, SUPER HOT DOGS, BOLSA DE 650 GR","52.16","1","KG",""
"2014","10","21/11/2014 12:00:00 a. m.","01","Área Met. de la Cd. de México"," 1. Alimentos, bebidas y tabaco"," 1.1. Alimentos"," 1.1.1. Pan, tortillas y cereales"," 02 Pan","007","Pan de caja","013","BIMBO, BLANCO, BOLSA DE 640 GR","37.5","1","KG",""
"2014","10","21/11/2014 12:00:00 a. m.","01","Área Met. de la Cd. de México"," 1. Alimentos, bebidas y tabaco"," 1.1. Alimentos"," 1.1.1. Pan, tortillas y cereales"," 02 Pan","007","Pan de caja","014","BIMBO, BLANCO, BOLSA DE 640 GR","37.5","1","KG",""
"2014","10","21/11/2014 12:00:00 a. m.","01","Área Met. de la Cd. de México"," 1. Alimentos, bebidas y tabaco"," 1.1. Alimentos"," 1.1.1. Pan, tortillas y cereales"," 02 Pan","007","Pan de caja","015","BIMBO, INTEGRAL, BOLSA DE 675 GR","38.52","1","KG","DESENCADENADO"
"2014","10","21/11/2014 12:00:00 a. m.","01","Área Met. de la Cd. de México"," 1. Alimentos, bebidas y tabaco"," 1.1. Alimentos"," 1.1.1. Pan, tortillas y cereales"," 02 Pan","007","Pan de caja","016","BIMBO, INTEGRAL, BOLSA DE 680 GR","37.65","1","KG",""
"2014","10","21/11/2014 12:00:00 a. m.","01","Área Met. de la Cd. de México"," 1. Alimentos, bebidas y tabaco"," 1.1. Alimentos"," 1.1.1. Pan, tortillas y cereales"," 02 Pan","007","Pan de caja","017","BIMBO, INTEGRAL, BOLSA DE 750 GR","34.67","1","KG",""
"2014","10","21/11/2014 12:00:00 a. m.","01","Área Met. de la Cd. de México"," 1. Alimentos, bebidas y tabaco"," 1.1. Alimentos"," 1.1.1. Pan, tortillas y cereales"," 02 Pan","007","Pan de caja","018","BIMBO, BLANCO, BOLSA DE 680 GR","38.24","1","KG",""
"2014","10","21/11/2014 12:00:00 a. m.","01","Área Met. de la Cd. de México"," 1. Alimentos, bebidas y tabaco"," 1.1. Alimentos"," 1.1.1. Pan, tortillas y cereales"," 02 Pan","007","Pan de caja","019","BIMBO, BOLLOS, BIMBOLLOS, BOLSA C/6 PZAS DE 480 GR","54.17","1","KG",""
"2014","10","21/11/2014 12:00:00 a. m.","01","Área Met. de la Cd. de México"," 1. Alimentos, bebidas y tabaco"," 1.1. Alimentos"," 1.1.1. Pan, tortillas y cereales"," 02 Pan","007","Pan de caja","020","BIMBO, BLANCO, BOLSA DE 640 GR","37.5","1","KG",""
"2014","10","21/11/2014 12:00:00 a. m.","02","Mérida, Yuc."," 1. Alimentos, bebidas y tabaco"," 1.1. Alimentos"," 1.1.1. Pan, tortillas y cereales"," 02 Pan","007","Pan de caja","001","WONDER, INTEGRAL, 100%, BOLSA DE 567 GR","45.86","1","KG",""
"2014","10","21/11/2014 12:00:00 a. m.","02","Mérida, Yuc."," 1. Alimentos, bebidas y tabaco"," 1.1. Alimentos"," 1.1.1. Pan, tortillas y cereales"," 02 Pan","007","Pan de caja","002","BONY BON, MEDIAS NOCHES, BOLSA DE 275 GR","51.22","1","KG",""
"2014","10","21/11/2014 12:00:00 a. m.","02","Mérida, Yuc."," 1. Alimentos, bebidas y tabaco"," 1.1. Alimentos"," 1.1.1. Pan, tortillas y cereales"," 02 Pan","007","Pan de caja","003","BIMBO, INTEGRAL, DOBLE FIBRA, BOLSA DE 567 GR","49.47","1","KG",""
"2014","10","21/11/2014 12:00:00 a. m.","02","Mérida, Yuc."," 1. Alimentos, bebidas y tabaco"," 1.1. Alimentos"," 1.1.1. Pan, tortillas y cereales"," 02 Pan","007","Pan de caja","004","BIMBO, BLANCO, PAQ DE 2 BOLSAS DE 680 GR C/U","30.99","1","KG",""
"2014","10","21/11/2014 12:00:00 a. m.","03","Morelia, Mich."," 1. Alimentos, bebidas y tabaco"," 1.1. Alimentos"," 1.1.1. Pan, tortillas y cereales"," 02 Pan","007","Pan de caja","001","BIMBO, TOSTADO, BOLSA DE 210 GR","85.71","1","KG",""
"2014","10","21/11/2014 12:00:00 a. m.","03","Morelia, Mich."," 1. Alimentos, bebidas y tabaco"," 1.1. Alimentos"," 1.1.1. Pan, tortillas y cereales"," 02 Pan","007","Pan de caja","002","WONDER, BOLLOS, SUPER BOLLOS, BOLSA C/8 PZAS DE 540 GR","50.83","1","KG",""
"2014","10","21/11/2014 12:00:00 a. m.","03","Morelia, Mich."," 1. Alimentos, bebidas y tabaco"," 1.1. Alimentos"," 1.1.1. Pan, tortillas y cereales"," 02 Pan","007","Pan de caja","003","BIMBO, BLANCO, BOLSA DE 680 GR","38.24","1","KG",""
"2014","10","21/11/2014 12:00:00 a. m.","03","Morelia, Mich."," 1. Alimentos, bebidas y tabaco"," 1.1. Alimentos"," 1.1.1. Pan, tortillas y cereales"," 02 Pan","007","Pan de caja","004","WONDER, INTEGRAL, 100%, BOLSA DE 567 GR","44.97","1","KG",""
"2014","10","21/11/2014 12:00:00 a. m.","04","Guadalajara, Jal."," 1. Alimentos, bebidas y tabaco"," 1.1. Alimentos"," 1.1.1. Pan, tortillas y cereales"," 02 Pan","007","Pan de caja","001","OROWEAT, INTEGRAL, 100%, BOLSA DE 680 GR","55.88","1","KG",""
"2014","10","21/11/2014 12:00:00 a. m.","04","Guadalajara, Jal."," 1. Alimentos, bebidas y tabaco"," 1.1. Alimentos"," 1.1.1. Pan, tortillas y cereales"," 02 Pan","007","Pan de caja","002","WONDER, INTEGRAL, 100%, BOLSA DE 567 GR","45.86","1","KG",""
"2014","10","21/11/2014 12:00:00 a. m.","04","Guadalajara, Jal."," 1. Alimentos, bebidas y tabaco"," 1.1. Alimentos"," 1.1.1. Pan, tortillas y cereales"," 02 Pan","007","Pan de caja","003","OROWEAT, MULTIGRANO, 12 GRANOS, BOLSA DE 680 GR","51.3","1","KG",""
"2014","10","21/11/2014 12:00:00 a. m.","04","Guadalajara, Jal."," 1. Alimentos, bebidas y tabaco"," 1.1. Alimentos"," 1.1.1. Pan, tortillas y cereales"," 02 Pan","007","Pan de caja","004","BIMBO, TOSTADO, BOLSA DE 210 GR","95.24","1","KG",""
"2014","10","21/11/2014 12:00:00 a. m.","04","Guadalajara, Jal."," 1. Alimentos, bebidas y tabaco"," 1.1. Alimentos"," 1.1.1. Pan, tortillas y cereales"," 02 Pan","007","Pan de caja","005","C EST SI BON, INTEGRAL, ULTRAGRANO, BOLSA DE 600 GR","56.87","1","KG",""
"2014","10","21/11/2014 12:00:00 a. m.","04","Guadalajara, Jal."," 1. Alimentos, bebidas y tabaco"," 1.1. Alimentos"," 1.1.1. Pan, tortillas y cereales"," 02 Pan","007","Pan de caja","006","WONDER, INTEGRAL, BOLSA DE 680 GR","37.13","1","KG",""
"2014","10","21/11/2014 12:00:00 a. m.","05","Monterrey, N.L."," 1. Alimentos, bebidas y tabaco"," 1.1. Alimentos"," 1.1.1. Pan, tortillas y cereales"," 02 Pan","007","Pan de caja","001","BIMBO, BLANCO, BOLSA DE 680 GR","38.24","1","KG",""
"2014","10","21/11/2014 12:00:00 a. m.","05","Monterrey, N.L."," 1. Alimentos, bebidas y tabaco"," 1.1. Alimentos"," 1.1.1. Pan, tortillas y cereales"," 02 Pan","007","Pan de caja","002","MP, INTEGRAL, BOLSA DE 680 GR","29.26","1","KG",""
"2014","10","21/11/2014 12:00:00 a. m.","05","Monterrey, N.L."," 1. Alimentos, bebidas y tabaco"," 1.1. Alimentos"," 1.1.1. Pan, tortillas y cereales"," 02 Pan","007","Pan de caja","003","BIMBO, INTEGRAL, BOLSA DE 675 GR","38.44","1","KG",""
"2014","10","21/11/2014 12:00:00 a. m.","05","Monterrey, N.L."," 1. Alimentos, bebidas y tabaco"," 1.1. Alimentos"," 1.1.1. Pan, tortillas y cereales"," 02 Pan","007","Pan de caja","004","MP, MEDIAS NOCHES, BOLSA DE 400 GR","36","1","KG",""
"2014","10","21/11/2014 12:00:00 a. m.","05","Monterrey, N.L."," 1. Alimentos, bebidas y tabaco"," 1.1. Alimentos"," 1.1.1. Pan, tortillas y cereales"," 02 Pan","007","Pan de caja","005","BIMBO, TOSTADO, BOLSA DE 210 GR","80.48","1","KG",""
"2014","10","21/11/2014 12:00:00 a. m.","05","Monterrey, N.L."," 1. Alimentos, bebidas y tabaco"," 1.1. Alimentos"," 1.1.1. Pan, tortillas y cereales"," 02 Pan","007","Pan de caja","006","SAM´S MP, BOLLOS, 12 PZAS, BOLSA DE 1400 GR","27","1","KG",""
"2014","10","21/11/2014 12:00:00 a. m.","05","Monterrey, N.L."," 1. Alimentos, bebidas y tabaco"," 1.1. Alimentos"," 1.1.1. Pan, tortillas y cereales"," 02 Pan","007","Pan de caja","007","BIMBO, BLANCO, BOLSA DE 680 GR","38.24","1","KG",""
"2014","10","21/11/2014 12:00:00 a. m.","05","Monterrey, N.L."," 1. Alimentos, bebidas y tabaco"," 1.1. Alimentos"," 1.1.1. Pan, tortillas y cereales"," 02 Pan","007","Pan de caja","008","SUNBEAM, BLANCO, BOLSA DE 567 GR","36.16","1","KG",""
"2014","10","21/11/2014 12:00:00 a. m.","06","Mexicali, B.C."," 1. Alimentos, bebidas y tabaco"," 1.1. Alimentos"," 1.1.1. Pan, tortillas y cereales"," 02 Pan","007","Pan de caja","001","SARA LEE, INTEGRAL, BOLSA DE 567 GR","43.39","1","KG",""
"2014","10","21/11/2014 12:00:00 a. m.","06","Mexicali, B.C."," 1. Alimentos, bebidas y tabaco"," 1.1. Alimentos"," 1.1.1. Pan, tortillas y cereales"," 02 Pan","007","Pan de caja","002","BIMBO, BLANCO, BOLSA DE 640 GR","43.77","1","KG",""
"2014","10","21/11/2014 12:00:00 a. m.","06","Mexicali, B.C."," 1. Alimentos, bebidas y tabaco"," 1.1. Alimentos"," 1.1.1. Pan, tortillas y cereales"," 02 Pan","007","Pan de caja","003","NATURES OWN, INTEGRAL, BOLSA DE 567 GR","44.09","1","KG",""
"2014","10","21/11/2014 12:00:00 a. m.","06","Mexicali, B.C."," 1. Alimentos, bebidas y tabaco"," 1.1. Alimentos"," 1.1.1. Pan, tortillas y cereales"," 02 Pan","007","Pan de caja","004","BIMBO, BLANCO, BOLSA DE 680 GR","39.71","1","KG",""
"2014","10","21/11/2014 12:00:00 a. m.","07","Cd. Juárez, Chih."," 1. Alimentos, bebidas y tabaco"," 1.1. Alimentos"," 1.1.1. Pan, tortillas y cereales"," 02 Pan","007","Pan de caja","001","SUNBEAM, BLANCO, BOLSA DE 680 GR","25.7","1","KG",""
"2014","10","21/11/2014 12:00:00 a. m.","07","Cd. Juárez, Chih."," 1. Alimentos, bebidas y tabaco"," 1.1. Alimentos"," 1.1.1. Pan, tortillas y cereales"," 02 Pan","007","Pan de caja","002","PULLMAN, BLANCO, BOLSA DE 680 GR","27.94","1","KG",""
"2014","10","21/11/2014 12:00:00 a. m.","07","Cd. Juárez, Chih."," 1. Alimentos, bebidas y tabaco"," 1.1. Alimentos"," 1.1.1. Pan, tortillas y cereales"," 02 Pan","007","Pan de caja","003","NATURE´S SUNSHINE, INTEGRAL, OWN HONEY, BOLSA DE 567 GR","47.44","1","KG",""
"2014","10","21/11/2014 12:00:00 a. m.","07","Cd. Juárez, Chih."," 1. Alimentos, bebidas y tabaco"," 1.1. Alimentos"," 1.1.1. Pan, tortillas y cereales"," 02 Pan","007","Pan de caja","004","PULLMAN, BLANCO, BOLSA DE 500 GR","43","1","KG",""
"2014","10","21/11/2014 12:00:00 a. m.","08","Acapulco, Gro."," 1. Alimentos, bebidas y tabaco"," 1.1. Alimentos"," 1.1.1. Pan, tortillas y cereales"," 02 Pan","007","Pan de caja","001","WONDER, INTEGRAL, 100%, BOLSA DE 567 GR","45.97","1","KG",""
"2014","10","21/11/2014 12:00:00 a. m.","08","Acapulco, Gro."," 1. Alimentos, bebidas y tabaco"," 1.1. Alimentos"," 1.1.1. Pan, tortillas y cereales"," 02 Pan","007","Pan de caja","002","BIMBO, BLANCO, BOLSA DE 680 GR","38.24","1","KG",""
"2014","10","21/11/2014 12:00:00 a. m.","08","Acapulco, Gro."," 1. Alimentos, bebidas y tabaco"," 1.1. Alimentos"," 1.1.1. Pan, tortillas y cereales"," 02 Pan","007","Pan de caja","003","BIMBO, INTEGRAL, BOLSA DE 390 GR","51.28","1","KG",""
"2014","10","21/11/2014 12:00:00 a. m.","08","Acapulco, Gro."," 1. Alimentos, bebidas y tabaco"," 1.1. Alimentos"," 1.1.1. Pan, tortillas y cereales"," 02 Pan","007","Pan de caja","004","WONDER, INTEGRAL, 100% CON AJONJOLI, BOLSA DE 567 GR","43.65","1","KG",""
"2014","10","21/11/2014 12:00:00 a. m.","09","Culiacán, Sin."," 1. Alimentos, bebidas y tabaco"," 1.1. Alimentos"," 1.1.1. Pan, tortillas y cereales"," 02 Pan","007","Pan de caja","001","BIMBO, BLANCO, BOLSA DE 680 GR","38.24","1","KG",""
"2014","10","21/11/2014 12:00:00 a. m.","09","Culiacán, Sin."," 1. Alimentos, bebidas y tabaco"," 1.1. Alimentos"," 1.1.1. Pan, tortillas y cereales"," 02 Pan","007","Pan de caja","002","BIMBO, INTEGRAL, BOLSA DE 675 GR","38.52","1","KG",""
"2014","10","21/11/2014 12:00:00 a. m.","09","Culiacán, Sin."," 1. Alimentos, bebidas y tabaco"," 1.1. Alimentos"," 1.1.1. Pan, tortillas y cereales"," 02 Pan","007","Pan de caja","003","BIMBO, BLANCO, BOLSA DE 640 GR","37.5","1","KG",""
"2014","10","21/11/2014 12:00:00 a. m.","09","Culiacán, Sin."," 1. Alimentos, bebidas y tabaco"," 1.1. Alimentos"," 1.1.1. Pan, tortillas y cereales"," 02 Pan","007","Pan de caja","004","WONDER, BLANCO, SUPER PAN, BOLSA DE 567 GR","46.74","1","KG",""
"2014","10","21/11/2014 12:00:00 a. m.","10","León, Gto."," 1. Alimentos, bebidas y tabaco"," 1.1. Alimentos"," 1.1.1. Pan, tortillas y cereales"," 02 Pan","007","Pan de caja","001","BIMBO, MULTIGRANO, BOLSA DE 540 GR","50.09","1","KG",""
"2014","10","21/11/2014 12:00:00 a. m.","10","León, Gto."," 1. Alimentos, bebidas y tabaco"," 1.1. Alimentos"," 1.1.1. Pan, tortillas y cereales"," 02 Pan","007","Pan de caja","002","BIMBO, BLANCO, BOLSA DE 680 GR","38.24","1","KG",""
"2014","10","21/11/2014 12:00:00 a. m.","10","León, Gto."," 1. Alimentos, bebidas y tabaco"," 1.1. Alimentos"," 1.1.1. Pan, tortillas y cereales"," 02 Pan","007","Pan de caja","003","WONDER, INTEGRAL, PREMIUM, CON AJONJOLI, BOLSA DE 567 GR","46.17","1","KG",""
"2014","10","21/11/2014 12:00:00 a. m.","10","León, Gto."," 1. Alimentos, bebidas y tabaco"," 1.1. Alimentos"," 1.1.1. Pan, tortillas y cereales"," 02 Pan","007","Pan de caja","004","BIMBO, INTEGRAL, BOLSA DE 680 GR","41.18","1","KG",""
"2014","10","21/11/2014 12:00:00 a. m.","11","Puebla, Pue."," 1. Alimentos, bebidas y tabaco"," 1.1. Alimentos"," 1.1.1. Pan, tortillas y cereales"," 02 Pan","007","Pan de caja","001","BIMBO, BLANCO, BOLSA DE 680 GR","38.24","1","KG",""
"2014","10","21/11/2014 12:00:00 a. m.","11","Puebla, Pue."," 1. Alimentos, bebidas y tabaco"," 1.1. Alimentos"," 1.1.1. Pan, tortillas y cereales"," 02 Pan","007","Pan de caja","002","BIMBO, TOSTADO, BOLSA DE 210 GR","85.71","1","KG",""
"2014","10","21/11/2014 12:00:00 a. m.","11","Puebla, Pue."," 1. Alimentos, bebidas y tabaco"," 1.1. Alimentos"," 1.1.1. Pan, tortillas y cereales"," 02 Pan","007","Pan de caja","003","WONDER, BLANCO, SUPER PAN, BOLSA DE 567 GR","45.86","1","KG",""
"2014","10","21/11/2014 12:00:00 a. m.","11","Puebla, Pue."," 1. Alimentos, bebidas y tabaco"," 1.1. Alimentos"," 1.1.1. Pan, tortillas y cereales"," 02 Pan","007","Pan de caja","004","BIMBO, BLANCO, BOLSA DE 640 GR","37.5","1","KG",""
"2014","10","21/11/2014 12:00:00 a. m.","11","Puebla, Pue."," 1. Alimentos, bebidas y tabaco"," 1.1. Alimentos"," 1.1.1. Pan, tortillas y cereales"," 02 Pan","007","Pan de caja","005","BIMBO, PAN MOLIDO, CLASICO, BOLSA DE 210 GR","57.14","1","KG",""
"2014","10","21/11/2014 12:00:00 a. m.","11","Puebla, Pue."," 1. Alimentos, bebidas y tabaco"," 1.1. Alimentos"," 1.1.1. Pan, tortillas y cereales"," 02 Pan","007","Pan de caja","006","OROWEAT, INTEGRAL, 100%, BOLSA DE 680 GR","57.35","1","KG",""
"2014","10","21/11/2014 12:00:00 a. m.","12","San Luis Potosí, S.L.P."," 1. Alimentos, bebidas y tabaco"," 1.1. Alimentos"," 1.1.1. Pan, tortillas y cereales"," 02 Pan","007","Pan de caja","001","MP, BLANCO, BOLSA DE 680 GR","25.59","1","KG",""
"2014","10","21/11/2014 12:00:00 a. m.","12","San Luis Potosí, S.L.P."," 1. Alimentos, bebidas y tabaco"," 1.1. Alimentos"," 1.1.1. Pan, tortillas y cereales"," 02 Pan","007","Pan de caja","002","WONDER, INTEGRAL, 100% CON AJONJOLI, BOLSA DE 567 GR","42.31","1","KG",""
"2014","10","21/11/2014 12:00:00 a. m.","12","San Luis Potosí, S.L.P."," 1. Alimentos, bebidas y tabaco"," 1.1. Alimentos"," 1.1.1. Pan, tortillas y cereales"," 02 Pan","007","Pan de caja","003","BIMBO, INTEGRAL, BOLSA DE 680 GR","41.18","1","KG",""
"2014","10","21/11/2014 12:00:00 a. m.","12","San Luis Potosí, S.L.P."," 1. Alimentos, bebidas y tabaco"," 1.1. Alimentos"," 1.1.1. Pan, tortillas y cereales"," 02 Pan","007","Pan de caja","004","SUNBEAM, BLANCO, BOLSA DE 567 GR","33.33","1","KG",""
"2014","10","21/11/2014 12:00:00 a. m.","13","Tapachula, Chis."," 1. Alimentos, bebidas y tabaco"," 1.1. Alimentos"," 1.1.1. Pan, tortillas y cereales"," 02 Pan","007","Pan de caja","001","BIMBO, TOSTADO, BOLSA DE 210 GR","80.95","1","KG",""
"2014","10","21/11/2014 12:00:00 a. m.","13","Tapachula, Chis."," 1. Alimentos, bebidas y tabaco"," 1.1. Alimentos"," 1.1.1. Pan, tortillas y cereales"," 02 Pan","007","Pan de caja","002","BIMBO, BLANCO, BOLSA DE 640 GR","37.5","1","KG",""
"2014","10","21/11/2014 12:00:00 a. m.","13","Tapachula, Chis."," 1. Alimentos, bebidas y tabaco"," 1.1. Alimentos"," 1.1.1. Pan, tortillas y cereales"," 02 Pan","007","Pan de caja","003","WONDER, INTEGRAL, 100% CON AJONJOLI, BOLSA DE 567 GR","43.12","1","KG",""
"2014","10","21/11/2014 12:00:00 a. m.","13","Tapachula, Chis."," 1. Alimentos, bebidas y tabaco"," 1.1. Alimentos"," 1.1.1. Pan, tortillas y cereales"," 02 Pan","007","Pan de caja","004","WONDER, BOLLOS, SUPER BOLLOS, BOLSA C/8 PZAS DE 540 GR","49.96","1","KG",""
"2014","10","21/11/2014 12:00:00 a. m.","14","Toluca, Edo. de Méx."," 1. Alimentos, bebidas y tabaco"," 1.1. Alimentos"," 1.1.1. Pan, tortillas y cereales"," 02 Pan","007","Pan de caja","001","BIMBO, MEDIAS NOCHES, BOLSA C/8 PZAS DE 290 GR","62.07","1","KG",""
"2014","10","21/11/2014 12:00:00 a. m.","14","Toluca, Edo. de Méx."," 1. Alimentos, bebidas y tabaco"," 1.1. Alimentos"," 1.1.1. Pan, tortillas y cereales"," 02 Pan","007","Pan de caja","002","BIMBO, BLANCO, BOLSA DE 680 GR","38.24","1","KG",""
"2014","10","21/11/2014 12:00:00 a. m.","14","Toluca, Edo. de Méx."," 1. Alimentos, bebidas y tabaco"," 1.1. Alimentos"," 1.1.1. Pan, tortillas y cereales"," 02 Pan","007","Pan de caja","003","WONDER, BOLLOS, SUPER BOLLOS, BOLSA C/8 PZAS DE 450 GR","51.11","1","KG",""
"2014","10","21/11/2014 12:00:00 a. m.","14","Toluca, Edo. de Méx."," 1. Alimentos, bebidas y tabaco"," 1.1. Alimentos"," 1.1.1. Pan, tortillas y cereales"," 02 Pan","007","Pan de caja","004","BIMBO, INTEGRAL, BOLSA DE 750 GR","37.33","1","KG",""
"2014","10","21/11/2014 12:00:00 a. m.","15","Torreón, Coah."," 1. Alimentos, bebidas y tabaco"," 1.1. Alimentos"," 1.1.1. Pan, tortillas y cereales"," 02 Pan","007","Pan de caja","001","WONDER, BLANCO, SUPER PAN, BOLSA DE 567 GR","43.32","1","KG",""
"2014","10","21/11/2014 12:00:00 a. m.","15","Torreón, Coah."," 1. Alimentos, bebidas y tabaco"," 1.1. Alimentos"," 1.1.1. Pan, tortillas y cereales"," 02 Pan","007","Pan de caja","002","BIMBO, INTEGRAL, MULTIGRANO, LINAZA, BOLSA DE 540 GR","49.81","1","KG",""
"2014","10","21/11/2014 12:00:00 a. m.","15","Torreón, Coah."," 1. Alimentos, bebidas y tabaco"," 1.1. Alimentos"," 1.1.1. Pan, tortillas y cereales"," 02 Pan","007","Pan de caja","003","SUNBEAM, BLANCO, BOLSA DE 567 GR","35.49","1","KG",""
"2014","10","21/11/2014 12:00:00 a. m.","15","Torreón, Coah."," 1. Alimentos, bebidas y tabaco"," 1.1. Alimentos"," 1.1.1. Pan, tortillas y cereales"," 02 Pan","007","Pan de caja","004","CRISTY, INTEGRAL, BOLSA DE 700 GR","34.14","1","KG",""
"2014","10","21/11/2014 12:00:00 a. m.","16","Veracruz, Ver."," 1. Alimentos, bebidas y tabaco"," 1.1. Alimentos"," 1.1.1. Pan, tortillas y cereales"," 02 Pan","007","Pan de caja","001","BIMBO, BLANCO, BOLSA DE 740 GR","39.19","1","KG",""
"2014","10","21/11/2014 12:00:00 a. m.","16","Veracruz, Ver."," 1. Alimentos, bebidas y tabaco"," 1.1. Alimentos"," 1.1.1. Pan, tortillas y cereales"," 02 Pan","007","Pan de caja","002","WONDER, INTEGRAL, 100% CON AJONJOLI, BOLSA DE 567 GR","47.62","1","KG",""
"2014","10","21/11/2014 12:00:00 a. m.","16","Veracruz, Ver."," 1. Alimentos, bebidas y tabaco"," 1.1. Alimentos"," 1.1.1. Pan, tortillas y cereales"," 02 Pan","007","Pan de caja","003","BIMBO, MULTIGRANO, BOLSA DE 540 GR","48.88","1","KG",""
"2014","10","21/11/2014 12:00:00 a. m.","16","Veracruz, Ver."," 1. Alimentos, bebidas y tabaco"," 1.1. Alimentos"," 1.1.1. Pan, tortillas y cereales"," 02 Pan","007","Pan de caja","004","OROWEAT, INTEGRAL, 100%, BOLSA DE 680 GR","57.35","1","KG",""
"2014","10","21/11/2014 12:00:00 a. m.","17","Villahermosa, Tab."," 1. Alimentos, bebidas y tabaco"," 1.1. Alimentos"," 1.1.1. Pan, tortillas y cereales"," 02 Pan","007","Pan de caja","001","MP, BLANCO, BOLSA DE 760 GR","18.55","1","KG",""
"2014","10","21/11/2014 12:00:00 a. m.","17","Villahermosa, Tab."," 1. Alimentos, bebidas y tabaco"," 1.1. Alimentos"," 1.1.1. Pan, tortillas y cereales"," 02 Pan","007","Pan de caja","002","WONDER, BLANCO, SUPER PAN, BOLSA DE 567 GR","45.86","1","KG",""
"2014","10","21/11/2014 12:00:00 a. m.","17","Villahermosa, Tab."," 1. Alimentos, bebidas y tabaco"," 1.1. Alimentos"," 1.1.1. Pan, tortillas y cereales"," 02 Pan","007","Pan de caja","003","BIMBO, BLANCO, BOLSA DE 640 GR","37.5","1","KG",""
"2014","10","21/11/2014 12:00:00 a. m.","17","Villahermosa, Tab."," 1. Alimentos, bebidas y tabaco"," 1.1. Alimentos"," 1.1.1. Pan, tortillas y cereales"," 02 Pan","007","Pan de caja","004","BIMBO, INTEGRAL, PAQ DE 2 BOLSAS DE 680 GR C/U","35.96","1","KG",""
"2014","10","21/11/2014 12:00:00 a. m.","18","Tampico, Tamps."," 1. Alimentos, bebidas y tabaco"," 1.1. Alimentos"," 1.1.1. Pan, tortillas y cereales"," 02 Pan","007","Pan de caja","001","MY BRAND, BOLLOS, BOLSA DE 440 GR","38.41","1","KG",""
"2014","10","21/11/2014 12:00:00 a. m.","18","Tampico, Tamps."," 1. Alimentos, bebidas y tabaco"," 1.1. Alimentos"," 1.1.1. Pan, tortillas y cereales"," 02 Pan","007","Pan de caja","002","BIMBO, BLANCO, BOLSA DE 680 GR","38.24","1","KG",""
"2014","10","21/11/2014 12:00:00 a. m.","18","Tampico, Tamps."," 1. Alimentos, bebidas y tabaco"," 1.1. Alimentos"," 1.1.1. Pan, tortillas y cereales"," 02 Pan","007","Pan de caja","003","SUNBEAM, BLANCO, BOLSA DE 567 GR","35.27","1","KG",""
"2014","10","21/11/2014 12:00:00 a. m.","18","Tampico, Tamps."," 1. Alimentos, bebidas y tabaco"," 1.1. Alimentos"," 1.1.1. Pan, tortillas y cereales"," 02 Pan","007","Pan de caja","004","WONDER, MEDIAS NOCHES, HOT DOGS, BOLSA DE 340 GR","54.41","1","KG",""
"2014","10","21/11/2014 12:00:00 a. m.","19","Chihuahua, Chih."," 1. Alimentos, bebidas y tabaco"," 1.1. Alimentos"," 1.1.1. Pan, tortillas y cereales"," 02 Pan","007","Pan de caja","001","BIMBO, BLANCO, BOLSA DE 680 GR","38.56","1","KG",""
"2014","10","21/11/2014 12:00:00 a. m.","19","Chihuahua, Chih."," 1. Alimentos, bebidas y tabaco"," 1.1. Alimentos"," 1.1.1. Pan, tortillas y cereales"," 02 Pan","007","Pan de caja","002","BIMBO, INTEGRAL, BOLSA DE 680 GR","44.12","1","KG",""
"2014","10","21/11/2014 12:00:00 a. m.","19","Chihuahua, Chih."," 1. Alimentos, bebidas y tabaco"," 1.1. Alimentos"," 1.1.1. Pan, tortillas y cereales"," 02 Pan","007","Pan de caja","003","WONDER, BLANCO, SUPER PAN, BOLSA DE 567 GR","45.99","1","KG",""
"2014","10","21/11/2014 12:00:00 a. m.","19","Chihuahua, Chih."," 1. Alimentos, bebidas y tabaco"," 1.1. Alimentos"," 1.1.1. Pan, tortillas y cereales"," 02 Pan","007","Pan de caja","004","WONDER, INTEGRAL, BOLSA DE 567 GR","49.65","1","KG",""
"2014","10","21/11/2014 12:00:00 a. m.","20","Hermosillo, Son."," 1. Alimentos, bebidas y tabaco"," 1.1. Alimentos"," 1.1.1. Pan, tortillas y cereales"," 02 Pan","007","Pan de caja","001","BIMBO, TOSTADO, BOLSA DE 210 GR","80.95","1","KG",""
"2014","10","21/11/2014 12:00:00 a. m.","20","Hermosillo, Son."," 1. Alimentos, bebidas y tabaco"," 1.1. Alimentos"," 1.1.1. Pan, tortillas y cereales"," 02 Pan","007","Pan de caja","002","BIMBO, BLANCO, BOLSA DE 640 GR","37.5","1","KG",""
"2014","10","21/11/2014 12:00:00 a. m.","20","Hermosillo, Son."," 1. Alimentos, bebidas y tabaco"," 1.1. Alimentos"," 1.1.1. Pan, tortillas y cereales"," 02 Pan","007","Pan de caja","003","WONDER, INTEGRAL, 100%, BOLSA DE 567 GR","44.97","1","KG",""
"2014","10","21/11/2014 12:00:00 a. m.","20","Hermosillo, Son."," 1. Alimentos, bebidas y tabaco"," 1.1. Alimentos"," 1.1.1. Pan, tortillas y cereales"," 02 Pan","007","Pan de caja","004","BIMBO, BLANCO, BOLSA DE 680 GR","38.24","1","KG",""
"2014","10","21/11/2014 12:00:00 a. m.","21","Monclova, Coah."," 1. Alimentos, bebidas y tabaco"," 1.1. Alimentos"," 1.1.1. Pan, tortillas y cereales"," 02 Pan","007","Pan de caja","001","BIMBO, TOSTADO, BOLSA DE 210 GR","85.71","1","KG",""
"2014","10","21/11/2014 12:00:00 a. m.","21","Monclova, Coah."," 1. Alimentos, bebidas y tabaco"," 1.1. Alimentos"," 1.1.1. Pan, tortillas y cereales"," 02 Pan","007","Pan de caja","002","BIMBO, BLANCO, BOLSA DE 680 GR","41.18","1","KG",""
"2014","10","21/11/2014 12:00:00 a. m.","21","Monclova, Coah."," 1. Alimentos, bebidas y tabaco"," 1.1. Alimentos"," 1.1.1. Pan, tortillas y cereales"," 02 Pan","007","Pan de caja","003","MP, BLANCO, BOLSA DE 620 GR","22.58","1","KG",""
"2014","10","21/11/2014 12:00:00 a. m.","21","Monclova, Coah."," 1. Alimentos, bebidas y tabaco"," 1.1. Alimentos"," 1.1.1. Pan, tortillas y cereales"," 02 Pan","007","Pan de caja","004","BIMBO, INTEGRAL, BOLSA DE 675 GR","38.52","1","KG",""
"2014","10","21/11/2014 12:00:00 a. m.","22","Córdoba, Ver."," 1. Alimentos, bebidas y tabaco"," 1.1. Alimentos"," 1.1.1. Pan, tortillas y cereales"," 02 Pan","007","Pan de caja","001","BIMBO, BLANCO, BOLSA DE 680 GR","37.21","1","KG",""
"2014","10","21/11/2014 12:00:00 a. m.","22","Córdoba, Ver."," 1. Alimentos, bebidas y tabaco"," 1.1. Alimentos"," 1.1.1. Pan, tortillas y cereales"," 02 Pan","007","Pan de caja","002","WONDER, BOLLOS, SUPER BOLLOS, BOLSA C/8 PZAS DE 540 GR","49.07","1","KG",""
"2014","10","21/11/2014 12:00:00 a. m.","22","Córdoba, Ver."," 1. Alimentos, bebidas y tabaco"," 1.1. Alimentos"," 1.1.1. Pan, tortillas y cereales"," 02 Pan","007","Pan de caja","003","WONDER, TOSTADO, BOLSA DE 180 GR","94.44","1","KG",""
"2014","10","21/11/2014 12:00:00 a. m.","22","Córdoba, Ver."," 1. Alimentos, bebidas y tabaco"," 1.1. Alimentos"," 1.1.1. Pan, tortillas y cereales"," 02 Pan","007","Pan de caja","004","BIMBO, INTEGRAL, BOLSA DE 675 GR","38.52","1","KG",""
"2014","10","21/11/2014 12:00:00 a. m.","23","Aguascalientes, Ags."," 1. Alimentos, bebidas y tabaco"," 1.1. Alimentos"," 1.1.1. Pan, tortillas y cereales"," 02 Pan","007","Pan de caja","001","BIMBO, BLANCO, BOLSA DE 680 GR","38.24","1","KG",""
"2014","10","21/11/2014 12:00:00 a. m.","23","Aguascalientes, Ags."," 1. Alimentos, bebidas y tabaco"," 1.1. Alimentos"," 1.1.1. Pan, tortillas y cereales"," 02 Pan","007","Pan de caja","002","BIMBO, INTEGRAL, BOLSA DE 480 GR","48.85","1","KG",""
"2014","10","21/11/2014 12:00:00 a. m.","23","Aguascalientes, Ags."," 1. Alimentos, bebidas y tabaco"," 1.1. Alimentos"," 1.1.1. Pan, tortillas y cereales"," 02 Pan","007","Pan de caja","003","BIMBO, BOLLOS, BIMBOLLOS, BOLSA C/8 PZAS DE 450 GR","59.44","1","KG",""
"2014","10","21/11/2014 12:00:00 a. m.","23","Aguascalientes, Ags."," 1. Alimentos, bebidas y tabaco"," 1.1. Alimentos"," 1.1.1. Pan, tortillas y cereales"," 02 Pan","007","Pan de caja","004","SUPERIOR, BLANCO, BOLSA DE 650 GR","36.77","1","KG",""
"2014","10","21/11/2014 12:00:00 a. m.","24","Tijuana, B.C."," 1. Alimentos, bebidas y tabaco"," 1.1. Alimentos"," 1.1.1. Pan, tortillas y cereales"," 02 Pan","007","Pan de caja","001","BIMBO, BLANCO, BOLSA DE 680 GR","39.71","1","KG",""
"2014","10","21/11/2014 12:00:00 a. m.","24","Tijuana, B.C."," 1. Alimentos, bebidas y tabaco"," 1.1. Alimentos"," 1.1.1. Pan, tortillas y cereales"," 02 Pan","007","Pan de caja","002","BIMBO, BLANCO, BOLSA DE 640 GR","40.63","1","KG",""
"2014","10","21/11/2014 12:00:00 a. m.","24","Tijuana, B.C."," 1. Alimentos, bebidas y tabaco"," 1.1. Alimentos"," 1.1.1. Pan, tortillas y cereales"," 02 Pan","007","Pan de caja","003","BIMBO, INTEGRAL, BOLSA DE 675 GR","42.96","1","KG",""
"2014","10","21/11/2014 12:00:00 a. m.","24","Tijuana, B.C."," 1. Alimentos, bebidas y tabaco"," 1.1. Alimentos"," 1.1.1. Pan, tortillas y cereales"," 02 Pan","007","Pan de caja","004","OROWEAT, INTEGRAL, 100%, BOLSA DE 680 GR","54.26","1","KG",""
"2014","10","21/11/2014 12:00:00 a. m.","25","Matamoros, Tamps."," 1. Alimentos, bebidas y tabaco"," 1.1. Alimentos"," 1.1.1. Pan, tortillas y cereales"," 02 Pan","007","Pan de caja","001","BIMBO, BLANCO, BOLSA DE 680 GR","37.76","1","KG",""
"2014","10","21/11/2014 12:00:00 a. m.","25","Matamoros, Tamps."," 1. Alimentos, bebidas y tabaco"," 1.1. Alimentos"," 1.1.1. Pan, tortillas y cereales"," 02 Pan","007","Pan de caja","002","MP, INTEGRAL, BOLSA DE 680 GR","29.26","1","KG",""
"2014","10","21/11/2014 12:00:00 a. m.","25","Matamoros, Tamps."," 1. Alimentos, bebidas y tabaco"," 1.1. Alimentos"," 1.1.1. Pan, tortillas y cereales"," 02 Pan","007","Pan de caja","003","SUNBEAM, BLANCO, BOLSA DE 567 GR","35.27","1","KG",""
"2014","10","21/11/2014 12:00:00 a. m.","25","Matamoros, Tamps."," 1. Alimentos, bebidas y tabaco"," 1.1. Alimentos"," 1.1.1. Pan, tortillas y cereales"," 02 Pan","007","Pan de caja","004","BIMBO, MEDIAS NOCHES, BOLSA C/8 PZAS DE 340 GR","43.82","1","KG",""
"2014","10","21/11/2014 12:00:00 a. m.","26","Colima, Col."," 1. Alimentos, bebidas y tabaco"," 1.1. Alimentos"," 1.1.1. Pan, tortillas y cereales"," 02 Pan","007","Pan de caja","001","BIMBO, BLANCO, BOLSA DE 640 GR","37.5","1","KG",""
"2014","10","21/11/2014 12:00:00 a. m.","26","Colima, Col."," 1. Alimentos, bebidas y tabaco"," 1.1. Alimentos"," 1.1.1. Pan, tortillas y cereales"," 02 Pan","007","Pan de caja","002","WONDER, INTEGRAL, C/AJONJOLI, BOLSA DE 567 GR","45.97","1","KG",""
"2014","10","21/11/2014 12:00:00 a. m.","26","Colima, Col."," 1. Alimentos, bebidas y tabaco"," 1.1. Alimentos"," 1.1.1. Pan, tortillas y cereales"," 02 Pan","007","Pan de caja","003","BIMBO, INTEGRAL, BOLSA DE 670 GR","38.81","1","KG",""
"2014","10","21/11/2014 12:00:00 a. m.","26","Colima, Col."," 1. Alimentos, bebidas y tabaco"," 1.1. Alimentos"," 1.1.1. Pan, tortillas y cereales"," 02 Pan","007","Pan de caja","004","OROWEAT, INTEGRAL, 100%, BOLSA DE 680 GR","57.35","1","KG",""
"2014","10","21/11/2014 12:00:00 a. m.","27","La Paz, B.C.S."," 1. Alimentos, bebidas y tabaco"," 1.1. Alimentos"," 1.1.1. Pan, tortillas y cereales"," 02 Pan","007","Pan de caja","001","BIMBO, BLANCO, BOLSA DE 680 GR","39.71","1","KG",""
"2014","10","21/11/2014 12:00:00 a. m.","27","La Paz, B.C.S."," 1. Alimentos, bebidas y tabaco"," 1.1. Alimentos"," 1.1.1. Pan, tortillas y cereales"," 02 Pan","007","Pan de caja","002","BIMBO, INTEGRAL, BOLSA DE 390 GR","53.85","1","KG",""
"2014","10","21/11/2014 12:00:00 a. m.","27","La Paz, B.C.S."," 1. Alimentos, bebidas y tabaco"," 1.1. Alimentos"," 1.1.1. Pan, tortillas y cereales"," 02 Pan","007","Pan de caja","003","BENAVENTO, INTEGRAL, BOLSA DE 840 GR","52.98","1","KG",""
"2014","10","21/11/2014 12:00:00 a. m.","27","La Paz, B.C.S."," 1. Alimentos, bebidas y tabaco"," 1.1. Alimentos"," 1.1.1. Pan, tortillas y cereales"," 02 Pan","007","Pan de caja","004","BIMBO, BLANCO, BOLSA DE 640 GR","40.63","1","KG",""
"2014","10","21/11/2014 12:00:00 a. m.","28","Chetumal, Q. Roo."," 1. Alimentos, bebidas y tabaco"," 1.1. Alimentos"," 1.1.1. Pan, tortillas y cereales"," 02 Pan","007","Pan de caja","001","BIMBO, INTEGRAL, BOLSA DE 680 GR","41.18","1","KG",""
"2014","10","21/11/2014 12:00:00 a. m.","28","Chetumal, Q. Roo."," 1. Alimentos, bebidas y tabaco"," 1.1. Alimentos"," 1.1.1. Pan, tortillas y cereales"," 02 Pan","007","Pan de caja","002","BIMBO, BLANCO, BOLSA DE 680 GR","38.24","1","KG",""
"2014","10","21/11/2014 12:00:00 a. m.","29","Jacona, Mich."," 1. Alimentos, bebidas y tabaco"," 1.1. Alimentos"," 1.1.1. Pan, tortillas y cereales"," 02 Pan","007","Pan de caja","001","BIMBO, BLANCO, BOLSA DE 680 GR","38.24","1","KG",""
"2014","10","21/11/2014 12:00:00 a. m.","29","Jacona, Mich."," 1. Alimentos, bebidas y tabaco"," 1.1. Alimentos"," 1.1.1. Pan, tortillas y cereales"," 02 Pan","007","Pan de caja","002","BIMBO, MEDIAS NOCHES, BOLSA C/8 PZAS DE 340 GR","52.5","1","KG",""
"2014","10","21/11/2014 12:00:00 a. m.","30","Fresnillo, Zac."," 1. Alimentos, bebidas y tabaco"," 1.1. Alimentos"," 1.1.1. Pan, tortillas y cereales"," 02 Pan","007","Pan de caja","001","BIMBO, BLANCO, BOLSA DE 640 GR","37.5","1","KG",""
"2014","10","21/11/2014 12:00:00 a. m.","30","Fresnillo, Zac."," 1. Alimentos, bebidas y tabaco"," 1.1. Alimentos"," 1.1.1. Pan, tortillas y cereales"," 02 Pan","007","Pan de caja","002","WONDER, INTEGRAL, 100%, BOLSA DE 567 GR","47.62","1","KG",""
"2014","10","21/11/2014 12:00:00 a. m.","31","Iguala, Gro."," 1. Alimentos, bebidas y tabaco"," 1.1. Alimentos"," 1.1.1. Pan, tortillas y cereales"," 02 Pan","007","Pan de caja","001","BIMBO, BLANCO, BOLSA DE 740 GR","39.19","1","KG",""
"2014","10","21/11/2014 12:00:00 a. m.","31","Iguala, Gro."," 1. Alimentos, bebidas y tabaco"," 1.1. Alimentos"," 1.1.1. Pan, tortillas y cereales"," 02 Pan","007","Pan de caja","002","BIMBO, INTEGRAL, BOLSA DE 480 GR","47.92","1","KG",""
"2014","10","21/11/2014 12:00:00 a. m.","32","Huatabampo, Son."," 1. Alimentos, bebidas y tabaco"," 1.1. Alimentos"," 1.1.1. Pan, tortillas y cereales"," 02 Pan","007","Pan de caja","001","BIMBO, BLANCO, BOLSA DE 640 GR","37.5","1","KG",""
"2014","10","21/11/2014 12:00:00 a. m.","32","Huatabampo, Son."," 1. Alimentos, bebidas y tabaco"," 1.1. Alimentos"," 1.1.1. Pan, tortillas y cereales"," 02 Pan","007","Pan de caja","002","WONDER, INTEGRAL, 100%, BOLSA DE 567 GR","46.74","1","KG",""
"2014","10","21/11/2014 12:00:00 a. m.","33","Tulancingo, Hgo."," 1. Alimentos, bebidas y tabaco"," 1.1. Alimentos"," 1.1.1. Pan, tortillas y cereales"," 02 Pan","007","Pan de caja","001","BIMBO, BLANCO, BOLSA DE 640 GR","32.73","1","KG",""
"2014","10","21/11/2014 12:00:00 a. m.","33","Tulancingo, Hgo."," 1. Alimentos, bebidas y tabaco"," 1.1. Alimentos"," 1.1.1. Pan, tortillas y cereales"," 02 Pan","007","Pan de caja","002","WONDER, INTEGRAL, 100%, BOLSA DE 567 GR","45.86","1","KG",""
"2014","10","21/11/2014 12:00:00 a. m.","34","Cortazar, Gto."," 1. Alimentos, bebidas y tabaco"," 1.1. Alimentos"," 1.1.1. Pan, tortillas y cereales"," 02 Pan","007","Pan de caja","001","WONDER, BLANCO, C/FIBRA, BOLSA DE 680 GR","39.71","1","KG",""
"2014","10","21/11/2014 12:00:00 a. m.","34","Cortazar, Gto."," 1. Alimentos, bebidas y tabaco"," 1.1. Alimentos"," 1.1.1. Pan, tortillas y cereales"," 02 Pan","007","Pan de caja","002","BIMBO, INTEGRAL, BOLSA DE 675 GR","38.52","1","KG",""
"2014","10","21/11/2014 12:00:00 a. m.","35","Jiménez, Chih."," 1. Alimentos, bebidas y tabaco"," 1.1. Alimentos"," 1.1.1. Pan, tortillas y cereales"," 02 Pan","007","Pan de caja","001","BIMBO, BLANCO, BOLSA DE 640 GR","37.5","1","KG","DESENCADENADO"
"2014","10","21/11/2014 12:00:00 a. m.","35","Jiménez, Chih."," 1. Alimentos, bebidas y tabaco"," 1.1. Alimentos"," 1.1.1. Pan, tortillas y cereales"," 02 Pan","007","Pan de caja","002","NATURE´S BEST, BLANCO, BOLSA DE 680 GR","28.38","1","KG",""
"2014","10","21/11/2014 12:00:00 a. m.","36","Durango, Dgo."," 1. Alimentos, bebidas y tabaco"," 1.1. Alimentos"," 1.1.1. Pan, tortillas y cereales"," 02 Pan","007","Pan de caja","001","WONDER, MEDIAS NOCHES, SUPER HOT DOGS, BOLSA DE 290 GR","59.66","1","KG",""
"2014","10","21/11/2014 12:00:00 a. m.","36","Durango, Dgo."," 1. Alimentos, bebidas y tabaco"," 1.1. Alimentos"," 1.1.1. Pan, tortillas y cereales"," 02 Pan","007","Pan de caja","002","BIMBO, BLANCO, BOLSA DE 640 GR","37.5","1","KG",""
"2014","10","21/11/2014 12:00:00 a. m.","36","Durango, Dgo."," 1. Alimentos, bebidas y tabaco"," 1.1. Alimentos"," 1.1.1. Pan, tortillas y cereales"," 02 Pan","007","Pan de caja","003","BIMBO, INTEGRAL, BOLSA DE 680 GR","41.18","1","KG",""
"2014","10","21/11/2014 12:00:00 a. m.","36","Durango, Dgo."," 1. Alimentos, bebidas y tabaco"," 1.1. Alimentos"," 1.1.1. Pan, tortillas y cereales"," 02 Pan","007","Pan de caja","004","WONDER, INTEGRAL, 100% CON AJONJOLI, BOLSA DE 567 GR","45.28","1","KG",""
"2014","10","21/11/2014 12:00:00 a. m.","37","Tepic, Nay."," 1. Alimentos, bebidas y tabaco"," 1.1. Alimentos"," 1.1.1. Pan, tortillas y cereales"," 02 Pan","007","Pan de caja","001","BIMBO, BLANCO, BOLSA DE 640 GR","37.5","1","KG",""
"2014","10","21/11/2014 12:00:00 a. m.","37","Tepic, Nay."," 1. Alimentos, bebidas y tabaco"," 1.1. Alimentos"," 1.1.1. Pan, tortillas y cereales"," 02 Pan","007","Pan de caja","002","BIMBO, INTEGRAL, BOLSA DE 680 GR","41.18","1","KG",""
"2014","10","21/11/2014 12:00:00 a. m.","37","Tepic, Nay."," 1. Alimentos, bebidas y tabaco"," 1.1. Alimentos"," 1.1.1. Pan, tortillas y cereales"," 02 Pan","007","Pan de caja","003","BIMBO, TOSTADO, BOLSA DE 210 GR","82.62","1","KG",""
"2014","10","21/11/2014 12:00:00 a. m.","37","Tepic, Nay."," 1. Alimentos, bebidas y tabaco"," 1.1. Alimentos"," 1.1.1. Pan, tortillas y cereales"," 02 Pan","007","Pan de caja","004","WONDER, INTEGRAL, 100%, BOLSA DE 567 GR","46.74","1","KG",""
"2014","10","21/11/2014 12:00:00 a. m.","38","Oaxaca, Oax."," 1. Alimentos, bebidas y tabaco"," 1.1. Alimentos"," 1.1.1. Pan, tortillas y cereales"," 02 Pan","007","Pan de caja","001","BIMBO, BOLLOS, BIMBOLLOS, BOLSA C/8 PZAS DE 450 GR","53.33","1","KG",""
"2014","10","21/11/2014 12:00:00 a. m.","38","Oaxaca, Oax."," 1. Alimentos, bebidas y tabaco"," 1.1. Alimentos"," 1.1.1. Pan, tortillas y cereales"," 02 Pan","007","Pan de caja","002","BIMBO, BLANCO, BOLSA DE 680 GR","41.88","1","KG",""
"2014","10","21/11/2014 12:00:00 a. m.","38","Oaxaca, Oax."," 1. Alimentos, bebidas y tabaco"," 1.1. Alimentos"," 1.1.1. Pan, tortillas y cereales"," 02 Pan","007","Pan de caja","003","WONDER, INTEGRAL, 100%, BOLSA DE 567 GR","45.86","1","KG",""
"2014","10","21/11/2014 12:00:00 a. m.","38","Oaxaca, Oax."," 1. Alimentos, bebidas y tabaco"," 1.1. Alimentos"," 1.1.1. Pan, tortillas y cereales"," 02 Pan","007","Pan de caja","004","WONDER, MEDIAS NOCHES, SUPER HOT DOGS, BOLSA DE 435 GR","59.77","1","KG",""
"2014","10","21/11/2014 12:00:00 a. m.","39","Querétaro, Qro."," 1. Alimentos, bebidas y tabaco"," 1.1. Alimentos"," 1.1.1. Pan, tortillas y cereales"," 02 Pan","007","Pan de caja","001","WONDER, INTEGRAL, 100%, CON AJONJOLI, BOLSA DE 567 GR","45.68","1","KG",""
"2014","10","21/11/2014 12:00:00 a. m.","39","Querétaro, Qro."," 1. Alimentos, bebidas y tabaco"," 1.1. Alimentos"," 1.1.1. Pan, tortillas y cereales"," 02 Pan","007","Pan de caja","002","BIMBO, PAN MOLIDO, CRUJIENTE, BOLSA DE 175 GR","65.71","1","KG",""
"2014","10","21/11/2014 12:00:00 a. m.","39","Querétaro, Qro."," 1. Alimentos, bebidas y tabaco"," 1.1. Alimentos"," 1.1.1. Pan, tortillas y cereales"," 02 Pan","007","Pan de caja","003","OROWEAT, MULTIGRANO, C/GRANOS ENTEROS Y MIEL, BOLSA DE 680 G","54.41","1","KG",""
"2014","10","21/11/2014 12:00:00 a. m.","39","Querétaro, Qro."," 1. Alimentos, bebidas y tabaco"," 1.1. Alimentos"," 1.1.1. Pan, tortillas y cereales"," 02 Pan","007","Pan de caja","004","BIMBO, INTEGRAL, BOLSA DE 680 GR","41.18","1","KG",""
"2014","10","21/11/2014 12:00:00 a. m.","40","Cuernavaca, Mor."," 1. Alimentos, bebidas y tabaco"," 1.1. Alimentos"," 1.1.1. Pan, tortillas y cereales"," 02 Pan","007","Pan de caja","001","WONDER, BLANCO, SUPER PAN, C/ AJONJOLI, BOLSA DE 567 GR","42.33","1","KG",""
"2014","10","21/11/2014 12:00:00 a. m.","40","Cuernavaca, Mor."," 1. Alimentos, bebidas y tabaco"," 1.1. Alimentos"," 1.1.1. Pan, tortillas y cereales"," 02 Pan","007","Pan de caja","002","BIMBO, BLANCO, BOLSA DE 680 GR","38.97","1","KG",""
"2014","10","21/11/2014 12:00:00 a. m.","40","Cuernavaca, Mor."," 1. Alimentos, bebidas y tabaco"," 1.1. Alimentos"," 1.1.1. Pan, tortillas y cereales"," 02 Pan","007","Pan de caja","003","OROWEAT, INTEGRAL, 100%, BOLSA DE 680 GR","57.35","1","KG",""
"2014","10","21/11/2014 12:00:00 a. m.","40","Cuernavaca, Mor."," 1. Alimentos, bebidas y tabaco"," 1.1. Alimentos"," 1.1.1. Pan, tortillas y cereales"," 02 Pan","007","Pan de caja","004","BIMBO, INTEGRAL, BOLSA DE 680 GR","45.59","1","KG",""
"2014","10","21/11/2014 12:00:00 a. m.","41","Tlaxcala, Tlax."," 1. Alimentos, bebidas y tabaco"," 1.1. Alimentos"," 1.1.1. Pan, tortillas y cereales"," 02 Pan","007","Pan de caja","001","WONDER, INTEGRAL, 100% CON AJONJOLI, BOLSA DE 567 GR","45.19","1","KG",""
"2014","10","21/11/2014 12:00:00 a. m.","41","Tlaxcala, Tlax."," 1. Alimentos, bebidas y tabaco"," 1.1. Alimentos"," 1.1.1. Pan, tortillas y cereales"," 02 Pan","007","Pan de caja","002","BIMBO, BLANCO, BOLSA DE 640 GR","37.5","1","KG",""
"2014","10","21/11/2014 12:00:00 a. m.","42","San Andrés Tuxtla, Ver."," 1. Alimentos, bebidas y tabaco"," 1.1. Alimentos"," 1.1.1. Pan, tortillas y cereales"," 02 Pan","007","Pan de caja","001","BIMBO, BLANCO, BOLSA DE 640 GR","40.63","1","KG",""
"2014","10","21/11/2014 12:00:00 a. m.","42","San Andrés Tuxtla, Ver."," 1. Alimentos, bebidas y tabaco"," 1.1. Alimentos"," 1.1.1. Pan, tortillas y cereales"," 02 Pan","007","Pan de caja","002","WONDER, INTEGRAL, 100% CON AJONJOLI, BOLSA DE 567 GR","45.19","1","KG",""
"2014","10","21/11/2014 12:00:00 a. m.","43","Campeche, Camp."," 1. Alimentos, bebidas y tabaco"," 1.1. Alimentos"," 1.1.1. Pan, tortillas y cereales"," 02 Pan","007","Pan de caja","001","BIMBO, BLANCO, SILUETA, BOLSA DE 500 GR","49.25","1","KG",""
"2014","10","21/11/2014 12:00:00 a. m.","43","Campeche, Camp."," 1. Alimentos, bebidas y tabaco"," 1.1. Alimentos"," 1.1.1. Pan, tortillas y cereales"," 02 Pan","007","Pan de caja","002","BIMBO, INTEGRAL, BOLSA DE 675 GR","38.37","1","KG",""
"2014","10","21/11/2014 12:00:00 a. m.","43","Campeche, Camp."," 1. Alimentos, bebidas y tabaco"," 1.1. Alimentos"," 1.1.1. Pan, tortillas y cereales"," 02 Pan","007","Pan de caja","003","BIMBO, MULTIGRANO, BOLSA DE 540 GR","40.6","1","KG",""
"2014","10","21/11/2014 12:00:00 a. m.","43","Campeche, Camp."," 1. Alimentos, bebidas y tabaco"," 1.1. Alimentos"," 1.1.1. Pan, tortillas y cereales"," 02 Pan","007","Pan de caja","004","BIMBO, BLANCO, PAQ DE 680 GR","38.24","1","KG",""
"2014","10","21/11/2014 12:00:00 a. m.","44","Tepatitlán, Jal."," 1. Alimentos, bebidas y tabaco"," 1.1. Alimentos"," 1.1.1. Pan, tortillas y cereales"," 02 Pan","007","Pan de caja","001","BIMBO, BLANCO, BOLSA DE 640 GR","38.91","1","KG",""
"2014","10","21/11/2014 12:00:00 a. m.","44","Tepatitlán, Jal."," 1. Alimentos, bebidas y tabaco"," 1.1. Alimentos"," 1.1.1. Pan, tortillas y cereales"," 02 Pan","007","Pan de caja","002","BIMBO, INTEGRAL, MULTIGRANO, BOLSA DE 540 GR","48.15","1","KG",""
"2014","10","21/11/2014 12:00:00 a. m.","45","Tehuantepec, Oax."," 1. Alimentos, bebidas y tabaco"," 1.1. Alimentos"," 1.1.1. Pan, tortillas y cereales"," 02 Pan","007","Pan de caja","001","BIMBO, MEDIAS NOCHES, BOLSA DE 340 GR","50","1","KG",""
"2014","10","21/11/2014 12:00:00 a. m.","45","Tehuantepec, Oax."," 1. Alimentos, bebidas y tabaco"," 1.1. Alimentos"," 1.1.1. Pan, tortillas y cereales"," 02 Pan","007","Pan de caja","002","BIMBO, INTEGRAL, BOLSA DE 680 GR","41.18","1","KG","DESENCADENADO"
"2014","10","21/11/2014 12:00:00 a. m.","46","Cd. Acuña, Coah."," 1. Alimentos, bebidas y tabaco"," 1.1. Alimentos"," 1.1.1. Pan, tortillas y cereales"," 02 Pan","007","Pan de caja","001","BIMBO, MEDIAS NOCHES, BOLSA C/8 PZAS DE 340 GR","55.59","1","KG",""
"2014","10","21/11/2014 12:00:00 a. m.","46","Cd. Acuña, Coah."," 1. Alimentos, bebidas y tabaco"," 1.1. Alimentos"," 1.1.1. Pan, tortillas y cereales"," 02 Pan","007","Pan de caja","002","MP, INTEGRAL, BOLSA DE 680 GR","29.26","1","KG",""
"2014","09","20/10/2014 12:00:00 a. m.","01","Área Met. de la Cd. de México"," 1. Alimentos, bebidas y tabaco"," 1.1. Alimentos"," 1.1.1. Pan, tortillas y cereales"," 02 Pan","007","Pan de caja","001","FIILLER, INTEGRAL, CENTENO, BOLSA DE 450 GR","74.44","1","KG",""
"2014","09","20/10/2014 12:00:00 a. m.","01","Área Met. de la Cd. de México"," 1. Alimentos, bebidas y tabaco"," 1.1. Alimentos"," 1.1.1. Pan, tortillas y cereales"," 02 Pan","007","Pan de caja","002","BIMBO, BLANCO, BOLSA DE 680 GR","38.24","1","KG","DESENCADENADO"
"2014","09","20/10/2014 12:00:00 a. m.","01","Área Met. de la Cd. de México"," 1. Alimentos, bebidas y tabaco"," 1.1. Alimentos"," 1.1.1. Pan, tortillas y cereales"," 02 Pan","007","Pan de caja","003","WONDER, BLANCO, SUPER PAN, BOLSA DE 567 GR","43.25","1","KG",""
"2014","09","20/10/2014 12:00:00 a. m.","01","Área Met. de la Cd. de México"," 1. Alimentos, bebidas y tabaco"," 1.1. Alimentos"," 1.1.1. Pan, tortillas y cereales"," 02 Pan","007","Pan de caja","004","BIMBO, TOSTADO, BOLSA DE 210 GR","76.49","1","KG",""
"2014","09","20/10/2014 12:00:00 a. m.","01","Área Met. de la Cd. de México"," 1. Alimentos, bebidas y tabaco"," 1.1. Alimentos"," 1.1.1. Pan, tortillas y cereales"," 02 Pan","007","Pan de caja","005","WONDER, BLANCO, SUPER PAN, BOLSA DE 567 GR","48.15","1","KG",""
"2014","09","20/10/2014 12:00:00 a. m.","01","Área Met. de la Cd. de México"," 1. Alimentos, bebidas y tabaco"," 1.1. Alimentos"," 1.1.1. Pan, tortillas y cereales"," 02 Pan","007","Pan de caja","006","BIMBO, INTEGRAL, BOLSA DE 750 GR","34.67","1","KG",""
"2014","09","20/10/2014 12:00:00 a. m.","01","Área Met. de la Cd. de México"," 1. Alimentos, bebidas y tabaco"," 1.1. Alimentos"," 1.1.1. Pan, tortillas y cereales"," 02 Pan","007","Pan de caja","007","BIMBO, BLANCO, BOLSA DE 680 GR","35.29","1","KG",""
"2014","09","20/10/2014 12:00:00 a. m.","01","Área Met. de la Cd. de México"," 1. Alimentos, bebidas y tabaco"," 1.1. Alimentos"," 1.1.1. Pan, tortillas y cereales"," 02 Pan","007","Pan de caja","008","BIMBO, BLANCO, BOLSA DE 650 GR","37.49","1","KG",""
"2014","09","20/10/2014 12:00:00 a. m.","01","Área Met. de la Cd. de México"," 1. Alimentos, bebidas y tabaco"," 1.1. Alimentos"," 1.1.1. Pan, tortillas y cereales"," 02 Pan","007","Pan de caja","009","BIMBO, BLANCO, BOLSA DE 640 GR","37.5","1","KG",""
"2014","09","20/10/2014 12:00:00 a. m.","01","Área Met. de la Cd. de México"," 1. Alimentos, bebidas y tabaco"," 1.1. Alimentos"," 1.1.1. Pan, tortillas y cereales"," 02 Pan","007","Pan de caja","010","BIMBO, INTEGRAL, BOLSA DE 680 GR","41.18","1","KG",""
"2014","09","20/10/2014 12:00:00 a. m.","01","Área Met. de la Cd. de México"," 1. Alimentos, bebidas y tabaco"," 1.1. Alimentos"," 1.1.1. Pan, tortillas y cereales"," 02 Pan","007","Pan de caja","011","WONDER, INTEGRAL, SELECT, C/AJONJOLI, BOLSA DE 567 GR","45.86","1","KG",""
"2014","09","20/10/2014 12:00:00 a. m.","01","Área Met. de la Cd. de México"," 1. Alimentos, bebidas y tabaco"," 1.1. Alimentos"," 1.1.1. Pan, tortillas y cereales"," 02 Pan","007","Pan de caja","012","WONDER, MEDIAS NOCHES, SUPER HOT DOGS, BOLSA DE 650 GR","52.16","1","KG",""
"2014","09","20/10/2014 12:00:00 a. m.","01","Área Met. de la Cd. de México"," 1. Alimentos, bebidas y tabaco"," 1.1. Alimentos"," 1.1.1. Pan, tortillas y cereales"," 02 Pan","007","Pan de caja","013","BIMBO, BLANCO, BOLSA DE 640 GR","37.5","1","KG",""
"2014","09","20/10/2014 12:00:00 a. m.","01","Área Met. de la Cd. de México"," 1. Alimentos, bebidas y tabaco"," 1.1. Alimentos"," 1.1.1. Pan, tortillas y cereales"," 02 Pan","007","Pan de caja","014","BIMBO, BLANCO, BOLSA DE 640 GR","37.5","1","KG",""
"2014","09","20/10/2014 12:00:00 a. m.","01","Área Met. de la Cd. de México"," 1. Alimentos, bebidas y tabaco"," 1.1. Alimentos"," 1.1.1. Pan, tortillas y cereales"," 02 Pan","007","Pan de caja","015","BIMBO, INTEGRAL, BOLSA DE 680 GR","38.56","1","KG",""
"2014","09","20/10/2014 12:00:00 a. m.","01","Área Met. de la Cd. de México"," 1. Alimentos, bebidas y tabaco"," 1.1. Alimentos"," 1.1.1. Pan, tortillas y cereales"," 02 Pan","007","Pan de caja","016","BIMBO, INTEGRAL, BOLSA DE 680 GR","37.65","1","KG",""
"2014","09","20/10/2014 12:00:00 a. m.","01","Área Met. de la Cd. de México"," 1. Alimentos, bebidas y tabaco"," 1.1. Alimentos"," 1.1.1. Pan, tortillas y cereales"," 02 Pan","007","Pan de caja","017","BIMBO, INTEGRAL, BOLSA DE 750 GR","34.67","1","KG",""
"2014","09","20/10/2014 12:00:00 a. m.","01","Área Met. de la Cd. de México"," 1. Alimentos, bebidas y tabaco"," 1.1. Alimentos"," 1.1.1. Pan, tortillas y cereales"," 02 Pan","007","Pan de caja","018","BIMBO, BLANCO, BOLSA DE 680 GR","38.24","1","KG",""
"2014","09","20/10/2014 12:00:00 a. m.","01","Área Met. de la Cd. de México"," 1. Alimentos, bebidas y tabaco"," 1.1. Alimentos"," 1.1.1. Pan, tortillas y cereales"," 02 Pan","007","Pan de caja","019","BIMBO, BOLLOS, BIMBOLLOS, BOLSA C/6 PZAS DE 480 GR","54.17","1","KG",""
"2014","09","20/10/2014 12:00:00 a. m.","01","Área Met. de la Cd. de México"," 1. Alimentos, bebidas y tabaco"," 1.1. Alimentos"," 1.1.1. Pan, tortillas y cereales"," 02 Pan","007","Pan de caja","020","BIMBO, BLANCO, BOLSA DE 640 GR","37.5","1","KG",""
"2014","09","20/10/2014 12:00:00 a. m.","02","Mérida, Yuc."," 1. Alimentos, bebidas y tabaco"," 1.1. Alimentos"," 1.1.1. Pan, tortillas y cereales"," 02 Pan","007","Pan de caja","001","WONDER, INTEGRAL, 100%, BOLSA DE 567 GR","45.86","1","KG",""
"2014","09","20/10/2014 12:00:00 a. m.","02","Mérida, Yuc."," 1. Alimentos, bebidas y tabaco"," 1.1. Alimentos"," 1.1.1. Pan, tortillas y cereales"," 02 Pan","007","Pan de caja","002","BONY BON, MEDIAS NOCHES, BOLSA DE 275 GR","54.36","1","KG",""
"2014","09","20/10/2014 12:00:00 a. m.","02","Mérida, Yuc."," 1. Alimentos, bebidas y tabaco"," 1.1. Alimentos"," 1.1.1. Pan, tortillas y cereales"," 02 Pan","007","Pan de caja","003","BIMBO, INTEGRAL, DOBLE FIBRA, BOLSA DE 567 GR","50.18","1","KG",""
"2014","09","20/10/2014 12:00:00 a. m.","02","Mérida, Yuc."," 1. Alimentos, bebidas y tabaco"," 1.1. Alimentos"," 1.1.1. Pan, tortillas y cereales"," 02 Pan","007","Pan de caja","004","BIMBO, BLANCO, PAQ DE 2 BOLSAS DE 680 GR C/U","35.96","1","KG",""
"2014","09","20/10/2014 12:00:00 a. m.","03","Morelia, Mich."," 1. Alimentos, bebidas y tabaco"," 1.1. Alimentos"," 1.1.1. Pan, tortillas y cereales"," 02 Pan","007","Pan de caja","001","BIMBO, TOSTADO, BOLSA DE 210 GR","85.71","1","KG",""
"2014","09","20/10/2014 12:00:00 a. m.","03","Morelia, Mich."," 1. Alimentos, bebidas y tabaco"," 1.1. Alimentos"," 1.1.1. Pan, tortillas y cereales"," 02 Pan","007","Pan de caja","002","WONDER, BOLLOS, SUPER BOLLOS, BOLSA C/8 PZAS DE 540 GR","49.31","1","KG",""
"2014","09","20/10/2014 12:00:00 a. m.","03","Morelia, Mich."," 1. Alimentos, bebidas y tabaco"," 1.1. Alimentos"," 1.1.1. Pan, tortillas y cereales"," 02 Pan","007","Pan de caja","003","BIMBO, BLANCO, BOLSA DE 680 GR","38.24","1","KG",""
"2014","09","20/10/2014 12:00:00 a. m.","03","Morelia, Mich."," 1. Alimentos, bebidas y tabaco"," 1.1. Alimentos"," 1.1.1. Pan, tortillas y cereales"," 02 Pan","007","Pan de caja","004","WONDER, INTEGRAL, 100%, BOLSA DE 567 GR","44.09","1","KG",""
"2014","09","20/10/2014 12:00:00 a. m.","04","Guadalajara, Jal."," 1. Alimentos, bebidas y tabaco"," 1.1. Alimentos"," 1.1.1. Pan, tortillas y cereales"," 02 Pan","007","Pan de caja","001","OROWEAT, INTEGRAL, 100%, BOLSA DE 680 GR","55.88","1","KG",""
"2014","09","20/10/2014 12:00:00 a. m.","04","Guadalajara, Jal."," 1. Alimentos, bebidas y tabaco"," 1.1. Alimentos"," 1.1.1. Pan, tortillas y cereales"," 02 Pan","007","Pan de caja","002","WONDER, INTEGRAL, 100%, BOLSA DE 567 GR","45.86","1","KG",""
"2014","09","20/10/2014 12:00:00 a. m.","04","Guadalajara, Jal."," 1. Alimentos, bebidas y tabaco"," 1.1. Alimentos"," 1.1.1. Pan, tortillas y cereales"," 02 Pan","007","Pan de caja","003","OROWEAT, MULTIGRANO, 12 GRANOS, BOLSA DE 680 GR","52.91","1","KG",""
"2014","09","20/10/2014 12:00:00 a. m.","04","Guadalajara, Jal."," 1. Alimentos, bebidas y tabaco"," 1.1. Alimentos"," 1.1.1. Pan, tortillas y cereales"," 02 Pan","007","Pan de caja","004","BIMBO, TOSTADO, BOLSA DE 210 GR","95.24","1","KG",""
"2014","09","20/10/2014 12:00:00 a. m.","04","Guadalajara, Jal."," 1. Alimentos, bebidas y tabaco"," 1.1. Alimentos"," 1.1.1. Pan, tortillas y cereales"," 02 Pan","007","Pan de caja","005","C EST SI BON, INTEGRAL, ULTRAGRANO, BOLSA DE 600 GR","55.83","1","KG",""
"2014","09","20/10/2014 12:00:00 a. m.","04","Guadalajara, Jal."," 1. Alimentos, bebidas y tabaco"," 1.1. Alimentos"," 1.1.1. Pan, tortillas y cereales"," 02 Pan","007","Pan de caja","006","WONDER, INTEGRAL, BOLSA DE 680 GR","37.13","1","KG",""
"2014","09","20/10/2014 12:00:00 a. m.","05","Monterrey, N.L."," 1. Alimentos, bebidas y tabaco"," 1.1. Alimentos"," 1.1.1. Pan, tortillas y cereales"," 02 Pan","007","Pan de caja","001","BIMBO, BLANCO, BOLSA DE 680 GR","38.24","1","KG",""
"2014","09","20/10/2014 12:00:00 a. m.","05","Monterrey, N.L."," 1. Alimentos, bebidas y tabaco"," 1.1. Alimentos"," 1.1.1. Pan, tortillas y cereales"," 02 Pan","007","Pan de caja","002","MP, INTEGRAL, BOLSA DE 680 GR","29.26","1","KG",""
"2014","09","20/10/2014 12:00:00 a. m.","05","Monterrey, N.L."," 1. Alimentos, bebidas y tabaco"," 1.1. Alimentos"," 1.1.1. Pan, tortillas y cereales"," 02 Pan","007","Pan de caja","003","BIMBO, INTEGRAL, BOLSA DE 675 GR","37","1","KG",""
"2014","09","20/10/2014 12:00:00 a. m.","05","Monterrey, N.L."," 1. Alimentos, bebidas y tabaco"," 1.1. Alimentos"," 1.1.1. Pan, tortillas y cereales"," 02 Pan","007","Pan de caja","004","MP, MEDIAS NOCHES, BOLSA DE 400 GR","37.25","1","KG",""
"2014","09","20/10/2014 12:00:00 a. m.","05","Monterrey, N.L."," 1. Alimentos, bebidas y tabaco"," 1.1. Alimentos"," 1.1.1. Pan, tortillas y cereales"," 02 Pan","007","Pan de caja","005","BIMBO, TOSTADO, BOLSA DE 210 GR","80.48","1","KG",""
"2014","09","20/10/2014 12:00:00 a. m.","05","Monterrey, N.L."," 1. Alimentos, bebidas y tabaco"," 1.1. Alimentos"," 1.1.1. Pan, tortillas y cereales"," 02 Pan","007","Pan de caja","006","SAM´S MP, BOLLOS, 12 PZAS, BOLSA DE 1400 GR","32.76","1","KG",""
"2014","09","20/10/2014 12:00:00 a. m.","05","Monterrey, N.L."," 1. Alimentos, bebidas y tabaco"," 1.1. Alimentos"," 1.1.1. Pan, tortillas y cereales"," 02 Pan","007","Pan de caja","007","BIMBO, BLANCO, BOLSA DE 680 GR","38.24","1","KG",""
"2014","09","20/10/2014 12:00:00 a. m.","05","Monterrey, N.L."," 1. Alimentos, bebidas y tabaco"," 1.1. Alimentos"," 1.1.1. Pan, tortillas y cereales"," 02 Pan","007","Pan de caja","008","SUNBEAM, BLANCO, BOLSA DE 567 GR","35.98","1","KG",""
"2014","09","20/10/2014 12:00:00 a. m.","06","Mexicali, B.C."," 1. Alimentos, bebidas y tabaco"," 1.1. Alimentos"," 1.1.1. Pan, tortillas y cereales"," 02 Pan","007","Pan de caja","001","SARA LEE, INTEGRAL, BOLSA DE 567 GR","44.75","1","KG",""
"2014","09","20/10/2014 12:00:00 a. m.","06","Mexicali, B.C."," 1. Alimentos, bebidas y tabaco"," 1.1. Alimentos"," 1.1.1. Pan, tortillas y cereales"," 02 Pan","007","Pan de caja","002","BIMBO, BLANCO, BOLSA DE 640 GR","43.77","1","KG",""
"2014","09","20/10/2014 12:00:00 a. m.","06","Mexicali, B.C."," 1. Alimentos, bebidas y tabaco"," 1.1. Alimentos"," 1.1.1. Pan, tortillas y cereales"," 02 Pan","007","Pan de caja","003","NATURES OWN, INTEGRAL, BOLSA DE 567 GR","45.86","1","KG",""
"2014","09","20/10/2014 12:00:00 a. m.","06","Mexicali, B.C."," 1. Alimentos, bebidas y tabaco"," 1.1. Alimentos"," 1.1.1. Pan, tortillas y cereales"," 02 Pan","007","Pan de caja","004","BIMBO, BLANCO, BOLSA DE 680 GR","39.71","1","KG",""
"2014","09","20/10/2014 12:00:00 a. m.","07","Cd. Juárez, Chih."," 1. Alimentos, bebidas y tabaco"," 1.1. Alimentos"," 1.1.1. Pan, tortillas y cereales"," 02 Pan","007","Pan de caja","001","SUNBEAM, BLANCO, BOLSA DE 680 GR","25.35","1","KG",""
"2014","09","20/10/2014 12:00:00 a. m.","07","Cd. Juárez, Chih."," 1. Alimentos, bebidas y tabaco"," 1.1. Alimentos"," 1.1.1. Pan, tortillas y cereales"," 02 Pan","007","Pan de caja","002","PULLMAN, BLANCO, BOLSA DE 680 GR","27.94","1","KG",""
"2014","09","20/10/2014 12:00:00 a. m.","07","Cd. Juárez, Chih."," 1. Alimentos, bebidas y tabaco"," 1.1. Alimentos"," 1.1.1. Pan, tortillas y cereales"," 02 Pan","007","Pan de caja","003","NATURE´S SUNSHINE, INTEGRAL, OWN HONEY, BOLSA DE 567 GR","47.44","1","KG",""
"2014","09","20/10/2014 12:00:00 a. m.","07","Cd. Juárez, Chih."," 1. Alimentos, bebidas y tabaco"," 1.1. Alimentos"," 1.1.1. Pan, tortillas y cereales"," 02 Pan","007","Pan de caja","004","PULLMAN, BLANCO, BOLSA DE 500 GR","43","1","KG",""
"2014","09","20/10/2014 12:00:00 a. m.","08","Acapulco, Gro."," 1. Alimentos, bebidas y tabaco"," 1.1. Alimentos"," 1.1.1. Pan, tortillas y cereales"," 02 Pan","007","Pan de caja","001","WONDER, INTEGRAL, 100%, BOLSA DE 567 GR","43.1","1","KG",""
"2014","09","20/10/2014 12:00:00 a. m.","08","Acapulco, Gro."," 1. Alimentos, bebidas y tabaco"," 1.1. Alimentos"," 1.1.1. Pan, tortillas y cereales"," 02 Pan","007","Pan de caja","002","BIMBO, BLANCO, BOLSA DE 680 GR","38.24","1","KG",""
"2014","09","20/10/2014 12:00:00 a. m.","08","Acapulco, Gro."," 1. Alimentos, bebidas y tabaco"," 1.1. Alimentos"," 1.1.1. Pan, tortillas y cereales"," 02 Pan","007","Pan de caja","003","BIMBO, INTEGRAL, BOLSA DE 390 GR","51.28","1","KG",""
"2014","09","20/10/2014 12:00:00 a. m.","08","Acapulco, Gro."," 1. Alimentos, bebidas y tabaco"," 1.1. Alimentos"," 1.1.1. Pan, tortillas y cereales"," 02 Pan","007","Pan de caja","004","WONDER, INTEGRAL, 100% CON AJONJOLI, BOLSA DE 567 GR","45.86","1","KG",""
"2014","09","20/10/2014 12:00:00 a. m.","09","Culiacán, Sin."," 1. Alimentos, bebidas y tabaco"," 1.1. Alimentos"," 1.1.1. Pan, tortillas y cereales"," 02 Pan","007","Pan de caja","001","BIMBO, BLANCO, BOLSA DE 680 GR","38.24","1","KG",""
"2014","09","20/10/2014 12:00:00 a. m.","09","Culiacán, Sin."," 1. Alimentos, bebidas y tabaco"," 1.1. Alimentos"," 1.1.1. Pan, tortillas y cereales"," 02 Pan","007","Pan de caja","002","BIMBO, INTEGRAL, BOLSA DE 675 GR","38.52","1","KG",""
"2014","09","20/10/2014 12:00:00 a. m.","09","Culiacán, Sin."," 1. Alimentos, bebidas y tabaco"," 1.1. Alimentos"," 1.1.1. Pan, tortillas y cereales"," 02 Pan","007","Pan de caja","003","BIMBO, BLANCO, BOLSA DE 640 GR","37.5","1","KG",""
"2014","09","20/10/2014 12:00:00 a. m.","09","Culiacán, Sin."," 1. Alimentos, bebidas y tabaco"," 1.1. Alimentos"," 1.1.1. Pan, tortillas y cereales"," 02 Pan","007","Pan de caja","004","WONDER, BLANCO, SUPER PAN, BOLSA DE 567 GR","46.74","1","KG",""
"2014","09","20/10/2014 12:00:00 a. m.","10","León, Gto."," 1. Alimentos, bebidas y tabaco"," 1.1. Alimentos"," 1.1.1. Pan, tortillas y cereales"," 02 Pan","007","Pan de caja","001","BIMBO, MULTIGRANO, BOLSA DE 540 GR","44.26","1","KG",""
"2014","09","20/10/2014 12:00:00 a. m.","10","León, Gto."," 1. Alimentos, bebidas y tabaco"," 1.1. Alimentos"," 1.1.1. Pan, tortillas y cereales"," 02 Pan","007","Pan de caja","002","BIMBO, BLANCO, BOLSA DE 680 GR","38.24","1","KG",""
"2014","09","20/10/2014 12:00:00 a. m.","10","León, Gto."," 1. Alimentos, bebidas y tabaco"," 1.1. Alimentos"," 1.1.1. Pan, tortillas y cereales"," 02 Pan","007","Pan de caja","003","WONDER, INTEGRAL, PREMIUM, CON AJONJOLI, BOLSA DE 567 GR","46.17","1","KG",""
"2014","09","20/10/2014 12:00:00 a. m.","10","León, Gto."," 1. Alimentos, bebidas y tabaco"," 1.1. Alimentos"," 1.1.1. Pan, tortillas y cereales"," 02 Pan","007","Pan de caja","004","BIMBO, INTEGRAL, BOLSA DE 680 GR","41.18","1","KG",""
"2014","09","20/10/2014 12:00:00 a. m.","11","Puebla, Pue."," 1. Alimentos, bebidas y tabaco"," 1.1. Alimentos"," 1.1.1. Pan, tortillas y cereales"," 02 Pan","007","Pan de caja","001","BIMBO, BLANCO, BOLSA DE 680 GR","38.24","1","KG",""
"2014","09","20/10/2014 12:00:00 a. m.","11","Puebla, Pue."," 1. Alimentos, bebidas y tabaco"," 1.1. Alimentos"," 1.1.1. Pan, tortillas y cereales"," 02 Pan","007","Pan de caja","002","BIMBO, TOSTADO, BOLSA DE 210 GR","85.71","1","KG",""
"2014","09","20/10/2014 12:00:00 a. m.","11","Puebla, Pue."," 1. Alimentos, bebidas y tabaco"," 1.1. Alimentos"," 1.1.1. Pan, tortillas y cereales"," 02 Pan","007","Pan de caja","003","WONDER, BLANCO, SUPER PAN, BOLSA DE 567 GR","45.61","1","KG",""
"2014","09","20/10/2014 12:00:00 a. m.","11","Puebla, Pue."," 1. Alimentos, bebidas y tabaco"," 1.1. Alimentos"," 1.1.1. Pan, tortillas y cereales"," 02 Pan","007","Pan de caja","004","BIMBO, BLANCO, BOLSA DE 640 GR","37.5","1","KG",""
"2014","09","20/10/2014 12:00:00 a. m.","11","Puebla, Pue."," 1. Alimentos, bebidas y tabaco"," 1.1. Alimentos"," 1.1.1. Pan, tortillas y cereales"," 02 Pan","007","Pan de caja","005","BIMBO, PAN MOLIDO, CLASICO, BOLSA DE 210 GR","57.14","1","KG",""
"2014","09","20/10/2014 12:00:00 a. m.","11","Puebla, Pue."," 1. Alimentos, bebidas y tabaco"," 1.1. Alimentos"," 1.1.1. Pan, tortillas y cereales"," 02 Pan","007","Pan de caja","006","OROWEAT, INTEGRAL, 100%, BOLSA DE 680 GR","57.35","1","KG",""
"2014","09","20/10/2014 12:00:00 a. m.","12","San Luis Potosí, S.L.P."," 1. Alimentos, bebidas y tabaco"," 1.1. Alimentos"," 1.1.1. Pan, tortillas y cereales"," 02 Pan","007","Pan de caja","001","MP, BLANCO, BOLSA DE 680 GR","24.49","1","KG",""
"2014","09","20/10/2014 12:00:00 a. m.","12","San Luis Potosí, S.L.P."," 1. Alimentos, bebidas y tabaco"," 1.1. Alimentos"," 1.1.1. Pan, tortillas y cereales"," 02 Pan","007","Pan de caja","002","WONDER, INTEGRAL, 100% CON AJONJOLI, BOLSA DE 567 GR","44.31","1","KG",""
"2014","09","20/10/2014 12:00:00 a. m.","12","San Luis Potosí, S.L.P."," 1. Alimentos, bebidas y tabaco"," 1.1. Alimentos"," 1.1.1. Pan, tortillas y cereales"," 02 Pan","007","Pan de caja","003","BIMBO, INTEGRAL, BOLSA DE 680 GR","41.18","1","KG",""
"2014","09","20/10/2014 12:00:00 a. m.","12","San Luis Potosí, S.L.P."," 1. Alimentos, bebidas y tabaco"," 1.1. Alimentos"," 1.1.1. Pan, tortillas y cereales"," 02 Pan","007","Pan de caja","004","SUNBEAM, BLANCO, BOLSA DE 567 GR","33.33","1","KG",""
"2014","09","20/10/2014 12:00:00 a. m.","13","Tapachula, Chis."," 1. Alimentos, bebidas y tabaco"," 1.1. Alimentos"," 1.1.1. Pan, tortillas y cereales"," 02 Pan","007","Pan de caja","001","BIMBO, TOSTADO, BOLSA DE 210 GR","80.95","1","KG",""
"2014","09","20/10/2014 12:00:00 a. m.","13","Tapachula, Chis."," 1. Alimentos, bebidas y tabaco"," 1.1. Alimentos"," 1.1.1. Pan, tortillas y cereales"," 02 Pan","007","Pan de caja","002","BIMBO, BLANCO, BOLSA DE 640 GR","37.5","1","KG",""
"2014","09","20/10/2014 12:00:00 a. m.","13","Tapachula, Chis."," 1. Alimentos, bebidas y tabaco"," 1.1. Alimentos"," 1.1.1. Pan, tortillas y cereales"," 02 Pan","007","Pan de caja","003","WONDER, INTEGRAL, 100% CON AJONJOLI, BOLSA DE 567 GR","43.12","1","KG",""
"2014","09","20/10/2014 12:00:00 a. m.","13","Tapachula, Chis."," 1. Alimentos, bebidas y tabaco"," 1.1. Alimentos"," 1.1.1. Pan, tortillas y cereales"," 02 Pan","007","Pan de caja","004","WONDER, BOLLOS, SUPER BOLLOS, BOLSA C/8 PZAS DE 540 GR","50","1","KG",""
"2014","09","20/10/2014 12:00:00 a. m.","14","Toluca, Edo. de Méx."," 1. Alimentos, bebidas y tabaco"," 1.1. Alimentos"," 1.1.1. Pan, tortillas y cereales"," 02 Pan","007","Pan de caja","001","BIMBO, MEDIAS NOCHES, BOLSA C/8 PZAS DE 290 GR","62.07","1","KG",""
"2014","09","20/10/2014 12:00:00 a. m.","14","Toluca, Edo. de Méx."," 1. Alimentos, bebidas y tabaco"," 1.1. Alimentos"," 1.1.1. Pan, tortillas y cereales"," 02 Pan","007","Pan de caja","002","BIMBO, BLANCO, BOLSA DE 680 GR","38.24","1","KG",""
"2014","09","20/10/2014 12:00:00 a. m.","14","Toluca, Edo. de Méx."," 1. Alimentos, bebidas y tabaco"," 1.1. Alimentos"," 1.1.1. Pan, tortillas y cereales"," 02 Pan","007","Pan de caja","003","WONDER, BOLLOS, SUPER BOLLOS, BOLSA C/8 PZAS DE 450 GR","51.11","1","KG",""
"2014","09","20/10/2014 12:00:00 a. m.","14","Toluca, Edo. de Méx."," 1. Alimentos, bebidas y tabaco"," 1.1. Alimentos"," 1.1.1. Pan, tortillas y cereales"," 02 Pan","007","Pan de caja","004","BIMBO, INTEGRAL, BOLSA DE 750 GR","37.33","1","KG",""
"2014","09","20/10/2014 12:00:00 a. m.","15","Torreón, Coah."," 1. Alimentos, bebidas y tabaco"," 1.1. Alimentos"," 1.1.1. Pan, tortillas y cereales"," 02 Pan","007","Pan de caja","001","WONDER, BLANCO, SUPER PAN, BOLSA DE 567 GR","42.22","1","KG",""
"2014","09","20/10/2014 12:00:00 a. m.","15","Torreón, Coah."," 1. Alimentos, bebidas y tabaco"," 1.1. Alimentos"," 1.1.1. Pan, tortillas y cereales"," 02 Pan","007","Pan de caja","002","BIMBO, INTEGRAL, MULTIGRANO, LINAZA, BOLSA DE 540 GR","48.89","1","KG",""
"2014","09","20/10/2014 12:00:00 a. m.","15","Torreón, Coah."," 1. Alimentos, bebidas y tabaco"," 1.1. Alimentos"," 1.1.1. Pan, tortillas y cereales"," 02 Pan","007","Pan de caja","003","SUNBEAM, BLANCO, BOLSA DE 567 GR","36.16","1","KG",""
"2014","09","20/10/2014 12:00:00 a. m.","15","Torreón, Coah."," 1. Alimentos, bebidas y tabaco"," 1.1. Alimentos"," 1.1.1. Pan, tortillas y cereales"," 02 Pan","007","Pan de caja","004","CRISTY, INTEGRAL, BOLSA DE 700 GR","34.14","1","KG",""
"2014","09","20/10/2014 12:00:00 a. m.","16","Veracruz, Ver."," 1. Alimentos, bebidas y tabaco"," 1.1. Alimentos"," 1.1.1. Pan, tortillas y cereales"," 02 Pan","007","Pan de caja","001","BIMBO, BLANCO, BOLSA DE 740 GR","39.53","1","KG",""
"2014","09","20/10/2014 12:00:00 a. m.","16","Veracruz, Ver."," 1. Alimentos, bebidas y tabaco"," 1.1. Alimentos"," 1.1.1. Pan, tortillas y cereales"," 02 Pan","007","Pan de caja","002","WONDER, INTEGRAL, 100% CON AJONJOLI, BOLSA DE 567 GR","47.62","1","KG",""
"2014","09","20/10/2014 12:00:00 a. m.","16","Veracruz, Ver."," 1. Alimentos, bebidas y tabaco"," 1.1. Alimentos"," 1.1.1. Pan, tortillas y cereales"," 02 Pan","007","Pan de caja","003","BIMBO, INTEGRAL, MULTIGRANO, BOLSA DE 540 GR","50","1","KG",""
"2014","09","20/10/2014 12:00:00 a. m.","16","Veracruz, Ver."," 1. Alimentos, bebidas y tabaco"," 1.1. Alimentos"," 1.1.1. Pan, tortillas y cereales"," 02 Pan","007","Pan de caja","004","OROWEAT, INTEGRAL, 100%, BOLSA DE 680 GR","55.88","1","KG",""
"2014","09","20/10/2014 12:00:00 a. m.","17","Villahermosa, Tab."," 1. Alimentos, bebidas y tabaco"," 1.1. Alimentos"," 1.1.1. Pan, tortillas y cereales"," 02 Pan","007","Pan de caja","001","MP, BLANCO, BOLSA DE 760 GR","19.08","1","KG",""
"2014","09","20/10/2014 12:00:00 a. m.","17","Villahermosa, Tab."," 1. Alimentos, bebidas y tabaco"," 1.1. Alimentos"," 1.1.1. Pan, tortillas y cereales"," 02 Pan","007","Pan de caja","002","WONDER, BLANCO, SUPER PAN, BOLSA DE 567 GR","45.86","1","KG",""
"2014","09","20/10/2014 12:00:00 a. m.","17","Villahermosa, Tab."," 1. Alimentos, bebidas y tabaco"," 1.1. Alimentos"," 1.1.1. Pan, tortillas y cereales"," 02 Pan","007","Pan de caja","003","BIMBO, BLANCO, BOLSA DE 640 GR","37.5","1","KG",""
"2014","09","20/10/2014 12:00:00 a. m.","17","Villahermosa, Tab."," 1. Alimentos, bebidas y tabaco"," 1.1. Alimentos"," 1.1.1. Pan, tortillas y cereales"," 02 Pan","007","Pan de caja","004","BIMBO, INTEGRAL, PAQ DE 2 BOLSAS DE 680 GR C/U","35.96","1","KG",""
"2014","09","20/10/2014 12:00:00 a. m.","18","Tampico, Tamps."," 1. Alimentos, bebidas y tabaco"," 1.1. Alimentos"," 1.1.1. Pan, tortillas y cereales"," 02 Pan","007","Pan de caja","001","MY BRAND, BOLLOS, BOLSA DE 440 GR","38.41","1","KG",""
"2014","09","20/10/2014 12:00:00 a. m.","18","Tampico, Tamps."," 1. Alimentos, bebidas y tabaco"," 1.1. Alimentos"," 1.1.1. Pan, tortillas y cereales"," 02 Pan","007","Pan de caja","002","BIMBO, BLANCO, BOLSA DE 680 GR","38.24","1","KG",""
"2014","09","20/10/2014 12:00:00 a. m.","18","Tampico, Tamps."," 1. Alimentos, bebidas y tabaco"," 1.1. Alimentos"," 1.1.1. Pan, tortillas y cereales"," 02 Pan","007","Pan de caja","003","SUNBEAM, BLANCO, BOLSA DE 567 GR","35.27","1","KG",""
"2014","09","20/10/2014 12:00:00 a. m.","18","Tampico, Tamps."," 1. Alimentos, bebidas y tabaco"," 1.1. Alimentos"," 1.1.1. Pan, tortillas y cereales"," 02 Pan","007","Pan de caja","004","WONDER, MEDIAS NOCHES, HOT DOGS, BOLSA DE 340 GR","54.41","1","KG",""
"2014","09","20/10/2014 12:00:00 a. m.","19","Chihuahua, Chih."," 1. Alimentos, bebidas y tabaco"," 1.1. Alimentos"," 1.1.1. Pan, tortillas y cereales"," 02 Pan","007","Pan de caja","001","BIMBO, BLANCO, BOLSA DE 680 GR","39.56","1","KG",""
"2014","09","20/10/2014 12:00:00 a. m.","19","Chihuahua, Chih."," 1. Alimentos, bebidas y tabaco"," 1.1. Alimentos"," 1.1.1. Pan, tortillas y cereales"," 02 Pan","007","Pan de caja","002","BIMBO, INTEGRAL, BOLSA DE 680 GR","42.97","1","KG",""
"2014","09","20/10/2014 12:00:00 a. m.","19","Chihuahua, Chih."," 1. Alimentos, bebidas y tabaco"," 1.1. Alimentos"," 1.1.1. Pan, tortillas y cereales"," 02 Pan","007","Pan de caja","003","WONDER, BLANCO, SUPER PAN, BOLSA DE 567 GR","45.61","1","KG",""
"2014","09","20/10/2014 12:00:00 a. m.","19","Chihuahua, Chih."," 1. Alimentos, bebidas y tabaco"," 1.1. Alimentos"," 1.1.1. Pan, tortillas y cereales"," 02 Pan","007","Pan de caja","004","WONDER, INTEGRAL, BOLSA DE 567 GR","49.65","1","KG",""
"2014","09","20/10/2014 12:00:00 a. m.","20","Hermosillo, Son."," 1. Alimentos, bebidas y tabaco"," 1.1. Alimentos"," 1.1.1. Pan, tortillas y cereales"," 02 Pan","007","Pan de caja","001","BIMBO, TOSTADO, BOLSA DE 210 GR","80.95","1","KG",""
"2014","09","20/10/2014 12:00:00 a. m.","20","Hermosillo, Son."," 1. Alimentos, bebidas y tabaco"," 1.1. Alimentos"," 1.1.1. Pan, tortillas y cereales"," 02 Pan","007","Pan de caja","002","BIMBO, BLANCO, BOLSA DE 640 GR","37.89","1","KG",""
"2014","09","20/10/2014 12:00:00 a. m.","20","Hermosillo, Son."," 1. Alimentos, bebidas y tabaco"," 1.1. Alimentos"," 1.1.1. Pan, tortillas y cereales"," 02 Pan","007","Pan de caja","003","WONDER, INTEGRAL, 100%, BOLSA DE 567 GR","44.64","1","KG",""
"2014","09","20/10/2014 12:00:00 a. m.","20","Hermosillo, Son."," 1. Alimentos, bebidas y tabaco"," 1.1. Alimentos"," 1.1.1. Pan, tortillas y cereales"," 02 Pan","007","Pan de caja","004","BIMBO, BLANCO, BOLSA DE 680 GR","38.24","1","KG",""
"2014","09","20/10/2014 12:00:00 a. m.","21","Monclova, Coah."," 1. Alimentos, bebidas y tabaco"," 1.1. Alimentos"," 1.1.1. Pan, tortillas y cereales"," 02 Pan","007","Pan de caja","001","BIMBO, TOSTADO, BOLSA DE 210 GR","85.71","1","KG",""
"2014","09","20/10/2014 12:00:00 a. m.","21","Monclova, Coah."," 1. Alimentos, bebidas y tabaco"," 1.1. Alimentos"," 1.1.1. Pan, tortillas y cereales"," 02 Pan","007","Pan de caja","002","BIMBO, BLANCO, BOLSA DE 680 GR","41.18","1","KG",""
"2014","09","20/10/2014 12:00:00 a. m.","21","Monclova, Coah."," 1. Alimentos, bebidas y tabaco"," 1.1. Alimentos"," 1.1.1. Pan, tortillas y cereales"," 02 Pan","007","Pan de caja","003","MP, BLANCO, BOLSA DE 620 GR","22.58","1","KG",""
"2014","09","20/10/2014 12:00:00 a. m.","21","Monclova, Coah."," 1. Alimentos, bebidas y tabaco"," 1.1. Alimentos"," 1.1.1. Pan, tortillas y cereales"," 02 Pan","007","Pan de caja","004","BIMBO, INTEGRAL, BOLSA DE 675 GR","38.52","1","KG",""
"2014","09","20/10/2014 12:00:00 a. m.","22","Córdoba, Ver."," 1. Alimentos, bebidas y tabaco"," 1.1. Alimentos"," 1.1.1. Pan, tortillas y cereales"," 02 Pan","007","Pan de caja","001","BIMBO, BLANCO, BOLSA DE 680 GR","36.54","1","KG",""
"2014","09","20/10/2014 12:00:00 a. m.","22","Córdoba, Ver."," 1. Alimentos, bebidas y tabaco"," 1.1. Alimentos"," 1.1.1. Pan, tortillas y cereales"," 02 Pan","007","Pan de caja","002","WONDER, BOLLOS, SUPER BOLLOS, BOLSA C/8 PZAS DE 540 GR","49.07","1","KG",""
"2014","09","20/10/2014 12:00:00 a. m.","22","Córdoba, Ver."," 1. Alimentos, bebidas y tabaco"," 1.1. Alimentos"," 1.1.1. Pan, tortillas y cereales"," 02 Pan","007","Pan de caja","003","WONDER, TOSTADO, BOLSA DE 180 GR","94.44","1","KG",""
"2014","09","20/10/2014 12:00:00 a. m.","22","Córdoba, Ver."," 1. Alimentos, bebidas y tabaco"," 1.1. Alimentos"," 1.1.1. Pan, tortillas y cereales"," 02 Pan","007","Pan de caja","004","BIMBO, INTEGRAL, BOLSA DE 675 GR","38.52","1","KG",""
"2014","09","20/10/2014 12:00:00 a. m.","23","Aguascalientes, Ags."," 1. Alimentos, bebidas y tabaco"," 1.1. Alimentos"," 1.1.1. Pan, tortillas y cereales"," 02 Pan","007","Pan de caja","001","BIMBO, BLANCO, BOLSA DE 680 GR","38.24","1","KG",""
"2014","09","20/10/2014 12:00:00 a. m.","23","Aguascalientes, Ags."," 1. Alimentos, bebidas y tabaco"," 1.1. Alimentos"," 1.1.1. Pan, tortillas y cereales"," 02 Pan","007","Pan de caja","002","BIMBO, INTEGRAL, BOLSA DE 480 GR","49.79","1","KG",""
"2014","09","20/10/2014 12:00:00 a. m.","23","Aguascalientes, Ags."," 1. Alimentos, bebidas y tabaco"," 1.1. Alimentos"," 1.1.1. Pan, tortillas y cereales"," 02 Pan","007","Pan de caja","003","BIMBO, BOLLOS, BIMBOLLOS, BOLSA C/8 PZAS DE 450 GR","61.11","1","KG",""
"2014","09","20/10/2014 12:00:00 a. m.","23","Aguascalientes, Ags."," 1. Alimentos, bebidas y tabaco"," 1.1. Alimentos"," 1.1.1. Pan, tortillas y cereales"," 02 Pan","007","Pan de caja","004","SUPERIOR, BLANCO, BOLSA DE 650 GR","38.62","1","KG",""
"2014","09","20/10/2014 12:00:00 a. m.","24","Tijuana, B.C."," 1. Alimentos, bebidas y tabaco"," 1.1. Alimentos"," 1.1.1. Pan, tortillas y cereales"," 02 Pan","007","Pan de caja","001","BIMBO, BLANCO, BOLSA DE 680 GR","39.71","1","KG",""
"2014","09","20/10/2014 12:00:00 a. m.","24","Tijuana, B.C."," 1. Alimentos, bebidas y tabaco"," 1.1. Alimentos"," 1.1.1. Pan, tortillas y cereales"," 02 Pan","007","Pan de caja","002","BIMBO, BLANCO, BOLSA DE 640 GR","40.63","1","KG",""
"2014","09","20/10/2014 12:00:00 a. m.","24","Tijuana, B.C."," 1. Alimentos, bebidas y tabaco"," 1.1. Alimentos"," 1.1.1. Pan, tortillas y cereales"," 02 Pan","007","Pan de caja","003","BIMBO, INTEGRAL, BOLSA DE 675 GR","42.96","1","KG",""
"2014","09","20/10/2014 12:00:00 a. m.","24","Tijuana, B.C."," 1. Alimentos, bebidas y tabaco"," 1.1. Alimentos"," 1.1.1. Pan, tortillas y cereales"," 02 Pan","007","Pan de caja","004","OROWEAT, INTEGRAL, 100%, BOLSA DE 680 GR","54.26","1","KG",""
"2014","09","20/10/2014 12:00:00 a. m.","25","Matamoros, Tamps."," 1. Alimentos, bebidas y tabaco"," 1.1. Alimentos"," 1.1.1. Pan, tortillas y cereales"," 02 Pan","007","Pan de caja","001","BIMBO, BLANCO, BOLSA DE 680 GR","38.24","1","KG",""
"2014","09","20/10/2014 12:00:00 a. m.","25","Matamoros, Tamps."," 1. Alimentos, bebidas y tabaco"," 1.1. Alimentos"," 1.1.1. Pan, tortillas y cereales"," 02 Pan","007","Pan de caja","002","MP, INTEGRAL, BOLSA DE 680 GR","29.26","1","KG",""
"2014","09","20/10/2014 12:00:00 a. m.","25","Matamoros, Tamps."," 1. Alimentos, bebidas y tabaco"," 1.1. Alimentos"," 1.1.1. Pan, tortillas y cereales"," 02 Pan","007","Pan de caja","003","SUNBEAM, BLANCO, BOLSA DE 567 GR","35.16","1","KG",""
"2014","09","20/10/2014 12:00:00 a. m.","25","Matamoros, Tamps."," 1. Alimentos, bebidas y tabaco"," 1.1. Alimentos"," 1.1.1. Pan, tortillas y cereales"," 02 Pan","007","Pan de caja","004","BIMBO, MEDIAS NOCHES, BOLSA C/8 PZAS DE 340 GR","43.82","1","KG","DESENCADENADO"
"2014","09","20/10/2014 12:00:00 a. m.","26","Colima, Col."," 1. Alimentos, bebidas y tabaco"," 1.1. Alimentos"," 1.1.1. Pan, tortillas y cereales"," 02 Pan","007","Pan de caja","001","BIMBO, BLANCO, BOLSA DE 640 GR","37.5","1","KG",""
"2014","09","20/10/2014 12:00:00 a. m.","26","Colima, Col."," 1. Alimentos, bebidas y tabaco"," 1.1. Alimentos"," 1.1.1. Pan, tortillas y cereales"," 02 Pan","007","Pan de caja","002","WONDER, INTEGRAL, C/AJONJOLI, BOLSA DE 567 GR","47.62","1","KG",""
"2014","09","20/10/2014 12:00:00 a. m.","26","Colima, Col."," 1. Alimentos, bebidas y tabaco"," 1.1. Alimentos"," 1.1.1. Pan, tortillas y cereales"," 02 Pan","007","Pan de caja","003","BIMBO, INTEGRAL, BOLSA DE 670 GR","38.81","1","KG",""
"2014","09","20/10/2014 12:00:00 a. m.","26","Colima, Col."," 1. Alimentos, bebidas y tabaco"," 1.1. Alimentos"," 1.1.1. Pan, tortillas y cereales"," 02 Pan","007","Pan de caja","004","OROWEAT, INTEGRAL, 100%, BOLSA DE 680 GR","57.35","1","KG",""
"2014","09","20/10/2014 12:00:00 a. m.","27","La Paz, B.C.S."," 1. Alimentos, bebidas y tabaco"," 1.1. Alimentos"," 1.1.1. Pan, tortillas y cereales"," 02 Pan","007","Pan de caja","001","BIMBO, BLANCO, BOLSA DE 680 GR","39.71","1","KG",""
"2014","09","20/10/2014 12:00:00 a. m.","27","La Paz, B.C.S."," 1. Alimentos, bebidas y tabaco"," 1.1. Alimentos"," 1.1.1. Pan, tortillas y cereales"," 02 Pan","007","Pan de caja","002","BIMBO, INTEGRAL, BOLSA DE 390 GR","53.85","1","KG",""
"2014","09","20/10/2014 12:00:00 a. m.","27","La Paz, B.C.S."," 1. Alimentos, bebidas y tabaco"," 1.1. Alimentos"," 1.1.1. Pan, tortillas y cereales"," 02 Pan","007","Pan de caja","003","BENAVENTO, INTEGRAL, BOLSA DE 840 GR","52.98","1","KG",""
"2014","09","20/10/2014 12:00:00 a. m.","27","La Paz, B.C.S."," 1. Alimentos, bebidas y tabaco"," 1.1. Alimentos"," 1.1.1. Pan, tortillas y cereales"," 02 Pan","007","Pan de caja","004","BIMBO, BLANCO, BOLSA DE 640 GR","40.63","1","KG",""
"2014","09","20/10/2014 12:00:00 a. m.","28","Chetumal, Q. Roo."," 1. Alimentos, bebidas y tabaco"," 1.1. Alimentos"," 1.1.1. Pan, tortillas y cereales"," 02 Pan","007","Pan de caja","001","BIMBO, INTEGRAL, BOLSA DE 680 GR","41.18","1","KG",""
"2014","09","20/10/2014 12:00:00 a. m.","28","Chetumal, Q. Roo."," 1. Alimentos, bebidas y tabaco"," 1.1. Alimentos"," 1.1.1. Pan, tortillas y cereales"," 02 Pan","007","Pan de caja","002","BIMBO, BLANCO, BOLSA DE 680 GR","38.24","1","KG",""
"2014","09","20/10/2014 12:00:00 a. m.","29","Jacona, Mich."," 1. Alimentos, bebidas y tabaco"," 1.1. Alimentos"," 1.1.1. Pan, tortillas y cereales"," 02 Pan","007","Pan de caja","001","BIMBO, BLANCO, BOLSA DE 680 GR","38.24","1","KG",""
"2014","09","20/10/2014 12:00:00 a. m.","29","Jacona, Mich."," 1. Alimentos, bebidas y tabaco"," 1.1. Alimentos"," 1.1.1. Pan, tortillas y cereales"," 02 Pan","007","Pan de caja","002","BIMBO, MEDIAS NOCHES, BOLSA C/8 PZAS DE 340 GR","52.5","1","KG",""
"2014","09","20/10/2014 12:00:00 a. m.","30","Fresnillo, Zac."," 1. Alimentos, bebidas y tabaco"," 1.1. Alimentos"," 1.1.1. Pan, tortillas y cereales"," 02 Pan","007","Pan de caja","001","BIMBO, BLANCO, BOLSA DE 640 GR","37.5","1","KG",""
"2014","09","20/10/2014 12:00:00 a. m.","30","Fresnillo, Zac."," 1. Alimentos, bebidas y tabaco"," 1.1. Alimentos"," 1.1.1. Pan, tortillas y cereales"," 02 Pan","007","Pan de caja","002","WONDER, INTEGRAL, 100%, BOLSA DE 567 GR","47.62","1","KG",""
"2014","09","20/10/2014 12:00:00 a. m.","31","Iguala, Gro."," 1. Alimentos, bebidas y tabaco"," 1.1. Alimentos"," 1.1.1. Pan, tortillas y cereales"," 02 Pan","007","Pan de caja","001","BIMBO, BLANCO, BOLSA DE 740 GR","39.19","1","KG",""
"2014","09","20/10/2014 12:00:00 a. m.","31","Iguala, Gro."," 1. Alimentos, bebidas y tabaco"," 1.1. Alimentos"," 1.1.1. Pan, tortillas y cereales"," 02 Pan","007","Pan de caja","002","BIMBO, INTEGRAL, BOLSA DE 480 GR","47.92","1","KG",""
"2014","09","20/10/2014 12:00:00 a. m.","32","Huatabampo, Son."," 1. Alimentos, bebidas y tabaco"," 1.1. Alimentos"," 1.1.1. Pan, tortillas y cereales"," 02 Pan","007","Pan de caja","001","BIMBO, BLANCO, BOLSA DE 640 GR","37.5","1","KG",""
"2014","09","20/10/2014 12:00:00 a. m.","32","Huatabampo, Son."," 1. Alimentos, bebidas y tabaco"," 1.1. Alimentos"," 1.1.1. Pan, tortillas y cereales"," 02 Pan","007","Pan de caja","002","WONDER, INTEGRAL, 100%, BOLSA DE 567 GR","42.9","1","KG",""
"2014","09","20/10/2014 12:00:00 a. m.","33","Tulancingo, Hgo."," 1. Alimentos, bebidas y tabaco"," 1.1. Alimentos"," 1.1.1. Pan, tortillas y cereales"," 02 Pan","007","Pan de caja","001","BIMBO, BLANCO, BOLSA DE 640 GR","32.73","1","KG",""
"2014","09","20/10/2014 12:00:00 a. m.","33","Tulancingo, Hgo."," 1. Alimentos, bebidas y tabaco"," 1.1. Alimentos"," 1.1.1. Pan, tortillas y cereales"," 02 Pan","007","Pan de caja","002","WONDER, INTEGRAL, 100%, BOLSA DE 567 GR","45.86","1","KG",""
"2014","09","20/10/2014 12:00:00 a. m.","34","Cortazar, Gto."," 1. Alimentos, bebidas y tabaco"," 1.1. Alimentos"," 1.1.1. Pan, tortillas y cereales"," 02 Pan","007","Pan de caja","001","WONDER, BLANCO, C/FIBRA, BOLSA DE 680 GR","39.71","1","KG",""
"2014","09","20/10/2014 12:00:00 a. m.","34","Cortazar, Gto."," 1. Alimentos, bebidas y tabaco"," 1.1. Alimentos"," 1.1.1. Pan, tortillas y cereales"," 02 Pan","007","Pan de caja","002","BIMBO, INTEGRAL, BOLSA DE 675 GR","38.52","1","KG",""
"2014","09","20/10/2014 12:00:00 a. m.","35","Jiménez, Chih."," 1. Alimentos, bebidas y tabaco"," 1.1. Alimentos"," 1.1.1. Pan, tortillas y cereales"," 02 Pan","007","Pan de caja","001","BIMBO, BLANCO, BOLSA DE 640 GR","31.76","1","KG",""
"2014","09","20/10/2014 12:00:00 a. m.","35","Jiménez, Chih."," 1. Alimentos, bebidas y tabaco"," 1.1. Alimentos"," 1.1.1. Pan, tortillas y cereales"," 02 Pan","007","Pan de caja","002","NATURE´S BEST, BLANCO, BOLSA DE 680 GR","26.03","1","KG",""
"2014","09","20/10/2014 12:00:00 a. m.","36","Durango, Dgo."," 1. Alimentos, bebidas y tabaco"," 1.1. Alimentos"," 1.1.1. Pan, tortillas y cereales"," 02 Pan","007","Pan de caja","001","WONDER, MEDIAS NOCHES, SUPER HOT DOGS, BOLSA DE 290 GR","59.66","1","KG",""
"2014","09","20/10/2014 12:00:00 a. m.","36","Durango, Dgo."," 1. Alimentos, bebidas y tabaco"," 1.1. Alimentos"," 1.1.1. Pan, tortillas y cereales"," 02 Pan","007","Pan de caja","002","BIMBO, BLANCO, BOLSA DE 640 GR","37.5","1","KG",""
"2014","09","20/10/2014 12:00:00 a. m.","36","Durango, Dgo."," 1. Alimentos, bebidas y tabaco"," 1.1. Alimentos"," 1.1.1. Pan, tortillas y cereales"," 02 Pan","007","Pan de caja","003","BIMBO, INTEGRAL, BOLSA DE 680 GR","42.65","1","KG",""
"2014","09","20/10/2014 12:00:00 a. m.","36","Durango, Dgo."," 1. Alimentos, bebidas y tabaco"," 1.1. Alimentos"," 1.1.1. Pan, tortillas y cereales"," 02 Pan","007","Pan de caja","004","WONDER, INTEGRAL, 100% CON AJONJOLI, BOLSA DE 567 GR","46.74","1","KG",""
"2014","09","20/10/2014 12:00:00 a. m.","37","Tepic, Nay."," 1. Alimentos, bebidas y tabaco"," 1.1. Alimentos"," 1.1.1. Pan, tortillas y cereales"," 02 Pan","007","Pan de caja","001","BIMBO, BLANCO, BOLSA DE 640 GR","37.5","1","KG",""
"2014","09","20/10/2014 12:00:00 a. m.","37","Tepic, Nay."," 1. Alimentos, bebidas y tabaco"," 1.1. Alimentos"," 1.1.1. Pan, tortillas y cereales"," 02 Pan","007","Pan de caja","002","BIMBO, INTEGRAL, BOLSA DE 680 GR","41.09","1","KG",""
"2014","09","20/10/2014 12:00:00 a. m.","37","Tepic, Nay."," 1. Alimentos, bebidas y tabaco"," 1.1. Alimentos"," 1.1.1. Pan, tortillas y cereales"," 02 Pan","007","Pan de caja","003","BIMBO, TOSTADO, BOLSA DE 210 GR","90.48","1","KG",""
"2014","09","20/10/2014 12:00:00 a. m.","37","Tepic, Nay."," 1. Alimentos, bebidas y tabaco"," 1.1. Alimentos"," 1.1.1. Pan, tortillas y cereales"," 02 Pan","007","Pan de caja","004","WONDER, INTEGRAL, 100%, BOLSA DE 567 GR","46.74","1","KG",""
"2014","09","20/10/2014 12:00:00 a. m.","38","Oaxaca, Oax."," 1. Alimentos, bebidas y tabaco"," 1.1. Alimentos"," 1.1.1. Pan, tortillas y cereales"," 02 Pan","007","Pan de caja","001","BIMBO, BOLLOS, BIMBOLLOS, BOLSA C/8 PZAS DE 450 GR","53.33","1","KG",""
"2014","09","20/10/2014 12:00:00 a. m.","38","Oaxaca, Oax."," 1. Alimentos, bebidas y tabaco"," 1.1. Alimentos"," 1.1.1. Pan, tortillas y cereales"," 02 Pan","007","Pan de caja","002","BIMBO, BLANCO, BOLSA DE 680 GR","43.97","1","KG",""
"2014","09","20/10/2014 12:00:00 a. m.","38","Oaxaca, Oax."," 1. Alimentos, bebidas y tabaco"," 1.1. Alimentos"," 1.1.1. Pan, tortillas y cereales"," 02 Pan","007","Pan de caja","003","WONDER, INTEGRAL, 100%, BOLSA DE 567 GR","45.86","1","KG",""
"2014","09","20/10/2014 12:00:00 a. m.","38","Oaxaca, Oax."," 1. Alimentos, bebidas y tabaco"," 1.1. Alimentos"," 1.1.1. Pan, tortillas y cereales"," 02 Pan","007","Pan de caja","004","WONDER, MEDIAS NOCHES, SUPER HOT DOGS, BOLSA DE 435 GR","59.77","1","KG",""
"2014","09","20/10/2014 12:00:00 a. m.","39","Querétaro, Qro."," 1. Alimentos, bebidas y tabaco"," 1.1. Alimentos"," 1.1.1. Pan, tortillas y cereales"," 02 Pan","007","Pan de caja","001","WONDER, INTEGRAL, 100%, CON AJONJOLI, BOLSA DE 567 GR","46.3","1","KG",""
"2014","09","20/10/2014 12:00:00 a. m.","39","Querétaro, Qro."," 1. Alimentos, bebidas y tabaco"," 1.1. Alimentos"," 1.1.1. Pan, tortillas y cereales"," 02 Pan","007","Pan de caja","002","BIMBO, PAN MOLIDO, CRUJIENTE, BOLSA DE 175 GR","65.71","1","KG",""
"2014","09","20/10/2014 12:00:00 a. m.","39","Querétaro, Qro."," 1. Alimentos, bebidas y tabaco"," 1.1. Alimentos"," 1.1.1. Pan, tortillas y cereales"," 02 Pan","007","Pan de caja","003","OROWEAT, MULTIGRANO, C/GRANOS ENTEROS Y MIEL, BOLSA DE 680 G","55","1","KG",""
"2014","09","20/10/2014 12:00:00 a. m.","39","Querétaro, Qro."," 1. Alimentos, bebidas y tabaco"," 1.1. Alimentos"," 1.1.1. Pan, tortillas y cereales"," 02 Pan","007","Pan de caja","004","BIMBO, INTEGRAL, BOLSA DE 680 GR","41.18","1","KG",""
"2014","09","20/10/2014 12:00:00 a. m.","40","Cuernavaca, Mor."," 1. Alimentos, bebidas y tabaco"," 1.1. Alimentos"," 1.1.1. Pan, tortillas y cereales"," 02 Pan","007","Pan de caja","001","WONDER, BLANCO, SUPER PAN, C/ AJONJOLI, BOLSA DE 567 GR","45.19","1","KG",""
"2014","09","20/10/2014 12:00:00 a. m.","40","Cuernavaca, Mor."," 1. Alimentos, bebidas y tabaco"," 1.1. Alimentos"," 1.1.1. Pan, tortillas y cereales"," 02 Pan","007","Pan de caja","002","BIMBO, BLANCO, BOLSA DE 680 GR","38.97","1","KG",""
"2014","09","20/10/2014 12:00:00 a. m.","40","Cuernavaca, Mor."," 1. Alimentos, bebidas y tabaco"," 1.1. Alimentos"," 1.1.1. Pan, tortillas y cereales"," 02 Pan","007","Pan de caja","003","OROWEAT, INTEGRAL, 100%, BOLSA DE 680 GR","56.51","1","KG",""
"2014","09","20/10/2014 12:00:00 a. m.","40","Cuernavaca, Mor."," 1. Alimentos, bebidas y tabaco"," 1.1. Alimentos"," 1.1.1. Pan, tortillas y cereales"," 02 Pan","007","Pan de caja","004","BIMBO, INTEGRAL, BOLSA DE 680 GR","44.12","1","KG",""
"2014","09","20/10/2014 12:00:00 a. m.","41","Tlaxcala, Tlax."," 1. Alimentos, bebidas y tabaco"," 1.1. Alimentos"," 1.1.1. Pan, tortillas y cereales"," 02 Pan","007","Pan de caja","001","WONDER, INTEGRAL, 100% CON AJONJOLI, BOLSA DE 567 GR","45.86","1","KG",""
"2014","09","20/10/2014 12:00:00 a. m.","41","Tlaxcala, Tlax."," 1. Alimentos, bebidas y tabaco"," 1.1. Alimentos"," 1.1.1. Pan, tortillas y cereales"," 02 Pan","007","Pan de caja","002","BIMBO, BLANCO, BOLSA DE 640 GR","37.5","1","KG",""
"2014","09","20/10/2014 12:00:00 a. m.","42","San Andrés Tuxtla, Ver."," 1. Alimentos, bebidas y tabaco"," 1.1. Alimentos"," 1.1.1. Pan, tortillas y cereales"," 02 Pan","007","Pan de caja","001","BIMBO, BLANCO, BOLSA DE 640 GR","40.63","1","KG",""
"2014","09","20/10/2014 12:00:00 a. m.","42","San Andrés Tuxtla, Ver."," 1. Alimentos, bebidas y tabaco"," 1.1. Alimentos"," 1.1.1. Pan, tortillas y cereales"," 02 Pan","007","Pan de caja","002","WONDER, INTEGRAL, 100% CON AJONJOLI, BOLSA DE 567 GR","45.86","1","KG",""
"2014","09","20/10/2014 12:00:00 a. m.","43","Campeche, Camp."," 1. Alimentos, bebidas y tabaco"," 1.1. Alimentos"," 1.1.1. Pan, tortillas y cereales"," 02 Pan","007","Pan de caja","001","BIMBO, BLANCO, SILUETA, BOLSA DE 500 GR","49.95","1","KG",""
"2014","09","20/10/2014 12:00:00 a. m.","43","Campeche, Camp."," 1. Alimentos, bebidas y tabaco"," 1.1. Alimentos"," 1.1.1. Pan, tortillas y cereales"," 02 Pan","007","Pan de caja","002","BIMBO, INTEGRAL, BOLSA DE 675 GR","38.37","1","KG",""
"2014","09","20/10/2014 12:00:00 a. m.","43","Campeche, Camp."," 1. Alimentos, bebidas y tabaco"," 1.1. Alimentos"," 1.1.1. Pan, tortillas y cereales"," 02 Pan","007","Pan de caja","003","BIMBO, MULTIGRANO, BOLSA DE 540 GR","43.03","1","KG",""
"2014","09","20/10/2014 12:00:00 a. m.","43","Campeche, Camp."," 1. Alimentos, bebidas y tabaco"," 1.1. Alimentos"," 1.1.1. Pan, tortillas y cereales"," 02 Pan","007","Pan de caja","004","BIMBO, BLANCO, PAQ DE 680 GR","38.24","1","KG",""
"2014","09","20/10/2014 12:00:00 a. m.","44","Tepatitlán, Jal."," 1. Alimentos, bebidas y tabaco"," 1.1. Alimentos"," 1.1.1. Pan, tortillas y cereales"," 02 Pan","007","Pan de caja","001","BIMBO, BLANCO, BOLSA DE 640 GR","38.91","1","KG",""
"2014","09","20/10/2014 12:00:00 a. m.","44","Tepatitlán, Jal."," 1. Alimentos, bebidas y tabaco"," 1.1. Alimentos"," 1.1.1. Pan, tortillas y cereales"," 02 Pan","007","Pan de caja","002","BIMBO, INTEGRAL, MULTIGRANO, BOLSA DE 540 GR","48.15","1","KG",""
"2014","09","20/10/2014 12:00:00 a. m.","45","Tehuantepec, Oax."," 1. Alimentos, bebidas y tabaco"," 1.1. Alimentos"," 1.1.1. Pan, tortillas y cereales"," 02 Pan","007","Pan de caja","001","BIMBO, MEDIAS NOCHES, BOLSA DE 340 GR","50","1","KG",""
"2014","09","20/10/2014 12:00:00 a. m.","45","Tehuantepec, Oax."," 1. Alimentos, bebidas y tabaco"," 1.1. Alimentos"," 1.1.1. Pan, tortillas y cereales"," 02 Pan","007","Pan de caja","002","BIMBO, MULTIGRANO, BOLSA DE 540 GR","46.71","1","KG",""
"2014","09","20/10/2014 12:00:00 a. m.","46","Cd. Acuña, Coah."," 1. Alimentos, bebidas y tabaco"," 1.1. Alimentos"," 1.1.1. Pan, tortillas y cereales"," 02 Pan","007","Pan de caja","001","BIMBO, MEDIAS NOCHES, BOLSA C/8 PZAS DE 340 GR","55.59","1","KG",""
"2014","09","20/10/2014 12:00:00 a. m.","46","Cd. Acuña, Coah."," 1. Alimentos, bebidas y tabaco"," 1.1. Alimentos"," 1.1.1. Pan, tortillas y cereales"," 02 Pan","007","Pan de caja","002","MP, INTEGRAL, BOLSA DE 680 GR","29.26","1","KG",""
"2014","08","26/09/2014 12:00:00 a. m.","01","Área Met. de la Cd. de México"," 1. Alimentos, bebidas y tabaco"," 1.1. Alimentos"," 1.1.1. Pan, tortillas y cereales"," 02 Pan","007","Pan de caja","001","FIILLER, INTEGRAL, CENTENO, BOLSA DE 450 GR","74.44","1","KG",""
"2014","08","26/09/2014 12:00:00 a. m.","01","Área Met. de la Cd. de México"," 1. Alimentos, bebidas y tabaco"," 1.1. Alimentos"," 1.1.1. Pan, tortillas y cereales"," 02 Pan","007","Pan de caja","002","BIMBO, BLANCO, BOLSA DE 640 GR","37.5","1","KG",""
"2014","08","26/09/2014 12:00:00 a. m.","01","Área Met. de la Cd. de México"," 1. Alimentos, bebidas y tabaco"," 1.1. Alimentos"," 1.1.1. Pan, tortillas y cereales"," 02 Pan","007","Pan de caja","003","WONDER, BLANCO, SUPER PAN, BOLSA DE 567 GR","42.59","1","KG",""
"2014","08","26/09/2014 12:00:00 a. m.","01","Área Met. de la Cd. de México"," 1. Alimentos, bebidas y tabaco"," 1.1. Alimentos"," 1.1.1. Pan, tortillas y cereales"," 02 Pan","007","Pan de caja","004","BIMBO, TOSTADO, BOLSA DE 210 GR","84.29","1","KG",""
"2014","08","26/09/2014 12:00:00 a. m.","01","Área Met. de la Cd. de México"," 1. Alimentos, bebidas y tabaco"," 1.1. Alimentos"," 1.1.1. Pan, tortillas y cereales"," 02 Pan","007","Pan de caja","005","WONDER, BLANCO, SUPER PAN, BOLSA DE 567 GR","48.15","1","KG",""
"2014","08","26/09/2014 12:00:00 a. m.","01","Área Met. de la Cd. de México"," 1. Alimentos, bebidas y tabaco"," 1.1. Alimentos"," 1.1.1. Pan, tortillas y cereales"," 02 Pan","007","Pan de caja","006","BIMBO, INTEGRAL, BOLSA DE 750 GR","34.67","1","KG",""
"2014","08","26/09/2014 12:00:00 a. m.","01","Área Met. de la Cd. de México"," 1. Alimentos, bebidas y tabaco"," 1.1. Alimentos"," 1.1.1. Pan, tortillas y cereales"," 02 Pan","007","Pan de caja","007","BIMBO, BLANCO, BOLSA DE 680 GR","35.29","1","KG",""
"2014","08","26/09/2014 12:00:00 a. m.","01","Área Met. de la Cd. de México"," 1. Alimentos, bebidas y tabaco"," 1.1. Alimentos"," 1.1.1. Pan, tortillas y cereales"," 02 Pan","007","Pan de caja","008","BIMBO, BLANCO, BOLSA DE 650 GR","37.49","1","KG",""
"2014","08","26/09/2014 12:00:00 a. m.","01","Área Met. de la Cd. de México"," 1. Alimentos, bebidas y tabaco"," 1.1. Alimentos"," 1.1.1. Pan, tortillas y cereales"," 02 Pan","007","Pan de caja","009","BIMBO, BLANCO, BOLSA DE 640 GR","37.5","1","KG",""
"2014","08","26/09/2014 12:00:00 a. m.","01","Área Met. de la Cd. de México"," 1. Alimentos, bebidas y tabaco"," 1.1. Alimentos"," 1.1.1. Pan, tortillas y cereales"," 02 Pan","007","Pan de caja","010","BIMBO, INTEGRAL, BOLSA DE 680 GR","41.18","1","KG",""
"2014","08","26/09/2014 12:00:00 a. m.","01","Área Met. de la Cd. de México"," 1. Alimentos, bebidas y tabaco"," 1.1. Alimentos"," 1.1.1. Pan, tortillas y cereales"," 02 Pan","007","Pan de caja","011","WONDER, INTEGRAL, SELECT, C/AJONJOLI, BOLSA DE 567 GR","45.86","1","KG",""
"2014","08","26/09/2014 12:00:00 a. m.","01","Área Met. de la Cd. de México"," 1. Alimentos, bebidas y tabaco"," 1.1. Alimentos"," 1.1.1. Pan, tortillas y cereales"," 02 Pan","007","Pan de caja","012","WONDER, MEDIAS NOCHES, SUPER HOT DOGS, BOLSA DE 650 GR","52.16","1","KG",""
"2014","08","26/09/2014 12:00:00 a. m.","01","Área Met. de la Cd. de México"," 1. Alimentos, bebidas y tabaco"," 1.1. Alimentos"," 1.1.1. Pan, tortillas y cereales"," 02 Pan","007","Pan de caja","013","BIMBO, BLANCO, BOLSA DE 640 GR","37.5","1","KG",""
"2014","08","26/09/2014 12:00:00 a. m.","01","Área Met. de la Cd. de México"," 1. Alimentos, bebidas y tabaco"," 1.1. Alimentos"," 1.1.1. Pan, tortillas y cereales"," 02 Pan","007","Pan de caja","014","BIMBO, BLANCO, BOLSA DE 640 GR","37.5","1","KG",""
"2014","08","26/09/2014 12:00:00 a. m.","01","Área Met. de la Cd. de México"," 1. Alimentos, bebidas y tabaco"," 1.1. Alimentos"," 1.1.1. Pan, tortillas y cereales"," 02 Pan","007","Pan de caja","015","BIMBO, INTEGRAL, BOLSA DE 680 GR","38.38","1","KG",""
"2014","08","26/09/2014 12:00:00 a. m.","01","Área Met. de la Cd. de México"," 1. Alimentos, bebidas y tabaco"," 1.1. Alimentos"," 1.1.1. Pan, tortillas y cereales"," 02 Pan","007","Pan de caja","016","BIMBO, INTEGRAL, BOLSA DE 680 GR","37.65","1","KG",""
"2014","08","26/09/2014 12:00:00 a. m.","01","Área Met. de la Cd. de México"," 1. Alimentos, bebidas y tabaco"," 1.1. Alimentos"," 1.1.1. Pan, tortillas y cereales"," 02 Pan","007","Pan de caja","017","BIMBO, INTEGRAL, BOLSA DE 750 GR","34.67","1","KG",""
"2014","08","26/09/2014 12:00:00 a. m.","01","Área Met. de la Cd. de México"," 1. Alimentos, bebidas y tabaco"," 1.1. Alimentos"," 1.1.1. Pan, tortillas y cereales"," 02 Pan","007","Pan de caja","018","BIMBO, BLANCO, BOLSA DE 680 GR","38.24","1","KG",""
"2014","08","26/09/2014 12:00:00 a. m.","01","Área Met. de la Cd. de México"," 1. Alimentos, bebidas y tabaco"," 1.1. Alimentos"," 1.1.1. Pan, tortillas y cereales"," 02 Pan","007","Pan de caja","019","BIMBO, BOLLOS, BIMBOLLOS, BOLSA C/6 PZAS DE 480 GR","52.08","1","KG",""
"2014","08","26/09/2014 12:00:00 a. m.","01","Área Met. de la Cd. de México"," 1. Alimentos, bebidas y tabaco"," 1.1. Alimentos"," 1.1.1. Pan, tortillas y cereales"," 02 Pan","007","Pan de caja","020","BIMBO, BLANCO, BOLSA DE 640 GR","37.5","1","KG",""
"2014","08","26/09/2014 12:00:00 a. m.","02","Mérida, Yuc."," 1. Alimentos, bebidas y tabaco"," 1.1. Alimentos"," 1.1.1. Pan, tortillas y cereales"," 02 Pan","007","Pan de caja","001","WONDER, INTEGRAL, 100%, BOLSA DE 567 GR","45.86","1","KG",""
"2014","08","26/09/2014 12:00:00 a. m.","02","Mérida, Yuc."," 1. Alimentos, bebidas y tabaco"," 1.1. Alimentos"," 1.1.1. Pan, tortillas y cereales"," 02 Pan","007","Pan de caja","002","BONY BON, MEDIAS NOCHES, BOLSA DE 275 GR","50.3","1","KG",""
"2014","08","26/09/2014 12:00:00 a. m.","02","Mérida, Yuc."," 1. Alimentos, bebidas y tabaco"," 1.1. Alimentos"," 1.1.1. Pan, tortillas y cereales"," 02 Pan","007","Pan de caja","003","BIMBO, INTEGRAL, DOBLE FIBRA, BOLSA DE 567 GR","49.82","1","KG",""
"2014","08","26/09/2014 12:00:00 a. m.","02","Mérida, Yuc."," 1. Alimentos, bebidas y tabaco"," 1.1. Alimentos"," 1.1.1. Pan, tortillas y cereales"," 02 Pan","007","Pan de caja","004","BIMBO, BLANCO, PAQ DE 2 BOLSAS DE 680 GR C/U","34.71","1","KG",""
"2014","08","26/09/2014 12:00:00 a. m.","03","Morelia, Mich."," 1. Alimentos, bebidas y tabaco"," 1.1. Alimentos"," 1.1.1. Pan, tortillas y cereales"," 02 Pan","007","Pan de caja","001","BIMBO, TOSTADO, BOLSA DE 210 GR","85.71","1","KG",""
"2014","08","26/09/2014 12:00:00 a. m.","03","Morelia, Mich."," 1. Alimentos, bebidas y tabaco"," 1.1. Alimentos"," 1.1.1. Pan, tortillas y cereales"," 02 Pan","007","Pan de caja","002","WONDER, BOLLOS, SUPER BOLLOS, BOLSA C/8 PZAS DE 540 GR","55.56","1","KG",""
"2014","08","26/09/2014 12:00:00 a. m.","03","Morelia, Mich."," 1. Alimentos, bebidas y tabaco"," 1.1. Alimentos"," 1.1.1. Pan, tortillas y cereales"," 02 Pan","007","Pan de caja","003","BIMBO, BLANCO, BOLSA DE 680 GR","38.24","1","KG",""
"2014","08","26/09/2014 12:00:00 a. m.","03","Morelia, Mich."," 1. Alimentos, bebidas y tabaco"," 1.1. Alimentos"," 1.1.1. Pan, tortillas y cereales"," 02 Pan","007","Pan de caja","004","WONDER, INTEGRAL, 100%, BOLSA DE 567 GR","45.86","1","KG",""
"2014","08","26/09/2014 12:00:00 a. m.","04","Guadalajara, Jal."," 1. Alimentos, bebidas y tabaco"," 1.1. Alimentos"," 1.1.1. Pan, tortillas y cereales"," 02 Pan","007","Pan de caja","001","OROWEAT, INTEGRAL, 100%, BOLSA DE 680 GR","55.88","1","KG",""
"2014","08","26/09/2014 12:00:00 a. m.","04","Guadalajara, Jal."," 1. Alimentos, bebidas y tabaco"," 1.1. Alimentos"," 1.1.1. Pan, tortillas y cereales"," 02 Pan","007","Pan de caja","002","WONDER, INTEGRAL, 100%, BOLSA DE 567 GR","45.86","1","KG",""
"2014","08","26/09/2014 12:00:00 a. m.","04","Guadalajara, Jal."," 1. Alimentos, bebidas y tabaco"," 1.1. Alimentos"," 1.1.1. Pan, tortillas y cereales"," 02 Pan","007","Pan de caja","003","OROWEAT, MULTIGRANO, 12 GRANOS, BOLSA DE 680 GR","54.3","1","KG",""
"2014","08","26/09/2014 12:00:00 a. m.","04","Guadalajara, Jal."," 1. Alimentos, bebidas y tabaco"," 1.1. Alimentos"," 1.1.1. Pan, tortillas y cereales"," 02 Pan","007","Pan de caja","004","BIMBO, TOSTADO, BOLSA DE 210 GR","95.24","1","KG",""
"2014","08","26/09/2014 12:00:00 a. m.","04","Guadalajara, Jal."," 1. Alimentos, bebidas y tabaco"," 1.1. Alimentos"," 1.1.1. Pan, tortillas y cereales"," 02 Pan","007","Pan de caja","005","C EST SI BON, INTEGRAL, ULTRAGRANO, BOLSA DE 600 GR","55.83","1","KG",""
"2014","08","26/09/2014 12:00:00 a. m.","04","Guadalajara, Jal."," 1. Alimentos, bebidas y tabaco"," 1.1. Alimentos"," 1.1.1. Pan, tortillas y cereales"," 02 Pan","007","Pan de caja","006","WONDER, INTEGRAL, BOLSA DE 680 GR","35.11","1","KG",""
"2014","08","26/09/2014 12:00:00 a. m.","05","Monterrey, N.L."," 1. Alimentos, bebidas y tabaco"," 1.1. Alimentos"," 1.1.1. Pan, tortillas y cereales"," 02 Pan","007","Pan de caja","001","BIMBO, BLANCO, BOLSA DE 680 GR","38.24","1","KG",""
"2014","08","26/09/2014 12:00:00 a. m.","05","Monterrey, N.L."," 1. Alimentos, bebidas y tabaco"," 1.1. Alimentos"," 1.1.1. Pan, tortillas y cereales"," 02 Pan","007","Pan de caja","002","MP, INTEGRAL, BOLSA DE 680 GR","29.26","1","KG",""
"2014","08","26/09/2014 12:00:00 a. m.","05","Monterrey, N.L."," 1. Alimentos, bebidas y tabaco"," 1.1. Alimentos"," 1.1.1. Pan, tortillas y cereales"," 02 Pan","007","Pan de caja","003","BIMBO, INTEGRAL, BOLSA DE 675 GR","34.6","1","KG",""
"2014","08","26/09/2014 12:00:00 a. m.","05","Monterrey, N.L."," 1. Alimentos, bebidas y tabaco"," 1.1. Alimentos"," 1.1.1. Pan, tortillas y cereales"," 02 Pan","007","Pan de caja","004","MP, MEDIAS NOCHES, BOLSA DE 400 GR","32.5","1","KG",""
"2014","08","26/09/2014 12:00:00 a. m.","05","Monterrey, N.L."," 1. Alimentos, bebidas y tabaco"," 1.1. Alimentos"," 1.1.1. Pan, tortillas y cereales"," 02 Pan","007","Pan de caja","005","BIMBO, TOSTADO, BOLSA DE 210 GR","80.48","1","KG",""
"2014","08","26/09/2014 12:00:00 a. m.","05","Monterrey, N.L."," 1. Alimentos, bebidas y tabaco"," 1.1. Alimentos"," 1.1.1. Pan, tortillas y cereales"," 02 Pan","007","Pan de caja","006","SAM´S MP, BOLLOS, 12 PZAS, BOLSA DE 1400 GR","29.88","1","KG",""
"2014","08","26/09/2014 12:00:00 a. m.","05","Monterrey, N.L."," 1. Alimentos, bebidas y tabaco"," 1.1. Alimentos"," 1.1.1. Pan, tortillas y cereales"," 02 Pan","007","Pan de caja","007","BIMBO, BLANCO, BOLSA DE 680 GR","38.24","1","KG",""
"2014","08","26/09/2014 12:00:00 a. m.","05","Monterrey, N.L."," 1. Alimentos, bebidas y tabaco"," 1.1. Alimentos"," 1.1.1. Pan, tortillas y cereales"," 02 Pan","007","Pan de caja","008","SUNBEAM, BLANCO, BOLSA DE 567 GR","35.98","1","KG",""
"2014","08","26/09/2014 12:00:00 a. m.","06","Mexicali, B.C."," 1. Alimentos, bebidas y tabaco"," 1.1. Alimentos"," 1.1.1. Pan, tortillas y cereales"," 02 Pan","007","Pan de caja","001","SARA LEE, INTEGRAL, BOLSA DE 567 GR","48.85","1","KG",""
"2014","08","26/09/2014 12:00:00 a. m.","06","Mexicali, B.C."," 1. Alimentos, bebidas y tabaco"," 1.1. Alimentos"," 1.1.1. Pan, tortillas y cereales"," 02 Pan","007","Pan de caja","002","BIMBO, BLANCO, BOLSA DE 640 GR","43.77","1","KG",""
"2014","08","26/09/2014 12:00:00 a. m.","06","Mexicali, B.C."," 1. Alimentos, bebidas y tabaco"," 1.1. Alimentos"," 1.1.1. Pan, tortillas y cereales"," 02 Pan","007","Pan de caja","003","NATURES OWN, INTEGRAL, BOLSA DE 567 GR","45.86","1","KG",""
"2014","08","26/09/2014 12:00:00 a. m.","06","Mexicali, B.C."," 1. Alimentos, bebidas y tabaco"," 1.1. Alimentos"," 1.1.1. Pan, tortillas y cereales"," 02 Pan","007","Pan de caja","004","BIMBO, BLANCO, BOLSA DE 680 GR","39.71","1","KG",""
"2014","08","26/09/2014 12:00:00 a. m.","07","Cd. Juárez, Chih."," 1. Alimentos, bebidas y tabaco"," 1.1. Alimentos"," 1.1.1. Pan, tortillas y cereales"," 02 Pan","007","Pan de caja","001","SUNBEAM, BLANCO, BOLSA DE 680 GR","25","1","KG",""
"2014","08","26/09/2014 12:00:00 a. m.","07","Cd. Juárez, Chih."," 1. Alimentos, bebidas y tabaco"," 1.1. Alimentos"," 1.1.1. Pan, tortillas y cereales"," 02 Pan","007","Pan de caja","002","PULLMAN, BLANCO, BOLSA DE 680 GR","27.94","1","KG",""
"2014","08","26/09/2014 12:00:00 a. m.","07","Cd. Juárez, Chih."," 1. Alimentos, bebidas y tabaco"," 1.1. Alimentos"," 1.1.1. Pan, tortillas y cereales"," 02 Pan","007","Pan de caja","003","NATURE´S SUNSHINE, INTEGRAL, OWN HONEY, BOLSA DE 567 GR","47.44","1","KG",""
"2014","08","26/09/2014 12:00:00 a. m.","07","Cd. Juárez, Chih."," 1. Alimentos, bebidas y tabaco"," 1.1. Alimentos"," 1.1.1. Pan, tortillas y cereales"," 02 Pan","007","Pan de caja","004","PULLMAN, BLANCO, BOLSA DE 500 GR","43","1","KG",""
"2014","08","26/09/2014 12:00:00 a. m.","08","Acapulco, Gro."," 1. Alimentos, bebidas y tabaco"," 1.1. Alimentos"," 1.1.1. Pan, tortillas y cereales"," 02 Pan","007","Pan de caja","001","WONDER, INTEGRAL, 100%, BOLSA DE 567 GR","46.74","1","KG",""
"2014","08","26/09/2014 12:00:00 a. m.","08","Acapulco, Gro."," 1. Alimentos, bebidas y tabaco"," 1.1. Alimentos"," 1.1.1. Pan, tortillas y cereales"," 02 Pan","007","Pan de caja","002","BIMBO, BLANCO, BOLSA DE 680 GR","38.24","1","KG",""
"2014","08","26/09/2014 12:00:00 a. m.","08","Acapulco, Gro."," 1. Alimentos, bebidas y tabaco"," 1.1. Alimentos"," 1.1.1. Pan, tortillas y cereales"," 02 Pan","007","Pan de caja","003","BIMBO, INTEGRAL, BOLSA DE 390 GR","51.28","1","KG",""
"2014","08","26/09/2014 12:00:00 a. m.","08","Acapulco, Gro."," 1. Alimentos, bebidas y tabaco"," 1.1. Alimentos"," 1.1.1. Pan, tortillas y cereales"," 02 Pan","007","Pan de caja","004","WONDER, INTEGRAL, 100% CON AJONJOLI, BOLSA DE 567 GR","45.86","1","KG",""
"2014","08","26/09/2014 12:00:00 a. m.","09","Culiacán, Sin."," 1. Alimentos, bebidas y tabaco"," 1.1. Alimentos"," 1.1.1. Pan, tortillas y cereales"," 02 Pan","007","Pan de caja","001","BIMBO, BLANCO, BOLSA DE 680 GR","38.24","1","KG",""
"2014","08","26/09/2014 12:00:00 a. m.","09","Culiacán, Sin."," 1. Alimentos, bebidas y tabaco"," 1.1. Alimentos"," 1.1.1. Pan, tortillas y cereales"," 02 Pan","007","Pan de caja","002","BIMBO, INTEGRAL, BOLSA DE 675 GR","38.52","1","KG",""
"2014","08","26/09/2014 12:00:00 a. m.","09","Culiacán, Sin."," 1. Alimentos, bebidas y tabaco"," 1.1. Alimentos"," 1.1.1. Pan, tortillas y cereales"," 02 Pan","007","Pan de caja","003","BIMBO, BLANCO, BOLSA DE 640 GR","37.5","1","KG",""
"2014","08","26/09/2014 12:00:00 a. m.","09","Culiacán, Sin."," 1. Alimentos, bebidas y tabaco"," 1.1. Alimentos"," 1.1.1. Pan, tortillas y cereales"," 02 Pan","007","Pan de caja","004","WONDER, BLANCO, SUPER PAN, BOLSA DE 567 GR","46.74","1","KG",""
"2014","08","26/09/2014 12:00:00 a. m.","10","León, Gto."," 1. Alimentos, bebidas y tabaco"," 1.1. Alimentos"," 1.1.1. Pan, tortillas y cereales"," 02 Pan","007","Pan de caja","001","BIMBO, MULTIGRANO, BOLSA DE 540 GR","50.09","1","KG",""
"2014","08","26/09/2014 12:00:00 a. m.","10","León, Gto."," 1. Alimentos, bebidas y tabaco"," 1.1. Alimentos"," 1.1.1. Pan, tortillas y cereales"," 02 Pan","007","Pan de caja","002","BIMBO, BLANCO, BOLSA DE 680 GR","38.24","1","KG",""
"2014","08","26/09/2014 12:00:00 a. m.","10","León, Gto."," 1. Alimentos, bebidas y tabaco"," 1.1. Alimentos"," 1.1.1. Pan, tortillas y cereales"," 02 Pan","007","Pan de caja","003","WONDER, INTEGRAL, PREMIUM, CON AJONJOLI, BOLSA DE 567 GR","44.81","1","KG",""
"2014","08","26/09/2014 12:00:00 a. m.","10","León, Gto."," 1. Alimentos, bebidas y tabaco"," 1.1. Alimentos"," 1.1.1. Pan, tortillas y cereales"," 02 Pan","007","Pan de caja","004","BIMBO, INTEGRAL, BOLSA DE 680 GR","41.18","1","KG",""
"2014","08","26/09/2014 12:00:00 a. m.","11","Puebla, Pue."," 1. Alimentos, bebidas y tabaco"," 1.1. Alimentos"," 1.1.1. Pan, tortillas y cereales"," 02 Pan","007","Pan de caja","001","BIMBO, BLANCO, BOLSA DE 680 GR","38.24","1","KG",""
"2014","08","26/09/2014 12:00:00 a. m.","11","Puebla, Pue."," 1. Alimentos, bebidas y tabaco"," 1.1. Alimentos"," 1.1.1. Pan, tortillas y cereales"," 02 Pan","007","Pan de caja","002","BIMBO, TOSTADO, BOLSA DE 210 GR","85.71","1","KG",""
"2014","08","26/09/2014 12:00:00 a. m.","11","Puebla, Pue."," 1. Alimentos, bebidas y tabaco"," 1.1. Alimentos"," 1.1.1. Pan, tortillas y cereales"," 02 Pan","007","Pan de caja","003","WONDER, BLANCO, SUPER PAN, BOLSA DE 567 GR","44","1","KG",""
"2014","08","26/09/2014 12:00:00 a. m.","11","Puebla, Pue."," 1. Alimentos, bebidas y tabaco"," 1.1. Alimentos"," 1.1.1. Pan, tortillas y cereales"," 02 Pan","007","Pan de caja","004","BIMBO, BLANCO, BOLSA DE 640 GR","37.5","1","KG",""
"2014","08","26/09/2014 12:00:00 a. m.","11","Puebla, Pue."," 1. Alimentos, bebidas y tabaco"," 1.1. Alimentos"," 1.1.1. Pan, tortillas y cereales"," 02 Pan","007","Pan de caja","005","BIMBO, PAN MOLIDO, CLASICO, BOLSA DE 210 GR","57.14","1","KG",""
"2014","08","26/09/2014 12:00:00 a. m.","11","Puebla, Pue."," 1. Alimentos, bebidas y tabaco"," 1.1. Alimentos"," 1.1.1. Pan, tortillas y cereales"," 02 Pan","007","Pan de caja","006","OROWEAT, INTEGRAL, 100%, BOLSA DE 680 GR","57.35","1","KG",""
"2014","08","26/09/2014 12:00:00 a. m.","12","San Luis Potosí, S.L.P."," 1. Alimentos, bebidas y tabaco"," 1.1. Alimentos"," 1.1.1. Pan, tortillas y cereales"," 02 Pan","007","Pan de caja","001","MP, BLANCO, BOLSA DE 680 GR","26.69","1","KG",""
"2014","08","26/09/2014 12:00:00 a. m.","12","San Luis Potosí, S.L.P."," 1. Alimentos, bebidas y tabaco"," 1.1. Alimentos"," 1.1.1. Pan, tortillas y cereales"," 02 Pan","007","Pan de caja","002","WONDER, INTEGRAL, 100% CON AJONJOLI, BOLSA DE 567 GR","45.86","1","KG",""
"2014","08","26/09/2014 12:00:00 a. m.","12","San Luis Potosí, S.L.P."," 1. Alimentos, bebidas y tabaco"," 1.1. Alimentos"," 1.1.1. Pan, tortillas y cereales"," 02 Pan","007","Pan de caja","003","BIMBO, INTEGRAL, BOLSA DE 680 GR","41.18","1","KG",""
"2014","08","26/09/2014 12:00:00 a. m.","12","San Luis Potosí, S.L.P."," 1. Alimentos, bebidas y tabaco"," 1.1. Alimentos"," 1.1.1. Pan, tortillas y cereales"," 02 Pan","007","Pan de caja","004","SUNBEAM, BLANCO, BOLSA DE 567 GR","33.33","1","KG",""
"2014","08","26/09/2014 12:00:00 a. m.","13","Tapachula, Chis."," 1. Alimentos, bebidas y tabaco"," 1.1. Alimentos"," 1.1.1. Pan, tortillas y cereales"," 02 Pan","007","Pan de caja","001","BIMBO, TOSTADO, BOLSA DE 210 GR","80.95","1","KG",""
"2014","08","26/09/2014 12:00:00 a. m.","13","Tapachula, Chis."," 1. Alimentos, bebidas y tabaco"," 1.1. Alimentos"," 1.1.1. Pan, tortillas y cereales"," 02 Pan","007","Pan de caja","002","BIMBO, BLANCO, BOLSA DE 640 GR","37.5","1","KG",""
"2014","08","26/09/2014 12:00:00 a. m.","13","Tapachula, Chis."," 1. Alimentos, bebidas y tabaco"," 1.1. Alimentos"," 1.1.1. Pan, tortillas y cereales"," 02 Pan","007","Pan de caja","003","WONDER, INTEGRAL, 100% CON AJONJOLI, BOLSA DE 567 GR","44.03","1","KG",""
"2014","08","26/09/2014 12:00:00 a. m.","13","Tapachula, Chis."," 1. Alimentos, bebidas y tabaco"," 1.1. Alimentos"," 1.1.1. Pan, tortillas y cereales"," 02 Pan","007","Pan de caja","004","WONDER, BOLLOS, SUPER BOLLOS, BOLSA C/8 PZAS DE 540 GR","50","1","KG",""
"2014","08","26/09/2014 12:00:00 a. m.","14","Toluca, Edo. de Méx."," 1. Alimentos, bebidas y tabaco"," 1.1. Alimentos"," 1.1.1. Pan, tortillas y cereales"," 02 Pan","007","Pan de caja","001","BIMBO, MEDIAS NOCHES, BOLSA C/8 PZAS DE 290 GR","60.35","1","KG",""
"2014","08","26/09/2014 12:00:00 a. m.","14","Toluca, Edo. de Méx."," 1. Alimentos, bebidas y tabaco"," 1.1. Alimentos"," 1.1.1. Pan, tortillas y cereales"," 02 Pan","007","Pan de caja","002","BIMBO, BLANCO, BOLSA DE 680 GR","38.24","1","KG",""
"2014","08","26/09/2014 12:00:00 a. m.","14","Toluca, Edo. de Méx."," 1. Alimentos, bebidas y tabaco"," 1.1. Alimentos"," 1.1.1. Pan, tortillas y cereales"," 02 Pan","007","Pan de caja","003","WONDER, BOLLOS, SUPER BOLLOS, BOLSA C/8 PZAS DE 450 GR","51.11","1","KG",""
"2014","08","26/09/2014 12:00:00 a. m.","14","Toluca, Edo. de Méx."," 1. Alimentos, bebidas y tabaco"," 1.1. Alimentos"," 1.1.1. Pan, tortillas y cereales"," 02 Pan","007","Pan de caja","004","BIMBO, INTEGRAL, BOLSA DE 750 GR","37.33","1","KG",""
"2014","08","26/09/2014 12:00:00 a. m.","15","Torreón, Coah."," 1. Alimentos, bebidas y tabaco"," 1.1. Alimentos"," 1.1.1. Pan, tortillas y cereales"," 02 Pan","007","Pan de caja","001","WONDER, BLANCO, SUPER PAN, BOLSA DE 567 GR","42.33","1","KG",""
"2014","08","26/09/2014 12:00:00 a. m.","15","Torreón, Coah."," 1. Alimentos, bebidas y tabaco"," 1.1. Alimentos"," 1.1.1. Pan, tortillas y cereales"," 02 Pan","007","Pan de caja","002","BIMBO, INTEGRAL, MULTIGRANO, LINAZA, BOLSA DE 540 GR","47.96","1","KG",""
"2014","08","26/09/2014 12:00:00 a. m.","15","Torreón, Coah."," 1. Alimentos, bebidas y tabaco"," 1.1. Alimentos"," 1.1.1. Pan, tortillas y cereales"," 02 Pan","007","Pan de caja","003","SUNBEAM, BLANCO, BOLSA DE 567 GR","36.16","1","KG",""
"2014","08","26/09/2014 12:00:00 a. m.","15","Torreón, Coah."," 1. Alimentos, bebidas y tabaco"," 1.1. Alimentos"," 1.1.1. Pan, tortillas y cereales"," 02 Pan","007","Pan de caja","004","CRISTY, INTEGRAL, BOLSA DE 700 GR","34.14","1","KG",""
"2014","08","26/09/2014 12:00:00 a. m.","16","Veracruz, Ver."," 1. Alimentos, bebidas y tabaco"," 1.1. Alimentos"," 1.1.1. Pan, tortillas y cereales"," 02 Pan","007","Pan de caja","001","BIMBO, BLANCO, BOLSA DE 740 GR","39.86","1","KG",""
"2014","08","26/09/2014 12:00:00 a. m.","16","Veracruz, Ver."," 1. Alimentos, bebidas y tabaco"," 1.1. Alimentos"," 1.1.1. Pan, tortillas y cereales"," 02 Pan","007","Pan de caja","002","WONDER, INTEGRAL, 100% CON AJONJOLI, BOLSA DE 567 GR","47.62","1","KG",""
"2014","08","26/09/2014 12:00:00 a. m.","16","Veracruz, Ver."," 1. Alimentos, bebidas y tabaco"," 1.1. Alimentos"," 1.1.1. Pan, tortillas y cereales"," 02 Pan","007","Pan de caja","003","BIMBO, INTEGRAL, MULTIGRANO, BOLSA DE 540 GR","47.8","1","KG",""
"2014","08","26/09/2014 12:00:00 a. m.","16","Veracruz, Ver."," 1. Alimentos, bebidas y tabaco"," 1.1. Alimentos"," 1.1.1. Pan, tortillas y cereales"," 02 Pan","007","Pan de caja","004","OROWEAT, INTEGRAL, 100%, BOLSA DE 680 GR","57.35","1","KG",""
"2014","08","26/09/2014 12:00:00 a. m.","17","Villahermosa, Tab."," 1. Alimentos, bebidas y tabaco"," 1.1. Alimentos"," 1.1.1. Pan, tortillas y cereales"," 02 Pan","007","Pan de caja","001","MP, BLANCO, BOLSA DE 760 GR","22.37","1","KG",""
"2014","08","26/09/2014 12:00:00 a. m.","17","Villahermosa, Tab."," 1. Alimentos, bebidas y tabaco"," 1.1. Alimentos"," 1.1.1. Pan, tortillas y cereales"," 02 Pan","007","Pan de caja","002","WONDER, BLANCO, SUPER PAN, BOLSA DE 567 GR","45.86","1","KG",""
"2014","08","26/09/2014 12:00:00 a. m.","17","Villahermosa, Tab."," 1. Alimentos, bebidas y tabaco"," 1.1. Alimentos"," 1.1.1. Pan, tortillas y cereales"," 02 Pan","007","Pan de caja","003","BIMBO, BLANCO, BOLSA DE 640 GR","37.5","1","KG",""
"2014","08","26/09/2014 12:00:00 a. m.","17","Villahermosa, Tab."," 1. Alimentos, bebidas y tabaco"," 1.1. Alimentos"," 1.1.1. Pan, tortillas y cereales"," 02 Pan","007","Pan de caja","004","BIMBO, INTEGRAL, PAQ DE 2 BOLSAS DE 680 GR C/U","35.96","1","KG",""
"2014","08","26/09/2014 12:00:00 a. m.","18","Tampico, Tamps."," 1. Alimentos, bebidas y tabaco"," 1.1. Alimentos"," 1.1.1. Pan, tortillas y cereales"," 02 Pan","007","Pan de caja","001","MY BRAND, BOLLOS, BOLSA DE 440 GR","36.14","1","KG",""
"2014","08","26/09/2014 12:00:00 a. m.","18","Tampico, Tamps."," 1. Alimentos, bebidas y tabaco"," 1.1. Alimentos"," 1.1.1. Pan, tortillas y cereales"," 02 Pan","007","Pan de caja","002","BIMBO, BLANCO, BOLSA DE 680 GR","38.24","1","KG",""
"2014","08","26/09/2014 12:00:00 a. m.","18","Tampico, Tamps."," 1. Alimentos, bebidas y tabaco"," 1.1. Alimentos"," 1.1.1. Pan, tortillas y cereales"," 02 Pan","007","Pan de caja","003","SUNBEAM, BLANCO, BOLSA DE 567 GR","35.27","1","KG",""
"2014","08","26/09/2014 12:00:00 a. m.","18","Tampico, Tamps."," 1. Alimentos, bebidas y tabaco"," 1.1. Alimentos"," 1.1.1. Pan, tortillas y cereales"," 02 Pan","007","Pan de caja","004","WONDER, MEDIAS NOCHES, HOT DOGS, BOLSA DE 340 GR","53.68","1","KG",""
"2014","08","26/09/2014 12:00:00 a. m.","19","Chihuahua, Chih."," 1. Alimentos, bebidas y tabaco"," 1.1. Alimentos"," 1.1.1. Pan, tortillas y cereales"," 02 Pan","007","Pan de caja","001","BIMBO, BLANCO, BOLSA DE 680 GR","39.56","1","KG",""
"2014","08","26/09/2014 12:00:00 a. m.","19","Chihuahua, Chih."," 1. Alimentos, bebidas y tabaco"," 1.1. Alimentos"," 1.1.1. Pan, tortillas y cereales"," 02 Pan","007","Pan de caja","002","BIMBO, INTEGRAL, BOLSA DE 680 GR","42.65","1","KG",""
"2014","08","26/09/2014 12:00:00 a. m.","19","Chihuahua, Chih."," 1. Alimentos, bebidas y tabaco"," 1.1. Alimentos"," 1.1.1. Pan, tortillas y cereales"," 02 Pan","007","Pan de caja","003","WONDER, BLANCO, SUPER PAN, BOLSA DE 567 GR","46.74","1","KG",""
"2014","08","26/09/2014 12:00:00 a. m.","19","Chihuahua, Chih."," 1. Alimentos, bebidas y tabaco"," 1.1. Alimentos"," 1.1.1. Pan, tortillas y cereales"," 02 Pan","007","Pan de caja","004","WONDER, INTEGRAL, BOLSA DE 567 GR","49.81","1","KG",""
"2014","08","26/09/2014 12:00:00 a. m.","20","Hermosillo, Son."," 1. Alimentos, bebidas y tabaco"," 1.1. Alimentos"," 1.1.1. Pan, tortillas y cereales"," 02 Pan","007","Pan de caja","001","BIMBO, TOSTADO, BOLSA DE 210 GR","80.95","1","KG",""
"2014","08","26/09/2014 12:00:00 a. m.","20","Hermosillo, Son."," 1. Alimentos, bebidas y tabaco"," 1.1. Alimentos"," 1.1.1. Pan, tortillas y cereales"," 02 Pan","007","Pan de caja","002","BIMBO, BLANCO, BOLSA DE 640 GR","39.06","1","KG",""
"2014","08","26/09/2014 12:00:00 a. m.","20","Hermosillo, Son."," 1. Alimentos, bebidas y tabaco"," 1.1. Alimentos"," 1.1.1. Pan, tortillas y cereales"," 02 Pan","007","Pan de caja","003","WONDER, INTEGRAL, 100%, BOLSA DE 567 GR","46.41","1","KG",""
"2014","08","26/09/2014 12:00:00 a. m.","20","Hermosillo, Son."," 1. Alimentos, bebidas y tabaco"," 1.1. Alimentos"," 1.1.1. Pan, tortillas y cereales"," 02 Pan","007","Pan de caja","004","BIMBO, BLANCO, BOLSA DE 680 GR","38.24","1","KG",""
"2014","08","26/09/2014 12:00:00 a. m.","21","Monclova, Coah."," 1. Alimentos, bebidas y tabaco"," 1.1. Alimentos"," 1.1.1. Pan, tortillas y cereales"," 02 Pan","007","Pan de caja","001","BIMBO, TOSTADO, BOLSA DE 210 GR","85.71","1","KG",""
"2014","08","26/09/2014 12:00:00 a. m.","21","Monclova, Coah."," 1. Alimentos, bebidas y tabaco"," 1.1. Alimentos"," 1.1.1. Pan, tortillas y cereales"," 02 Pan","007","Pan de caja","002","BIMBO, BLANCO, BOLSA DE 680 GR","40.07","1","KG",""
"2014","08","26/09/2014 12:00:00 a. m.","21","Monclova, Coah."," 1. Alimentos, bebidas y tabaco"," 1.1. Alimentos"," 1.1.1. Pan, tortillas y cereales"," 02 Pan","007","Pan de caja","003","MP, BLANCO, BOLSA DE 620 GR","20.97","1","KG",""
"2014","08","26/09/2014 12:00:00 a. m.","21","Monclova, Coah."," 1. Alimentos, bebidas y tabaco"," 1.1. Alimentos"," 1.1.1. Pan, tortillas y cereales"," 02 Pan","007","Pan de caja","004","BIMBO, INTEGRAL, BOLSA DE 675 GR","38.52","1","KG",""
"2014","08","26/09/2014 12:00:00 a. m.","22","Córdoba, Ver."," 1. Alimentos, bebidas y tabaco"," 1.1. Alimentos"," 1.1.1. Pan, tortillas y cereales"," 02 Pan","007","Pan de caja","001","BIMBO, BLANCO, BOLSA DE 680 GR","37.21","1","KG",""
"2014","08","26/09/2014 12:00:00 a. m.","22","Córdoba, Ver."," 1. Alimentos, bebidas y tabaco"," 1.1. Alimentos"," 1.1.1. Pan, tortillas y cereales"," 02 Pan","007","Pan de caja","002","WONDER, BOLLOS, SUPER BOLLOS, BOLSA C/8 PZAS DE 540 GR","49.07","1","KG",""
"2014","08","26/09/2014 12:00:00 a. m.","22","Córdoba, Ver."," 1. Alimentos, bebidas y tabaco"," 1.1. Alimentos"," 1.1.1. Pan, tortillas y cereales"," 02 Pan","007","Pan de caja","003","WONDER, TOSTADO, BOLSA DE 180 GR","94.44","1","KG",""
"2014","08","26/09/2014 12:00:00 a. m.","22","Córdoba, Ver."," 1. Alimentos, bebidas y tabaco"," 1.1. Alimentos"," 1.1.1. Pan, tortillas y cereales"," 02 Pan","007","Pan de caja","004","BIMBO, INTEGRAL, BOLSA DE 675 GR","38.52","1","KG",""
"2014","08","26/09/2014 12:00:00 a. m.","23","Aguascalientes, Ags."," 1. Alimentos, bebidas y tabaco"," 1.1. Alimentos"," 1.1.1. Pan, tortillas y cereales"," 02 Pan","007","Pan de caja","001","BIMBO, BLANCO, BOLSA DE 680 GR","38.24","1","KG",""
"2014","08","26/09/2014 12:00:00 a. m.","23","Aguascalientes, Ags."," 1. Alimentos, bebidas y tabaco"," 1.1. Alimentos"," 1.1.1. Pan, tortillas y cereales"," 02 Pan","007","Pan de caja","002","BIMBO, INTEGRAL, BOLSA DE 480 GR","49.79","1","KG",""
"2014","08","26/09/2014 12:00:00 a. m.","23","Aguascalientes, Ags."," 1. Alimentos, bebidas y tabaco"," 1.1. Alimentos"," 1.1.1. Pan, tortillas y cereales"," 02 Pan","007","Pan de caja","003","BIMBO, BOLLOS, BIMBOLLOS, BOLSA C/8 PZAS DE 450 GR","61.11","1","KG",""
"2014","08","26/09/2014 12:00:00 a. m.","23","Aguascalientes, Ags."," 1. Alimentos, bebidas y tabaco"," 1.1. Alimentos"," 1.1.1. Pan, tortillas y cereales"," 02 Pan","007","Pan de caja","004","SUPERIOR, BLANCO, BOLSA DE 650 GR","36.77","1","KG",""
"2014","08","26/09/2014 12:00:00 a. m.","24","Tijuana, B.C."," 1. Alimentos, bebidas y tabaco"," 1.1. Alimentos"," 1.1.1. Pan, tortillas y cereales"," 02 Pan","007","Pan de caja","001","BIMBO, BLANCO, BOLSA DE 680 GR","39.71","1","KG",""
"2014","08","26/09/2014 12:00:00 a. m.","24","Tijuana, B.C."," 1. Alimentos, bebidas y tabaco"," 1.1. Alimentos"," 1.1.1. Pan, tortillas y cereales"," 02 Pan","007","Pan de caja","002","BIMBO, BLANCO, BOLSA DE 640 GR","40.63","1","KG",""
"2014","08","26/09/2014 12:00:00 a. m.","24","Tijuana, B.C."," 1. Alimentos, bebidas y tabaco"," 1.1. Alimentos"," 1.1.1. Pan, tortillas y cereales"," 02 Pan","007","Pan de caja","003","BIMBO, INTEGRAL, BOLSA DE 675 GR","42.96","1","KG",""
"2014","08","26/09/2014 12:00:00 a. m.","24","Tijuana, B.C."," 1. Alimentos, bebidas y tabaco"," 1.1. Alimentos"," 1.1.1. Pan, tortillas y cereales"," 02 Pan","007","Pan de caja","004","OROWEAT, INTEGRAL, 100%, BOLSA DE 680 GR","52.06","1","KG",""
"2014","08","26/09/2014 12:00:00 a. m.","25","Matamoros, Tamps."," 1. Alimentos, bebidas y tabaco"," 1.1. Alimentos"," 1.1.1. Pan, tortillas y cereales"," 02 Pan","007","Pan de caja","001","BIMBO, BLANCO, BOLSA DE 680 GR","38.24","1","KG",""
"2014","08","26/09/2014 12:00:00 a. m.","25","Matamoros, Tamps."," 1. Alimentos, bebidas y tabaco"," 1.1. Alimentos"," 1.1.1. Pan, tortillas y cereales"," 02 Pan","007","Pan de caja","002","MP, INTEGRAL, BOLSA DE 680 GR","27.43","1","KG",""
"2014","08","26/09/2014 12:00:00 a. m.","25","Matamoros, Tamps."," 1. Alimentos, bebidas y tabaco"," 1.1. Alimentos"," 1.1.1. Pan, tortillas y cereales"," 02 Pan","007","Pan de caja","003","SUNBEAM, BLANCO, BOLSA DE 567 GR","33.84","1","KG",""
"2014","08","26/09/2014 12:00:00 a. m.","25","Matamoros, Tamps."," 1. Alimentos, bebidas y tabaco"," 1.1. Alimentos"," 1.1.1. Pan, tortillas y cereales"," 02 Pan","007","Pan de caja","004","BIMBO, MEDIAS NOCHES, BOLSA C/8 PZAS DE 290 GR","37.35","1","KG",""
"2014","08","26/09/2014 12:00:00 a. m.","26","Colima, Col."," 1. Alimentos, bebidas y tabaco"," 1.1. Alimentos"," 1.1.1. Pan, tortillas y cereales"," 02 Pan","007","Pan de caja","001","BIMBO, BLANCO, BOLSA DE 640 GR","37.5","1","KG",""
"2014","08","26/09/2014 12:00:00 a. m.","26","Colima, Col."," 1. Alimentos, bebidas y tabaco"," 1.1. Alimentos"," 1.1.1. Pan, tortillas y cereales"," 02 Pan","007","Pan de caja","002","WONDER, INTEGRAL, C/AJONJOLI, BOLSA DE 567 GR","47.18","1","KG",""
"2014","08","26/09/2014 12:00:00 a. m.","26","Colima, Col."," 1. Alimentos, bebidas y tabaco"," 1.1. Alimentos"," 1.1.1. Pan, tortillas y cereales"," 02 Pan","007","Pan de caja","003","BIMBO, INTEGRAL, BOLSA DE 670 GR","38.81","1","KG",""
"2014","08","26/09/2014 12:00:00 a. m.","26","Colima, Col."," 1. Alimentos, bebidas y tabaco"," 1.1. Alimentos"," 1.1.1. Pan, tortillas y cereales"," 02 Pan","007","Pan de caja","004","OROWEAT, INTEGRAL, 100%, BOLSA DE 680 GR","57.35","1","KG",""
"2014","08","26/09/2014 12:00:00 a. m.","27","La Paz, B.C.S."," 1. Alimentos, bebidas y tabaco"," 1.1. Alimentos"," 1.1.1. Pan, tortillas y cereales"," 02 Pan","007","Pan de caja","001","BIMBO, BLANCO, BOLSA DE 680 GR","40.07","1","KG",""
"2014","08","26/09/2014 12:00:00 a. m.","27","La Paz, B.C.S."," 1. Alimentos, bebidas y tabaco"," 1.1. Alimentos"," 1.1.1. Pan, tortillas y cereales"," 02 Pan","007","Pan de caja","002","BIMBO, INTEGRAL, BOLSA DE 390 GR","53.85","1","KG",""
"2014","08","26/09/2014 12:00:00 a. m.","27","La Paz, B.C.S."," 1. Alimentos, bebidas y tabaco"," 1.1. Alimentos"," 1.1.1. Pan, tortillas y cereales"," 02 Pan","007","Pan de caja","003","BENAVENTO, INTEGRAL, BOLSA DE 840 GR","52.98","1","KG",""
"2014","08","26/09/2014 12:00:00 a. m.","27","La Paz, B.C.S."," 1. Alimentos, bebidas y tabaco"," 1.1. Alimentos"," 1.1.1. Pan, tortillas y cereales"," 02 Pan","007","Pan de caja","004","BIMBO, BLANCO, BOLSA DE 640 GR","40.63","1","KG",""
"2014","08","26/09/2014 12:00:00 a. m.","28","Chetumal, Q. Roo."," 1. Alimentos, bebidas y tabaco"," 1.1. Alimentos"," 1.1.1. Pan, tortillas y cereales"," 02 Pan","007","Pan de caja","001","BIMBO, INTEGRAL, BOLSA DE 680 GR","41.18","1","KG",""
"2014","08","26/09/2014 12:00:00 a. m.","28","Chetumal, Q. Roo."," 1. Alimentos, bebidas y tabaco"," 1.1. Alimentos"," 1.1.1. Pan, tortillas y cereales"," 02 Pan","007","Pan de caja","002","BIMBO, BLANCO, BOLSA DE 680 GR","38.24","1","KG",""
"2014","08","26/09/2014 12:00:00 a. m.","29","Jacona, Mich."," 1. Alimentos, bebidas y tabaco"," 1.1. Alimentos"," 1.1.1. Pan, tortillas y cereales"," 02 Pan","007","Pan de caja","001","BIMBO, BLANCO, BOLSA DE 680 GR","38.24","1","KG",""
"2014","08","26/09/2014 12:00:00 a. m.","29","Jacona, Mich."," 1. Alimentos, bebidas y tabaco"," 1.1. Alimentos"," 1.1.1. Pan, tortillas y cereales"," 02 Pan","007","Pan de caja","002","BIMBO, MEDIAS NOCHES, BOLSA C/8 PZAS DE 340 GR","52.72","1","KG",""
"2014","08","26/09/2014 12:00:00 a. m.","30","Fresnillo, Zac."," 1. Alimentos, bebidas y tabaco"," 1.1. Alimentos"," 1.1.1. Pan, tortillas y cereales"," 02 Pan","007","Pan de caja","001","BIMBO, BLANCO, BOLSA DE 640 GR","37.5","1","KG",""
"2014","08","26/09/2014 12:00:00 a. m.","30","Fresnillo, Zac."," 1. Alimentos, bebidas y tabaco"," 1.1. Alimentos"," 1.1.1. Pan, tortillas y cereales"," 02 Pan","007","Pan de caja","002","WONDER, INTEGRAL, 100%, BOLSA DE 567 GR","47.62","1","KG",""
"2014","08","26/09/2014 12:00:00 a. m.","31","Iguala, Gro."," 1. Alimentos, bebidas y tabaco"," 1.1. Alimentos"," 1.1.1. Pan, tortillas y cereales"," 02 Pan","007","Pan de caja","001","BIMBO, BLANCO, BOLSA DE 740 GR","39.19","1","KG",""
"2014","08","26/09/2014 12:00:00 a. m.","31","Iguala, Gro."," 1. Alimentos, bebidas y tabaco"," 1.1. Alimentos"," 1.1.1. Pan, tortillas y cereales"," 02 Pan","007","Pan de caja","002","BIMBO, INTEGRAL, BOLSA DE 480 GR","47.92","1","KG",""
"2014","08","26/09/2014 12:00:00 a. m.","32","Huatabampo, Son."," 1. Alimentos, bebidas y tabaco"," 1.1. Alimentos"," 1.1.1. Pan, tortillas y cereales"," 02 Pan","007","Pan de caja","001","BIMBO, BLANCO, BOLSA DE 640 GR","37.5","1","KG",""
"2014","08","26/09/2014 12:00:00 a. m.","32","Huatabampo, Son."," 1. Alimentos, bebidas y tabaco"," 1.1. Alimentos"," 1.1.1. Pan, tortillas y cereales"," 02 Pan","007","Pan de caja","002","WONDER, INTEGRAL, 100%, BOLSA DE 567 GR","46.08","1","KG",""
"2014","08","26/09/2014 12:00:00 a. m.","33","Tulancingo, Hgo."," 1. Alimentos, bebidas y tabaco"," 1.1. Alimentos"," 1.1.1. Pan, tortillas y cereales"," 02 Pan","007","Pan de caja","001","BIMBO, BLANCO, BOLSA DE 640 GR","32.73","1","KG",""
"2014","08","26/09/2014 12:00:00 a. m.","33","Tulancingo, Hgo."," 1. Alimentos, bebidas y tabaco"," 1.1. Alimentos"," 1.1.1. Pan, tortillas y cereales"," 02 Pan","007","Pan de caja","002","WONDER, INTEGRAL, 100%, BOLSA DE 567 GR","45.86","1","KG",""
"2014","08","26/09/2014 12:00:00 a. m.","34","Cortazar, Gto."," 1. Alimentos, bebidas y tabaco"," 1.1. Alimentos"," 1.1.1. Pan, tortillas y cereales"," 02 Pan","007","Pan de caja","001","WONDER, BLANCO, C/FIBRA, BOLSA DE 680 GR","39.71","1","KG",""
"2014","08","26/09/2014 12:00:00 a. m.","34","Cortazar, Gto."," 1. Alimentos, bebidas y tabaco"," 1.1. Alimentos"," 1.1.1. Pan, tortillas y cereales"," 02 Pan","007","Pan de caja","002","BIMBO, INTEGRAL, BOLSA DE 675 GR","38.52","1","KG",""
"2014","08","26/09/2014 12:00:00 a. m.","35","Jiménez, Chih."," 1. Alimentos, bebidas y tabaco"," 1.1. Alimentos"," 1.1.1. Pan, tortillas y cereales"," 02 Pan","007","Pan de caja","001","BIMBO, BLANCO, BOLSA DE 640 GR","37.5","1","KG",""
"2014","08","26/09/2014 12:00:00 a. m.","35","Jiménez, Chih."," 1. Alimentos, bebidas y tabaco"," 1.1. Alimentos"," 1.1.1. Pan, tortillas y cereales"," 02 Pan","007","Pan de caja","002","NATURE´S BEST, BLANCO, BOLSA DE 680 GR","30.74","1","KG",""
"2014","08","26/09/2014 12:00:00 a. m.","36","Durango, Dgo."," 1. Alimentos, bebidas y tabaco"," 1.1. Alimentos"," 1.1.1. Pan, tortillas y cereales"," 02 Pan","007","Pan de caja","001","WONDER, MEDIAS NOCHES, SUPER HOT DOGS, BOLSA DE 290 GR","59.66","1","KG",""
"2014","08","26/09/2014 12:00:00 a. m.","36","Durango, Dgo."," 1. Alimentos, bebidas y tabaco"," 1.1. Alimentos"," 1.1.1. Pan, tortillas y cereales"," 02 Pan","007","Pan de caja","002","BIMBO, BLANCO, BOLSA DE 640 GR","37.5","1","KG",""
"2014","08","26/09/2014 12:00:00 a. m.","36","Durango, Dgo."," 1. Alimentos, bebidas y tabaco"," 1.1. Alimentos"," 1.1.1. Pan, tortillas y cereales"," 02 Pan","007","Pan de caja","003","BIMBO, INTEGRAL, BOLSA DE 680 GR","42.65","1","KG",""
"2014","08","26/09/2014 12:00:00 a. m.","36","Durango, Dgo."," 1. Alimentos, bebidas y tabaco"," 1.1. Alimentos"," 1.1.1. Pan, tortillas y cereales"," 02 Pan","007","Pan de caja","004","WONDER, INTEGRAL, 100% CON AJONJOLI, BOLSA DE 567 GR","36.16","1","KG",""
"2014","08","26/09/2014 12:00:00 a. m.","37","Tepic, Nay."," 1. Alimentos, bebidas y tabaco"," 1.1. Alimentos"," 1.1.1. Pan, tortillas y cereales"," 02 Pan","007","Pan de caja","001","BIMBO, BLANCO, BOLSA DE 640 GR","37.5","1","KG",""
"2014","08","26/09/2014 12:00:00 a. m.","37","Tepic, Nay."," 1. Alimentos, bebidas y tabaco"," 1.1. Alimentos"," 1.1.1. Pan, tortillas y cereales"," 02 Pan","007","Pan de caja","002","BIMBO, INTEGRAL, BOLSA DE 680 GR","42.65","1","KG",""
"2014","08","26/09/2014 12:00:00 a. m.","37","Tepic, Nay."," 1. Alimentos, bebidas y tabaco"," 1.1. Alimentos"," 1.1.1. Pan, tortillas y cereales"," 02 Pan","007","Pan de caja","003","BIMBO, TOSTADO, BOLSA DE 210 GR","83.33","1","KG",""
"2014","08","26/09/2014 12:00:00 a. m.","37","Tepic, Nay."," 1. Alimentos, bebidas y tabaco"," 1.1. Alimentos"," 1.1.1. Pan, tortillas y cereales"," 02 Pan","007","Pan de caja","004","WONDER, INTEGRAL, 100%, BOLSA DE 567 GR","46.74","1","KG",""
"2014","08","26/09/2014 12:00:00 a. m.","38","Oaxaca, Oax."," 1. Alimentos, bebidas y tabaco"," 1.1. Alimentos"," 1.1.1. Pan, tortillas y cereales"," 02 Pan","007","Pan de caja","001","BIMBO, BOLLOS, BIMBOLLOS, BOLSA C/8 PZAS DE 450 GR","53.33","1","KG",""
"2014","08","26/09/2014 12:00:00 a. m.","38","Oaxaca, Oax."," 1. Alimentos, bebidas y tabaco"," 1.1. Alimentos"," 1.1.1. Pan, tortillas y cereales"," 02 Pan","007","Pan de caja","002","BIMBO, BLANCO, BOLSA DE 680 GR","43.97","1","KG",""
"2014","08","26/09/2014 12:00:00 a. m.","38","Oaxaca, Oax."," 1. Alimentos, bebidas y tabaco"," 1.1. Alimentos"," 1.1.1. Pan, tortillas y cereales"," 02 Pan","007","Pan de caja","003","WONDER, INTEGRAL, 100%, BOLSA DE 567 GR","45.86","1","KG",""
"2014","08","26/09/2014 12:00:00 a. m.","38","Oaxaca, Oax."," 1. Alimentos, bebidas y tabaco"," 1.1. Alimentos"," 1.1.1. Pan, tortillas y cereales"," 02 Pan","007","Pan de caja","004","WONDER, MEDIAS NOCHES, SUPER HOT DOGS, BOLSA DE 435 GR","59.77","1","KG",""
"2014","08","26/09/2014 12:00:00 a. m.","39","Querétaro, Qro."," 1. Alimentos, bebidas y tabaco"," 1.1. Alimentos"," 1.1.1. Pan, tortillas y cereales"," 02 Pan","007","Pan de caja","001","WONDER, INTEGRAL, 100%, CON AJONJOLI, BOLSA DE 567 GR","43.91","1","KG",""
"2014","08","26/09/2014 12:00:00 a. m.","39","Querétaro, Qro."," 1. Alimentos, bebidas y tabaco"," 1.1. Alimentos"," 1.1.1. Pan, tortillas y cereales"," 02 Pan","007","Pan de caja","002","BIMBO, PAN MOLIDO, CRUJIENTE, BOLSA DE 175 GR","65.71","1","KG",""
"2014","08","26/09/2014 12:00:00 a. m.","39","Querétaro, Qro."," 1. Alimentos, bebidas y tabaco"," 1.1. Alimentos"," 1.1.1. Pan, tortillas y cereales"," 02 Pan","007","Pan de caja","003","OROWEAT, MULTIGRANO, C/GRANOS ENTEROS Y MIEL, BOLSA DE 680 G","55.77","1","KG",""
"2014","08","26/09/2014 12:00:00 a. m.","39","Querétaro, Qro."," 1. Alimentos, bebidas y tabaco"," 1.1. Alimentos"," 1.1.1. Pan, tortillas y cereales"," 02 Pan","007","Pan de caja","004","BIMBO, INTEGRAL, BOLSA DE 680 GR","41.18","1","KG",""
"2014","08","26/09/2014 12:00:00 a. m.","40","Cuernavaca, Mor."," 1. Alimentos, bebidas y tabaco"," 1.1. Alimentos"," 1.1.1. Pan, tortillas y cereales"," 02 Pan","007","Pan de caja","001","WONDER, BLANCO, SUPER PAN, C/ AJONJOLI, BOLSA DE 567 GR","43.19","1","KG",""
"2014","08","26/09/2014 12:00:00 a. m.","40","Cuernavaca, Mor."," 1. Alimentos, bebidas y tabaco"," 1.1. Alimentos"," 1.1.1. Pan, tortillas y cereales"," 02 Pan","007","Pan de caja","002","BIMBO, BLANCO, BOLSA DE 680 GR","38.97","1","KG",""
"2014","08","26/09/2014 12:00:00 a. m.","40","Cuernavaca, Mor."," 1. Alimentos, bebidas y tabaco"," 1.1. Alimentos"," 1.1.1. Pan, tortillas y cereales"," 02 Pan","007","Pan de caja","003","OROWEAT, INTEGRAL, 100%, BOLSA DE 680 GR","55.99","1","KG",""
"2014","08","26/09/2014 12:00:00 a. m.","40","Cuernavaca, Mor."," 1. Alimentos, bebidas y tabaco"," 1.1. Alimentos"," 1.1.1. Pan, tortillas y cereales"," 02 Pan","007","Pan de caja","004","BIMBO, INTEGRAL, BOLSA DE 680 GR","41.91","1","KG",""
"2014","08","26/09/2014 12:00:00 a. m.","41","Tlaxcala, Tlax."," 1. Alimentos, bebidas y tabaco"," 1.1. Alimentos"," 1.1.1. Pan, tortillas y cereales"," 02 Pan","007","Pan de caja","001","WONDER, INTEGRAL, 100% CON AJONJOLI, BOLSA DE 567 GR","44.49","1","KG",""
"2014","08","26/09/2014 12:00:00 a. m.","41","Tlaxcala, Tlax."," 1. Alimentos, bebidas y tabaco"," 1.1. Alimentos"," 1.1.1. Pan, tortillas y cereales"," 02 Pan","007","Pan de caja","002","BIMBO, BLANCO, BOLSA DE 640 GR","37.5","1","KG",""
"2014","08","26/09/2014 12:00:00 a. m.","42","San Andrés Tuxtla, Ver."," 1. Alimentos, bebidas y tabaco"," 1.1. Alimentos"," 1.1.1. Pan, tortillas y cereales"," 02 Pan","007","Pan de caja","001","BIMBO, BLANCO, BOLSA DE 640 GR","40.63","1","KG",""
"2014","08","26/09/2014 12:00:00 a. m.","42","San Andrés Tuxtla, Ver."," 1. Alimentos, bebidas y tabaco"," 1.1. Alimentos"," 1.1.1. Pan, tortillas y cereales"," 02 Pan","007","Pan de caja","002","WONDER, INTEGRAL, 100% CON AJONJOLI, BOLSA DE 567 GR","45.86","1","KG",""
"2014","08","26/09/2014 12:00:00 a. m.","43","Campeche, Camp."," 1. Alimentos, bebidas y tabaco"," 1.1. Alimentos"," 1.1.1. Pan, tortillas y cereales"," 02 Pan","007","Pan de caja","001","BIMBO, BLANCO, SILUETA, BOLSA DE 500 GR","53","1","KG",""
"2014","08","26/09/2014 12:00:00 a. m.","43","Campeche, Camp."," 1. Alimentos, bebidas y tabaco"," 1.1. Alimentos"," 1.1.1. Pan, tortillas y cereales"," 02 Pan","007","Pan de caja","002","BIMBO, INTEGRAL, BOLSA DE 675 GR","38.37","1","KG",""
"2014","08","26/09/2014 12:00:00 a. m.","43","Campeche, Camp."," 1. Alimentos, bebidas y tabaco"," 1.1. Alimentos"," 1.1.1. Pan, tortillas y cereales"," 02 Pan","007","Pan de caja","003","BIMBO, MULTIGRANO, BOLSA DE 540 GR","42.87","1","KG",""
"2014","08","26/09/2014 12:00:00 a. m.","43","Campeche, Camp."," 1. Alimentos, bebidas y tabaco"," 1.1. Alimentos"," 1.1.1. Pan, tortillas y cereales"," 02 Pan","007","Pan de caja","004","BIMBO, BLANCO, PAQ DE 680 GR","38.24","1","KG",""
"2014","08","26/09/2014 12:00:00 a. m.","44","Tepatitlán, Jal."," 1. Alimentos, bebidas y tabaco"," 1.1. Alimentos"," 1.1.1. Pan, tortillas y cereales"," 02 Pan","007","Pan de caja","001","BIMBO, BLANCO, BOLSA DE 640 GR","38.91","1","KG",""
"2014","08","26/09/2014 12:00:00 a. m.","44","Tepatitlán, Jal."," 1. Alimentos, bebidas y tabaco"," 1.1. Alimentos"," 1.1.1. Pan, tortillas y cereales"," 02 Pan","007","Pan de caja","002","BIMBO, INTEGRAL, MULTIGRANO, BOLSA DE 540 GR","48.15","1","KG",""
"2014","08","26/09/2014 12:00:00 a. m.","45","Tehuantepec, Oax."," 1. Alimentos, bebidas y tabaco"," 1.1. Alimentos"," 1.1.1. Pan, tortillas y cereales"," 02 Pan","007","Pan de caja","001","BIMBO, MEDIAS NOCHES, BOLSA DE 340 GR","50","1","KG",""
"2014","08","26/09/2014 12:00:00 a. m.","45","Tehuantepec, Oax."," 1. Alimentos, bebidas y tabaco"," 1.1. Alimentos"," 1.1.1. Pan, tortillas y cereales"," 02 Pan","007","Pan de caja","002","BIMBO, MULTIGRANO, BOLSA DE 540 GR","44.17","1","KG",""
"2014","08","26/09/2014 12:00:00 a. m.","46","Cd. Acuña, Coah."," 1. Alimentos, bebidas y tabaco"," 1.1. Alimentos"," 1.1.1. Pan, tortillas y cereales"," 02 Pan","007","Pan de caja","001","BIMBO, MEDIAS NOCHES, BOLSA C/8 PZAS DE 340 GR","55.59","1","KG",""
"2014","08","26/09/2014 12:00:00 a. m.","46","Cd. Acuña, Coah."," 1. Alimentos, bebidas y tabaco"," 1.1. Alimentos"," 1.1.1. Pan, tortillas y cereales"," 02 Pan","007","Pan de caja","002","MP, INTEGRAL, BOLSA DE 680 GR","28.16","1","KG",""
