ciudad,codigo,UE,A111A,H001A,J000A,A121A,Q000A,Q000B,A700A,A131A
01001,31-33,4166,279752.625,75556.0,13735.231,151033.904,140518.323,8023.255,154754.157,128718.721
01001,311,1178,22718.576,9684.0,1311.559,14711.041,4351.597,300.432,15956.521,8007.535
01001,3114,13,3482.829,1273.0,261.704,2375.397,481.25,13.129,2768.106,1107.432
01001,3115,204,6316.051,2440.0,350.104,4302.932,1173.909,107.011,4923.344,2013.119
01001,31151,71,6155.883,1935.0,323.507,4208.746,1041.831,96.289,4828.525,1947.137
01001,3116,15,5189.476,1309.0,287.129,3240.607,1442.664,78.279,3328.757,1948.869
01001,31161,15,5189.476,1309.0,287.129,3240.607,1442.664,78.279,3328.757,1948.869
01001,311612,2,,,,,,,,
01001,311613,7,8.394,18.0,0.531,5.539,2.655,0.386,5.619,2.855
01001,3118,810,1549.329,3648.0,268.177,926.438,606.379,55.306,944.62,622.891
01001,31181,423,884.913,2203.0,181.139,523.35,298.789,28.31,535.018,361.563
01001,311812,383,834.4,2046.0,170.544,492.806,276.883,26.085,504.225,341.594
01001,31183,371,636.013,1351.0,79.667,385.805,288.997,25.561,392.293,250.208
01001,3119,98,573.414,464.0,34.713,358.432,75.534,13.401,359.229,214.982
01001,31192,5,,,,,,,,
01001,312,147,6222.391,2114.0,564.152,3210.855,2139.515,156.522,3288.813,3011.536
01001,3121,147,6222.391,2114.0,564.152,3210.855,2139.515,156.522,3288.813,3011.536
01001,31211,147,6222.391,2114.0,564.152,3210.855,2139.515,156.522,3288.813,3011.536
01001,325,50,259.624,286.0,27.138,140.117,40.375,5.262,142.589,119.507
01001,3254,4,,,,,,,,
01001,327,176,2628.088,1791.0,385.869,1718.151,903.267,21.49,1735.776,909.937
01001,3273,24,743.862,235.0,36.759,455.053,71.692,8.361,462.252,288.809
01001,3274,8,,,,,,,,
01001,331,20,1516.483,425.0,106.555,903.555,79.897,7.904,961.99,612.928
01001,3312,5,,,,,,,,
01001,33122,4,,,,,,,,
01001,43,1649,29009.988,17014.0,2184.019,4041.069,8194.462,945.256,54822.056,24968.919
01001,431,352,19819.654,6951.0,955.938,2133.351,1434.257,149.015,34079.505,17686.303
01001,4311,322,11380.354,4602.0,723.783,1139.879,1325.775,139.607,14670.171,10240.475
01001,43111,44,506.968,618.0,68.291,81.857,105.132,10.503,1585.146,425.111
01001,43112,32,1040.648,488.0,72.85,218.934,372.358,40.773,1646.095,821.714
01001,431121,24,1015.503,431.0,67.125,214.429,355.475,39.425,1560.118,801.074
01001,431122,6,,,,,,,,
01001,43113,145,6924.574,1037.0,116.788,362.814,375.143,29.556,5322.081,6561.76
01001,43114,9,,,,,,,,
01001,43116,17,824.958,1071.0,210.207,167.478,108.316,13.976,1987.101,657.48
01001,43117,4,,,,,,,,
01001,4312,30,8439.3,2349.0,232.155,993.472,108.482,9.408,19409.334,7445.828
01001,43121,29,,,,,,,,
01001,431211,19,2798.453,1780.0,167.77,819.671,77.34,4.844,8490.234,1978.782
01001,433,80,763.674,664.0,72.097,196.597,111.324,18.741,1686.488,567.077
01001,4331,21,254.526,245.0,25.07,136.537,42.578,8.788,956.982,117.989
01001,46,17801,31309.667,62844.0,5428.203,7020.355,12050.085,880.996,77698.734,24289.312
01001,461,6932,7678.604,18324.0,781.574,1158.556,4088.225,206.94,14640.127,6520.048
01001,4611,6484,6515.107,16906.0,677.933,899.229,3987.001,197.742,11407.103,5615.878
01001,46111,3551,2048.232,8071.0,122.805,263.415,908.567,74.022,3281.289,1784.817
01001,46112,768,1615.799,2945.0,235.44,209.148,2236.932,47.224,3308.293,1406.651
01001,461121,584,1323.893,2450.0,207.45,159.541,2168.855,40.311,2875.65,1164.352
01001,461122,113,105.543,276.0,13.345,14.218,32.057,3.162,183.755,91.325
01001,46113,805,1710.831,2289.0,116.807,135.18,314.458,26.648,2452.967,1575.651
01001,46115,114,220.346,578.0,62.491,108.425,118.463,13.818,920.152,111.921
01001,4612,448,1163.497,1418.0,103.641,259.327,101.224,9.198,3233.024,904.17
01001,46121,430,,,,,,,,
01001,461213,52,,,,,,,,
01001,462,421,9130.477,8932.0,1536.422,1914.707,2380.017,197.282,19325.456,7215.77
01001,4621,401,,,,,,,,
01001,46211,401,,,,,,,,
01001,464,816,1457.124,4080.0,407.528,321.129,319.954,27.331,3188.772,1135.995
01001,4641,816,1457.124,4080.0,407.528,321.129,319.954,27.331,3188.772,1135.995
01001,46411,618,1316.178,3594.0,375.937,278.266,252.156,19.833,2992.204,1037.912
01001,467,1553,2497.223,5580.0,465.176,560.945,1155.579,114.3,5592.904,1936.278
01001,4671,1553,2497.223,5580.0,465.176,560.945,1155.579,114.3,5592.904,1936.278
01001,48-49,186,8884.786,15561.0,1328.392,3152.805,10456.105,1940.84,3404.918,5731.981
01001,485,30,1345.526,2904.0,535.45,798.428,1608.982,304.652,867.266,547.098
01001,4852,5,,,,,,,,
02002,31-33,2454,171967.327,113604.0,27068.147,92282.697,38100.489,2410.36,96698.049,79684.63
02002,311,703,28150.547,10580.0,1742.547,17257.705,5889.589,342.705,17747.408,10892.842
02002,3114,10,2048.156,3009.0,349.894,1324.514,219.717,14.439,1372.171,723.642
02002,3115,69,1567.516,782.0,113.363,971.38,85.329,13.819,1063.362,596.136
02002,31151,13,1475.694,605.0,102.72,909.491,65.602,12.096,998.827,566.203
02002,3116,7,,,,,,,,
02002,31161,7,,,,,,,,
02002,311612,2,,,,,,,,
02002,311613,3,,,,,,,,
02002,3118,580,8424.928,3495.0,510.053,3546.121,1373.243,124.083,3647.343,4878.807
02002,31181,337,7031.42,2256.0,377.075,2705.144,1145.365,106.335,2726.065,4326.276
02002,311811,1,,,,,,,,
02002,311812,205,380.568,894.0,71.466,224.051,81.534,6.941,228.008,156.517
02002,31183,241,,,,,,,,
02002,3119,25,3597.025,987.0,228.315,2432.37,1480.048,138.465,2505.636,1164.655
02002,31192,1,,,,,,,,
02002,312,275,3283.077,3593.0,1040.278,1693.642,1005.216,53.821,1784.081,1589.435
02002,3121,275,3283.077,3593.0,1040.278,1693.642,1005.216,53.821,1784.081,1589.435
02002,31211,265,3236.122,3526.0,1033.667,1667.456,978.616,51.291,1754.589,1568.666
02002,325,18,1525.206,1886.0,416.157,784.95,736.333,61.193,819.533,740.256
02002,3254,2,,,,,,,,
02002,327,86,8717.72,4174.0,1276.696,5909.772,4972.544,462.944,6315.966,2807.948
02002,3273,25,1931.279,831.0,247.039,922.163,209.761,23.56,968.767,1009.116
02002,3274,19,542.353,165.0,40.987,298.322,261.379,17.735,307.008,244.031
02002,331,20,6521.445,1622.0,312.741,3508.395,385.258,40.4,3591.669,3013.05
02002,3312,13,4434.724,1458.0,276.301,1602.183,272.828,30.401,1682.848,2832.541
02002,33122,9,,,,,,,,
02002,43,1189,25042.723,18297.0,2980.584,5206.29,11460.288,979.806,52941.784,19836.433
02002,431,189,8272.249,7730.0,1148.726,1803.299,1007.219,119.241,15696.811,6468.95
02002,4311,161,5316.41,6199.0,964.042,1210.169,867.53,111.631,10668.907,4106.241
02002,43111,36,784.817,2506.0,351.946,356.581,194.024,20.652,2122.804,428.236
02002,43112,24,,,,,,,,
02002,431121,14,,,,,,,,
02002,431122,4,,,,,,,,
02002,43113,53,651.229,934.0,107.346,148.297,122.193,16.483,1759.177,502.932
02002,43114,2,,,,,,,,
02002,43116,6,333.811,443.0,49.205,88.655,65.346,5.697,1268.249,245.156
02002,43117,3,,,,,,,,
02002,4312,28,2955.839,1531.0,184.684,593.13,139.689,7.611,5027.904,2362.709
02002,43121,23,,,,,,,,
02002,431211,15,1274.17,960.0,102.994,251.688,71.561,4.48,2002.829,1022.482
02002,433,72,1199.019,986.0,140.261,243.642,464.419,24.482,2271.496,955.377
02002,4331,20,,,,,,,,
02002,46,11812,30513.12,55045.0,6028.815,6402.464,11184.773,784.562,75334.249,24110.656
02002,461,4205,4875.4,13415.0,807.456,712.316,2424.051,85.173,9432.496,4163.084
02002,4611,3339,4549.052,12027.0,739.112,662.453,2291.652,75.073,8561.723,3886.599
02002,46111,2233,1164.936,4971.0,94.811,175.116,566.822,35.807,1449.532,989.82
02002,46112,170,2095.765,3992.0,424.98,217.916,1426.357,12.153,5085.387,1877.849
02002,461121,92,1978.55,3724.0,407.513,197.39,1372.793,8.728,4932.723,1781.16
02002,461122,6,3.222,24.0,0.548,0.742,2.089,0.209,4.501,2.48
02002,46113,136,712.479,1243.0,134.911,161.092,126.705,13.143,1239.428,551.387
02002,46115,10,13.325,42.0,2.933,4.539,10.317,0.782,59.601,8.786
02002,4612,866,326.348,1388.0,68.344,49.863,132.399,10.1,870.773,276.485
02002,46121,858,323.185,1376.0,67.734,48.386,131.631,10.036,866.901,274.799
02002,461213,392,75.087,638.0,19.192,22.457,41.517,2.876,86.965,52.63
02002,462,710,9382.646,14679.0,2455.172,2517.344,4041.901,334.838,25987.173,6865.302
02002,4621,686,7821.591,12760.0,2140.278,2230.451,3632.719,313.777,23614.966,5591.14
02002,46211,686,7821.591,12760.0,2140.278,2230.451,3632.719,313.777,23614.966,5591.14
02002,464,794,2469.623,5115.0,634.71,498.315,562.112,45.345,3959.45,1971.308
02002,4641,794,2469.623,5115.0,634.71,498.315,562.112,45.345,3959.45,1971.308
02002,46411,649,2183.213,4702.0,597.136,425.654,492.54,37.122,3590.197,1757.559
02002,467,673,2296.951,3117.0,314.824,362.694,779.952,84.987,4225.544,1934.257
02002,4671,673,2296.951,3117.0,314.824,362.694,779.952,84.987,4225.544,1934.257
02002,48-49,262,9854.281,9953.0,1517.394,3849.21,5819.644,1031.103,4212.558,6005.071
02002,485,13,417.973,479.0,71.371,188.681,227.314,35.186,199.624,229.292
02002,4852,4,,,,,,,,
02004,31-33,3977,302569.193,325983.0,75463.92,149186.37,59400.814,3693.182,155636.589,153382.823
02004,311,1070,13846.702,10062.0,1520.557,7294.475,2058.472,159.079,7490.12,6552.227
02004,3114,8,11.816,73.0,7.213,8.589,8.672,0.661,8.634,3.227
02004,3115,152,1385.425,1006.0,143.673,1011.587,227.984,19.036,1015.647,373.838
02004,31151,36,1115.584,535.0,104.483,834.301,191.802,15.65,834.817,281.283
02004,3116,14,2098.56,1184.0,195.709,1114.388,198.864,15.015,1133.951,984.172
02004,31161,14,2098.56,1184.0,195.709,1114.388,198.864,15.015,1133.951,984.172
02004,311612,2,,,,,,,,
02004,311613,9,815.06,758.0,102.968,419.639,57.656,5.316,434.691,395.421
02004,3118,831,7412.71,5392.0,708.096,3351.893,1070.552,97.636,3400.058,4060.817
02004,31181,515,5790.647,3101.0,432.57,2450.042,818.321,76.97,2467.751,3340.605
02004,311811,2,,,,,,,,
02004,311812,378,1137.45,1920.0,208.628,668.778,191.688,18.823,680.297,468.672
02004,31183,314,,,,,,,,
02004,3119,39,1967.864,1622.0,269.745,1242.762,441.838,19.138,1262.001,725.102
02004,31192,5,,,,,,,,
02004,312,351,11535.964,4517.0,1077.229,6638.248,852.75,75.316,6984.745,4897.716
02004,3121,347,11430.537,4195.0,1017.571,6600.216,843.991,74.376,6942.75,4830.321
02004,31211,336,10606.632,3832.0,943.048,5868.004,779.001,67.909,6188.982,4738.628
02004,325,54,3369.427,3538.0,891.322,1629.343,603.898,37.084,1705.305,1740.084
02004,3254,9,362.523,362.0,82.091,241.02,113.879,9.957,249.839,121.503
02004,327,124,3031.127,3142.0,797.101,1595.154,721.698,46.517,1670.498,1435.973
02004,3273,31,1574.101,1270.0,278.788,905.914,404.58,26.623,939.769,668.187
02004,3274,22,11.419,56.0,2.618,6.335,2.208,0.215,6.347,5.084
02004,331,26,9883.591,6337.0,1706.718,6559.193,2530.932,221.601,6715.962,3324.398
02004,3312,8,,,,,,,,
02004,33122,7,,,,,,,,
02004,43,1849,39501.598,36701.0,6253.369,10942.559,10423.896,1115.12,85302.247,28559.039
02004,431,383,14506.311,17018.0,2679.913,3922.175,3541.93,529.287,29704.138,10584.136
02004,4311,354,11878.666,14421.0,2344.515,3133.523,3022.643,486.229,25107.036,8745.143
02004,43111,78,3189.431,4768.0,703.299,727.773,681.567,142.105,8793.521,2461.658
02004,43112,50,933.686,1093.0,198.219,199.941,593.198,80.729,1915.565,733.745
02004,431121,29,329.732,687.0,142.064,82.798,327.088,48.713,932.89,246.934
02004,431122,6,,,,,,,,
02004,43113,106,1226.092,2363.0,288.589,616.58,830.206,137.706,3703.282,609.512
02004,43114,5,,,,,,,,
02004,43116,13,2711.046,1774.0,286.465,711.562,125.959,15.623,3592.356,1999.484
02004,43117,9,,,,,,,,
02004,4312,29,2627.645,2597.0,335.398,788.652,519.287,43.058,4597.102,1838.993
02004,43121,23,2278.69,2230.0,299.372,572.493,501.279,41.716,3154.746,1706.197
02004,431211,13,1611.132,1870.0,237.922,416.401,457.219,39.453,2094.669,1194.731
02004,433,150,3177.584,2547.0,348.413,693.438,1296.37,112.052,5343.765,2484.146
02004,4331,47,2158.89,1126.0,159.18,474.189,639.574,65.084,3529.569,1684.701
02004,46,22343,59924.521,95225.0,10284.513,13947.027,18244.379,1549.882,133478.452,45977.494
02004,461,9267,8937.664,22574.0,922.664,1444.225,2935.488,233.443,14072.477,7493.439
02004,4611,8447,8286.306,20961.0,825.294,1354.888,2766.173,220.531,12650.396,6931.418
02004,46111,6824,2755.984,13247.0,189.826,388.256,992.875,67.167,3574.642,2367.728
02004,46112,340,2380.568,2778.0,277.257,329.31,1257.645,104.674,4563.429,2051.258
02004,461121,205,1981.898,2104.0,218.891,257.803,365.227,14.273,3931.096,1724.095
02004,461122,68,134.27,219.0,11.533,19.529,10.272,1.674,192.784,114.741
02004,46113,317,1164.91,1701.0,148.451,268.964,160.881,17.125,1932.246,895.946
02004,46115,73,348.214,366.0,27.788,74.234,111.101,11.246,582.988,273.98
02004,4612,820,651.358,1613.0,97.37,89.337,169.315,12.912,1422.081,562.021
02004,46121,788,618.635,1452.0,87.476,80.842,166.961,12.64,1368.469,537.793
02004,461213,94,38.373,181.0,9.135,10.393,10.403,0.813,35.746,27.98
02004,462,1053,17965.104,25297.0,4352.2,4880.647,7449.332,593.623,48923.645,13084.457
02004,4621,1011,15580.804,22481.0,3884.203,4427.363,6819.188,558.216,44642.079,11153.441
02004,46211,1011,15580.804,22481.0,3884.203,4427.363,6819.188,558.216,44642.079,11153.441
02004,464,1154,6152.51,7349.0,999.72,1100.01,1027.805,97.875,8801.365,5052.5
02004,4641,1154,6152.51,7349.0,999.72,1100.01,1027.805,97.875,8801.365,5052.5
02004,46411,946,5916.006,6791.0,952.394,1025.266,932.818,89.594,8530.08,4890.74
02004,467,1277,4613.193,6504.0,689.081,789.744,1381.59,143.779,8233.282,3823.449
02004,4671,1277,4613.193,6504.0,689.081,789.744,1381.59,143.779,8233.282,3823.449
02004,48-49,666,13828.822,23278.0,3470.433,5103.667,7032.521,1171.498,5503.705,8725.155
02004,485,39,1570.937,4281.0,597.576,701.702,2321.627,432.585,750.409,869.235
02004,4852,10,144.543,422.0,47.359,101.938,240.711,13.104,104.991,42.605
03003,31-33,1199,5116.472,5066.0,653.097,3217.176,1717.018,118.655,3343.334,1899.296
03003,311,346,812.504,1467.0,124.991,504.004,232.504,21.718,542.704,308.5
03003,3114,3,,,,,,,,
03003,3115,56,58.107,167.0,15.974,39.679,31.514,2.582,40.34,18.428
03003,31151,23,10.36,63.0,9.611,8.026,13.743,1.002,8.467,2.334
03003,3116,8,23.806,55.0,5.372,13.383,17.654,2.05,13.503,10.423
03003,31161,8,23.806,55.0,5.372,13.383,17.654,2.05,13.503,10.423
03003,311613,7,,,,,,,,
03003,3118,257,568.789,1125.0,91.97,336.237,151.884,14.46,346.974,232.552
03003,31181,195,290.317,777.0,55.987,163.448,93.88,9.66,166.378,126.869
03003,311812,99,159.281,437.0,34.806,89.053,61.465,6.713,90.262,70.228
03003,31183,60,,,,,,,,
03003,3119,9,14.623,39.0,1.971,9.49,2.785,0.394,9.62,5.133
03003,31192,2,,,,,,,,
03003,312,129,2728.176,1324.0,325.982,1718.325,943.322,41.964,1786.589,1009.851
03003,3121,129,2728.176,1324.0,325.982,1718.325,943.322,41.964,1786.589,1009.851
03003,31211,127,,,,,,,,
03003,325,12,10.321,53.0,6.943,7.161,5.797,0.85,7.404,3.16
03003,3254,3,,,,,,,,
03003,327,73,681.291,422.0,60.081,489.711,164.661,18.986,493.969,191.58
03003,3273,44,606.443,314.0,50.347,435.87,138.262,16.261,439.335,170.573
03003,3274,3,,,,,,,,
03003,331,1,,,,,,,,
03003,43,431,7355.558,5554.0,814.475,1458.359,1634.844,179.556,15613.345,5897.199
03003,431,91,3095.411,3140.0,472.085,714.516,693.865,77.977,6288.688,2380.895
03003,4311,83,2082.014,2593.0,415.355,519.563,566.142,73.073,4320.922,1562.451
03003,43111,18,230.482,412.0,51.326,38.55,104.514,14.549,1015.412,191.932
03003,43112,16,146.597,211.0,27.443,26.982,142.004,16.853,174.163,119.615
03003,431121,8,117.08,112.0,13.785,20.71,117.318,14.448,133.748,96.37
03003,431122,1,,,,,,,,
03003,43113,20,462.613,1025.0,144.437,86.863,120.552,14.225,900.982,375.75
03003,43114,3,,,,,,,,
03003,43116,4,179.775,216.0,32.467,59.231,37.066,4.304,385.084,120.544
03003,43117,1,,,,,,,,
03003,4312,8,1013.397,547.0,56.73,194.953,127.723,4.904,1967.766,818.444
03003,43121,5,,,,,,,,
03003,431211,3,,,,,,,,
03003,433,33,206.72,379.0,45.042,61.147,178.859,14.121,466.081,145.573
03003,4331,6,,,,,,,,
03003,46,4175,10962.102,18889.0,2097.582,2650.473,4479.194,388.323,26643.756,8311.629
03003,461,1706,1271.617,4075.0,191.181,257.081,611.441,55.516,2382.627,1014.536
03003,4611,1444,1147.655,3573.0,161.407,244.851,572.969,51.581,2074.187,902.804
03003,46111,993,413.472,1958.0,35.122,79.679,236.814,17.617,650.233,333.793
03003,46112,153,391.368,578.0,44.993,62.939,119.388,10.272,663.556,328.429
03003,461121,53,299.909,286.0,28.453,47.53,81.505,5.743,545.522,252.379
03003,461122,19,14.454,53.0,2.918,3.108,6.52,0.71,27.927,11.346
03003,46113,116,140.094,369.0,28.923,49.147,36.556,4.177,358.757,90.947
03003,46115,34,33.454,110.0,6.104,8.832,71.689,10.376,104.371,24.622
03003,4612,262,123.962,502.0,29.774,12.23,38.472,3.935,308.44,111.732
03003,46121,260,,,,,,,,
03003,461213,14,6.355,30.0,1.701,2.454,1.107,0.099,10.94,3.901
03003,462,234,,,,,,,,
03003,4621,220,3130.552,4121.0,713.228,1027.025,1569.617,130.855,9398.083,2103.527
03003,46211,220,3130.552,4121.0,713.228,1027.025,1569.617,130.855,9398.083,2103.527
03003,464,240,500.648,1179.0,143.514,115.358,112.212,10.98,891.52,385.29
03003,4641,240,500.648,1179.0,143.514,115.358,112.212,10.98,891.52,385.29
03003,46411,177,422.185,990.0,129.022,100.846,80.954,7.797,787.069,321.339
03003,467,359,1064.391,1686.0,160.534,173.579,545.647,63.618,1770.464,890.812
03003,4671,359,1064.391,1686.0,160.534,173.579,545.647,63.618,1770.464,890.812
03003,48-49,170,3012.2,3846.0,656.42,1232.463,4322.216,722.294,1350.051,1779.737
03003,485,11,42.18,82.0,12.093,31.209,32.311,3.571,31.508,10.971
04002,31-33,997,3367.802,5982.0,585.365,2045.019,923.128,75.863,2205.937,1322.783
04002,311,414,756.114,1755.0,120.741,438.048,247.01,21.869,458.026,318.066
04002,3114,1,,,,,,,,
04002,3115,40,19.922,95.0,2.063,13.734,8.818,1.568,13.829,6.188
04002,31151,6,0.23,28.0,1.009,0.641,5.098,1.273,0.684,-0.411
04002,3116,5,6.567,15.0,0.327,2.824,2.9,0.296,2.824,3.743
04002,31161,5,6.567,15.0,0.327,2.824,2.9,0.296,2.824,3.743
04002,311613,2,,,,,,,,
04002,3118,330,464.961,1261.0,74.267,291.918,143.032,13.555,302.242,173.043
04002,31181,171,126.609,570.0,20.421,75.789,54.298,4.997,77.375,50.82
04002,311812,165,120.373,549.0,19.882,72.211,52.846,4.885,73.587,48.162
04002,31183,157,,,,,,,,
04002,3119,20,226.881,238.0,34.428,102.898,72.851,5.826,112.018,123.983
04002,31192,1,,,,,,,,
04002,312,54,1405.469,945.0,171.008,899.226,182.887,19.115,1004.345,506.243
04002,3121,52,,,,,,,,
04002,31211,52,,,,,,,,
04002,325,7,,,,,,,,
04002,327,15,205.901,118.0,12.56,121.504,45.104,2.66,127.761,84.397
04002,3273,8,200.539,105.0,12.04,118.377,44.534,2.566,124.634,82.162
04002,3274,2,,,,,,,,
04002,43,368,4087.946,2649.0,309.756,1005.28,1989.132,183.432,6232.023,3082.666
04002,431,74,1183.235,1175.0,164.507,262.34,393.007,37.788,1918.504,920.895
04002,4311,68,758.247,1038.0,149.694,187.927,287.529,35.129,1281.182,570.32
04002,43111,17,163.337,246.0,29.627,14.722,66.351,8.725,287.056,148.615
04002,43112,7,21.914,161.0,15.325,9.394,7.087,0.7,69.79,12.52
04002,431121,3,8.55,9.0,0.982,0.658,1.088,0.056,20.053,7.892
04002,431122,3,,,,,,,,
04002,43113,6,,,,,,,,
04002,43114,5,,,,,,,,
04002,43116,5,,,,,,,,
04002,4312,6,424.988,137.0,14.813,74.413,105.478,2.659,637.322,350.575
04002,43121,6,424.988,137.0,14.813,74.413,105.478,2.659,637.322,350.575
04002,431211,4,,,,,,,,
04002,433,24,16.554,83.0,5.274,4.416,10.571,1.381,40.909,12.138
04002,4331,3,,,,,,,,
04002,46,5648,7480.244,17999.0,1465.182,1862.646,2951.797,247.011,20295.972,5617.598
04002,461,3032,1185.081,5747.0,161.111,171.899,506.451,41.645,2018.765,1013.182
04002,4611,2723,1076.201,5323.0,139.494,162.809,472.013,38.722,1713.351,913.392
04002,46111,1473,272.3,2595.0,17.495,40.121,226.529,14.265,381.263,232.179
04002,46112,514,378.374,1064.0,48.459,78.224,149.427,13.757,661.279,300.15
04002,461121,196,287.335,519.0,39.419,66.764,119.827,11.268,496.985,220.571
04002,461122,227,65.729,417.0,7.64,8.391,25.879,2.078,128.377,57.338
04002,46113,445,201.373,715.0,11.609,14.851,16.716,2.066,216.809,186.522
04002,46115,27,54.474,186.0,13.191,6.062,20.758,2.428,181.342,48.412
04002,4612,309,108.88,424.0,21.617,9.09,34.438,2.923,305.414,99.79
04002,46121,306,,,,,,,,
04002,461213,44,,,,,,,,
04002,462,170,,,,,,,,
04002,4621,162,1942.61,2883.0,467.686,611.418,818.719,65.268,6758.667,1331.192
04002,46211,162,1942.61,2883.0,467.686,611.418,818.719,65.268,6758.667,1331.192
04002,464,219,686.384,1270.0,160.205,165.803,92.74,9.619,1390.953,520.581
04002,4641,219,686.384,1270.0,160.205,165.803,92.74,9.619,1390.953,520.581
04002,46411,155,599.684,1102.0,149.171,149.034,73.894,7.833,1284.496,450.65
04002,467,281,556.204,1113.0,99.081,95.479,211.633,22.888,960.821,460.725
04002,4671,281,556.204,1113.0,99.081,95.479,211.633,22.888,960.821,460.725
04002,48-49,55,1148.5,1121.0,232.669,445.745,1070.292,108.607,491.621,702.755
04002,485,15,187.814,382.0,50.936,97.027,176.78,27.056,108.66,90.787
04002,4852,2,,,,,,,,
05002,31-33,358,27105.198,57370.0,11397.984,7667.448,3330.677,226.112,8041.42,19437.75
05002,311,117,119.284,400.0,22.238,60.205,45.514,3.343,61.674,59.079
05002,3115,14,,,,,,,,
05002,3116,1,,,,,,,,
05002,31161,1,,,,,,,,
05002,3118,101,106.355,336.0,19.472,53.498,37.393,2.818,54.967,52.857
05002,31181,68,59.579,218.0,10.083,29.78,18.218,1.276,30.281,29.799
05002,311812,30,26.765,90.0,3.881,14.836,11.759,0.838,15.114,11.929
05002,31183,33,46.776,118.0,9.389,23.718,19.175,1.542,24.686,23.058
05002,3119,1,,,,,,,,
05002,312,16,42.276,91.0,5.671,17.751,26.347,2.769,17.756,24.525
05002,3121,16,42.276,91.0,5.671,17.751,26.347,2.769,17.756,24.525
05002,31211,16,42.276,91.0,5.671,17.751,26.347,2.769,17.756,24.525
05002,325,1,,,,,,,,
05002,327,17,79.103,93.0,9.008,50.712,26.092,2.89,51.169,28.391
05002,3273,9,62.239,41.0,5.159,40.243,20.46,2.301,40.67,21.996
05002,3274,2,,,,,,,,
05002,43,86,1825.838,1359.0,270.407,338.863,423.22,59.57,2131.335,1486.975
05002,431,10,1514.881,976.0,226.442,292.751,191.519,27.341,1556.693,1222.13
05002,4311,8,,,,,,,,
05002,43111,2,,,,,,,,
05002,43116,1,,,,,,,,
05002,4312,2,,,,,,,,
05002,43121,2,,,,,,,,
05002,431211,2,,,,,,,,
05002,46,2105,3470.653,7236.0,696.334,718.731,1433.417,117.579,9150.935,2751.922
05002,461,1134,471.121,2230.0,61.025,74.559,402.309,22.818,798.356,396.562
05002,4611,964,395.362,1932.0,44.907,68.189,383.691,21.511,636.768,327.173
05002,46111,845,259.141,1505.0,21.0,30.473,301.476,16.664,324.955,228.668
05002,46112,37,89.55,176.0,14.304,28.875,45.777,2.643,247.529,60.675
05002,461121,25,79.676,130.0,12.923,27.699,36.293,1.971,238.656,51.977
05002,461122,8,7.692,34.0,0.891,1.002,7.88,0.579,7.581,6.69
05002,46113,20,17.464,70.0,3.143,1.999,14.243,0.839,21.006,15.465
05002,46115,3,1.538,21.0,0.483,0.442,0.505,0.026,1.294,1.096
05002,4612,170,75.759,298.0,16.118,6.37,18.618,1.307,161.588,69.389
05002,46121,170,75.759,298.0,16.118,6.37,18.618,1.307,161.588,69.389
05002,461213,5,,,,,,,,
05002,462,79,1468.035,1860.0,338.619,259.143,494.358,52.138,4264.488,1208.892
05002,4621,77,,,,,,,,
05002,46211,77,,,,,,,,
05002,464,75,122.36,351.0,31.538,30.297,50.299,3.509,300.139,92.063
05002,4641,75,122.36,351.0,31.538,30.297,50.299,3.509,300.139,92.063
05002,46411,61,116.462,318.0,29.555,28.295,44.975,3.074,294.121,88.167
05002,467,126,109.238,365.0,24.331,19.703,108.665,10.165,194.518,89.535
05002,4671,126,109.238,365.0,24.331,19.703,108.665,10.165,194.518,89.535
05002,48-49,52,687.278,1555.0,222.561,335.103,495.731,56.071,346.211,352.175
05002,485,6,132.568,401.0,68.368,52.692,171.608,14.909,53.83,79.876
05002,4852,3,,,,,,,,
05018,31-33,1157,22456.179,15575.0,2753.139,12224.852,4466.272,240.747,12936.299,10231.327
05018,311,615,481.541,1544.0,63.555,289.798,213.333,17.813,293.895,191.743
05018,3114,1,,,,,,,,
05018,3115,19,128.389,186.0,20.213,82.163,125.296,10.956,82.678,46.226
05018,31151,2,,,,,,,,
05018,3116,4,,,,,,,,
05018,31161,4,,,,,,,,
05018,311613,1,,,,,,,,
05018,3118,581,322.78,1257.0,37.093,193.096,77.455,5.649,196.63,129.684
05018,31181,525,251.939,1076.0,27.991,148.24,57.619,3.935,151.58,103.699
05018,311812,59,65.974,186.0,8.27,44.169,20.003,1.658,44.423,21.805
05018,31183,54,,,,,,,,
05018,3119,6,7.102,26.0,0.801,7.641,3.66,0.557,7.689,-0.539
05018,312,70,63.895,220.0,11.158,36.046,51.872,4.88,36.127,27.849
05018,3121,70,63.895,220.0,11.158,36.046,51.872,4.88,36.127,27.849
05018,31211,70,63.895,220.0,11.158,36.046,51.872,4.88,36.127,27.849
05018,325,10,48.072,148.0,26.957,50.932,46.707,2.651,55.284,-2.86
05018,327,41,1237.072,294.0,92.711,686.32,482.851,29.669,720.797,550.752
05018,3273,27,49.949,77.0,6.004,34.165,15.888,1.491,34.213,15.784
05018,3274,2,,,,,,,,
05018,331,6,,,,,,,,
05018,3312,3,,,,,,,,
05018,33122,2,,,,,,,,
05018,43,322,2536.517,3221.0,419.512,617.036,945.547,98.462,6589.013,1919.481
05018,431,33,1314.444,1320.0,185.821,293.196,233.043,26.934,2249.686,1021.248
05018,4311,25,732.851,627.0,122.681,180.499,150.116,18.96,1397.164,552.352
05018,43111,5,61.656,99.0,12.419,6.688,9.168,1.638,152.311,54.968
05018,43112,5,162.433,58.0,9.478,37.596,47.137,3.785,400.744,124.837
05018,431121,3,,,,,,,,
05018,43113,4,,,,,,,,
05018,43114,1,,,,,,,,
05018,43116,2,,,,,,,,
05018,43117,4,,,,,,,,
05018,4312,8,581.593,693.0,63.14,112.697,82.927,7.975,852.522,468.896
05018,43121,8,581.593,693.0,63.14,112.697,82.927,7.975,852.522,468.896
05018,431211,5,493.463,542.0,50.971,90.881,25.478,3.838,581.92,402.582
05018,433,11,55.288,82.0,4.249,14.788,7.201,0.584,76.779,40.5
05018,46,4110,8335.344,15887.0,1490.946,1560.119,4408.311,459.079,18889.677,6775.225
05018,461,1793,1208.115,4019.0,174.05,155.772,707.308,74.575,2242.414,1052.343
05018,4611,1457,1074.632,3565.0,151.648,147.758,677.819,72.161,1921.389,926.874
05018,46111,1116,317.169,2030.0,23.655,50.078,451.987,57.576,450.392,267.091
05018,46112,159,250.934,610.0,46.269,43.722,97.603,5.909,633.533,207.212
05018,461121,53,206.26,343.0,35.277,36.047,77.022,4.165,574.948,170.213
05018,461122,100,40.932,247.0,10.52,7.361,18.901,1.646,56.993,33.571
05018,46113,36,109.618,261.0,21.337,13.323,36.871,3.673,198.369,96.295
05018,46115,12,61.961,41.0,2.478,2.022,2.586,0.241,42.783,59.939
05018,4612,336,133.483,454.0,22.402,8.014,29.489,2.414,321.025,125.469
05018,46121,331,132.831,445.0,22.194,7.756,29.353,2.396,320.348,125.075
05018,461213,54,,,,,,,,
05018,462,177,3587.196,4213.0,657.364,628.137,2080.045,263.786,7794.821,2959.059
05018,4621,163,2806.508,2958.0,483.754,501.35,1777.083,243.281,6208.488,2305.158
05018,46211,163,2806.508,2958.0,483.754,501.35,1777.083,243.281,6208.488,2305.158
05018,464,182,320.831,913.0,87.874,71.445,115.576,10.207,788.631,249.386
05018,4641,182,320.831,913.0,87.874,71.445,115.576,10.207,788.631,249.386
05018,46411,137,250.057,814.0,80.245,64.19,94.643,7.741,700.785,185.867
05018,467,306,563.771,1098.0,78.755,91.468,409.286,33.021,872.254,472.303
05018,4671,306,563.771,1098.0,78.755,91.468,409.286,33.021,872.254,472.303
05018,48-49,74,1305.159,2586.0,397.75,483.409,3102.517,499.023,522.476,821.75
05018,485,20,172.401,585.0,77.767,39.687,476.207,109.636,41.909,132.714
05018,4852,1,,,,,,,,
05035,31-33,2209,183792.083,64475.0,12713.675,125155.461,25934.448,1639.465,131094.732,58636.622
05035,311,606,10473.714,7375.0,1067.594,6847.254,3448.811,309.171,7265.111,3626.46
05035,3114,4,,,,,,,,
05035,3115,55,6901.004,2859.0,589.081,4515.219,1851.749,167.445,4861.332,2385.785
05035,31151,12,6787.15,2702.0,579.054,4439.717,1829.048,164.824,4783.45,2347.433
05035,3116,9,951.039,1068.0,111.241,601.701,799.421,70.489,621.287,349.338
05035,31161,9,951.039,1068.0,111.241,601.701,799.421,70.489,621.287,349.338
05035,311612,3,,,,,,,,
05035,311613,4,18.82,28.0,3.972,12.653,7.825,0.124,12.758,6.167
05035,3118,493,1526.908,2385.0,183.377,939.608,356.055,34.07,962.334,587.3
05035,31181,245,,,,,,,,
05035,311811,1,,,,,,,,
05035,311812,169,669.696,1078.0,90.456,435.532,140.736,14.987,449.776,234.164
05035,31183,247,538.247,981.0,64.963,320.916,186.994,16.858,328.957,217.331
05035,3119,26,433.228,385.0,67.092,329.243,22.294,2.967,343.792,103.985
05035,31192,5,,,,,,,,
05035,312,44,8272.497,1334.0,355.282,4403.35,2210.235,150.449,4824.303,3869.147
05035,3121,44,8272.497,1334.0,355.282,4403.35,2210.235,150.449,4824.303,3869.147
05035,31211,37,4074.284,815.0,208.742,2173.209,808.624,83.042,2206.113,1901.075
05035,325,45,4839.964,1595.0,397.64,3378.29,674.162,64.504,3605.153,1461.674
05035,3254,9,,,,,,,,
05035,327,72,4505.966,1411.0,296.92,3520.623,1590.057,123.886,3556.435,985.343
05035,3273,23,3172.182,543.0,165.962,2615.923,1383.127,102.574,2640.809,556.259
05035,3274,3,,,,,,,,
05035,331,18,94617.668,5539.0,1747.262,71499.685,2171.153,133.186,74043.14,23117.983
05035,3312,4,,,,,,,,
05035,33122,4,,,,,,,,
05035,43,1210,23479.519,17014.0,2332.324,4713.888,7026.316,824.259,48164.733,18765.631
05035,431,163,8205.171,4823.0,665.876,1418.7,1362.526,168.842,15824.176,6786.471
05035,4311,138,5826.491,3592.0,549.499,882.26,1263.909,164.327,11664.727,4944.231
05035,43111,24,2049.029,739.0,92.787,211.571,347.189,19.847,2976.263,1837.458
05035,43112,13,234.49,97.0,11.418,139.007,346.103,81.017,427.006,95.483
05035,431121,9,,,,,,,,
05035,431122,2,,,,,,,,
05035,43113,38,526.341,331.0,34.796,51.246,74.839,9.054,1091.202,475.095
05035,43114,7,82.773,85.0,13.129,11.997,87.838,8.679,465.85,70.776
05035,43116,9,1161.663,818.0,118.732,90.742,72.889,6.747,2580.685,1070.921
05035,43117,4,408.216,532.0,83.325,80.417,20.03,3.354,615.438,327.799
05035,4312,25,2378.68,1231.0,116.377,536.44,98.617,4.515,4159.449,1842.24
05035,43121,23,,,,,,,,
05035,431211,13,1125.878,783.0,57.224,234.062,41.29,1.906,1807.296,891.816
05035,433,48,316.311,432.0,56.98,50.326,249.516,22.13,986.794,265.985
05035,4331,17,195.67,236.0,29.336,22.814,193.929,17.003,780.75,172.856
05035,46,10565,24375.729,46362.0,4576.359,5911.06,10246.139,1005.351,60999.577,18464.669
05035,461,4547,3978.6,12337.0,543.151,794.723,2710.014,279.279,6974.844,3183.877
05035,4611,4092,3771.656,11350.0,494.407,759.129,2655.235,274.224,6635.747,3012.527
05035,46111,2808,1259.585,6129.0,90.86,166.86,610.87,45.548,1818.879,1092.725
05035,46112,218,734.495,1204.0,123.68,240.835,699.151,93.5,1723.201,493.66
05035,461121,177,570.23,1014.0,105.102,154.085,312.196,13.858,1333.856,416.145
05035,461122,19,41.367,77.0,6.399,7.091,3.075,0.406,64.844,34.276
05035,46113,281,752.288,1268.0,99.022,127.295,218.908,17.381,1414.394,624.993
05035,46115,66,252.826,565.0,50.028,48.036,84.272,11.965,353.162,204.79
05035,4612,455,206.944,987.0,48.744,35.594,54.779,5.055,339.097,171.35
05035,46121,447,204.623,972.0,48.212,34.735,54.502,5.016,336.448,169.888
05035,461213,67,29.952,152.0,6.989,6.78,8.856,0.902,34.454,23.172
05035,462,420,,,,,,,,
05035,4621,397,5424.342,7902.0,1317.843,1451.402,2093.515,188.373,17291.624,3972.94
05035,46211,397,5424.342,7902.0,1317.843,1451.402,2093.515,188.373,17291.624,3972.94
05035,464,734,1194.176,3503.0,381.902,283.072,376.831,32.414,2926.541,911.104
05035,4641,734,1194.176,3503.0,381.902,283.072,376.831,32.414,2926.541,911.104
05035,46411,586,1065.727,3055.0,349.49,252.211,314.476,26.139,2778.863,813.516
05035,467,870,1952.769,3936.0,354.576,414.525,764.768,85.005,3302.102,1538.244
05035,4671,870,1952.769,3936.0,354.576,414.525,764.768,85.005,3302.102,1538.244
05035,48-49,182,8260.413,12102.0,1748.181,3728.907,11920.507,1886.513,4330.576,4531.506
05035,485,41,1294.079,2538.0,309.242,616.565,2018.153,421.304,628.35,677.514
05035,4852,12,151.168,275.0,39.599,134.312,92.509,19.637,136.163,16.856
06002,31-33,865,4775.563,6586.0,682.986,2626.182,974.426,95.868,2849.935,2149.381
06002,311,301,678.385,1153.0,71.292,512.755,238.882,15.597,531.42,165.63
06002,3114,6,5.507,22.0,1.388,3.456,5.529,0.48,3.514,2.051
06002,3115,45,31.969,136.0,4.563,19.263,20.24,1.839,19.733,12.706
06002,31151,13,9.178,32.0,1.147,5.428,3.378,0.393,5.461,3.75
06002,3116,1,,,,,,,,
06002,31161,1,,,,,,,,
06002,3118,225,254.088,810.0,47.149,157.915,80.173,8.31,162.002,96.173
06002,31181,99,,,,,,,,
06002,311812,96,,,,,,,,
06002,31183,112,153.788,390.0,24.948,98.198,41.057,4.023,101.351,55.59
06002,3119,13,35.465,62.0,4.069,21.468,6.338,0.883,22.119,13.997
06002,31192,1,,,,,,,,
06002,312,36,1998.324,1441.0,261.869,998.304,339.737,42.619,1189.978,1000.02
06002,3121,36,1998.324,1441.0,261.869,998.304,339.737,42.619,1189.978,1000.02
06002,31211,34,,,,,,,,
06002,325,11,33.452,81.0,6.885,20.46,12.663,1.345,21.294,12.992
06002,3254,1,,,,,,,,
06002,327,26,198.541,125.0,10.577,138.523,27.306,3.76,140.637,60.018
06002,3273,12,176.135,74.0,8.978,122.648,22.072,3.245,124.465,53.487
06002,3274,3,,,,,,,,
06002,331,2,,,,,,,,
06002,3312,1,,,,,,,,
06002,43,373,4592.585,4070.0,594.895,1149.745,1151.85,109.342,12046.545,3442.84
06002,431,74,3333.816,2237.0,374.005,797.586,622.049,59.707,8337.643,2536.23
06002,4311,58,1999.474,1599.0,293.746,377.135,549.522,52.754,5485.881,1622.339
06002,43111,18,810.079,452.0,57.867,134.611,243.287,8.479,3247.218,675.468
06002,43112,7,24.074,74.0,7.926,7.096,42.575,4.678,180.437,16.978
06002,431121,5,,,,,,,,
06002,431122,1,,,,,,,,
06002,43113,10,19.275,28.0,2.022,3.019,5.052,0.798,26.419,16.256
06002,43116,5,217.955,301.0,48.289,47.148,44.887,7.017,403.749,170.807
06002,43117,2,,,,,,,,
06002,4312,16,1334.342,638.0,80.259,420.451,72.527,6.953,2851.762,913.891
06002,43121,13,1181.957,560.0,70.587,311.309,59.912,5.834,2061.203,870.648
06002,431211,6,65.064,62.0,7.921,27.434,29.596,4.529,377.722,37.63
06002,433,13,16.346,44.0,4.681,6.302,4.885,0.66,33.603,10.044
06002,4331,2,,,,,,,,
06002,46,3459,7362.463,15630.0,1460.469,1908.716,2463.911,238.359,19703.309,5453.747
06002,461,1188,941.736,3291.0,150.466,174.224,385.236,39.762,1761.549,767.512
06002,4611,1124,895.912,3140.0,142.707,164.86,372.506,38.213,1694.514,731.052
06002,46111,654,391.53,1634.0,41.944,62.088,175.4,17.315,611.811,329.442
06002,46112,192,230.18,628.0,42.856,47.306,110.834,10.568,551.533,182.874
06002,461121,103,207.936,472.0,39.038,42.375,99.335,8.84,505.28,165.561
06002,461122,66,11.093,100.0,1.82,2.161,2.314,0.385,17.503,8.932
06002,46113,96,76.203,249.0,11.149,17.342,30.013,4.333,183.22,58.861
06002,46115,49,40.504,192.0,13.266,9.049,16.155,1.82,97.341,31.455
06002,4612,64,45.824,151.0,7.759,9.364,12.73,1.549,67.035,36.46
06002,46121,58,,,,,,,,
06002,461213,16,4.866,29.0,0.465,1.148,0.636,0.079,4.235,3.718
06002,462,151,,,,,,,,
06002,4621,138,1260.889,2022.0,259.862,376.646,311.706,31.691,3635.561,884.243
06002,46211,138,1260.889,2022.0,259.862,376.646,311.706,31.691,3635.561,884.243
06002,464,215,455.28,1121.0,119.232,98.999,148.123,13.821,864.141,356.281
06002,4641,215,455.28,1121.0,119.232,98.999,148.123,13.821,864.141,356.281
06002,46411,170,385.887,1004.0,109.459,86.791,101.63,8.182,788.019,299.096
06002,467,256,625.113,1246.0,121.514,133.062,320.735,33.574,1229.246,492.051
06002,4671,256,625.113,1246.0,121.514,133.062,320.735,33.574,1229.246,492.051
06002,48-49,55,1273.596,1090.0,182.603,597.619,792.474,100.631,618.668,675.977
06002,485,13,465.878,280.0,36.956,156.621,189.579,19.089,157.906,309.257
06002,4852,3,,,,,,,,
07089,31-33,1336,7155.371,6141.0,709.486,4044.487,2780.479,192.002,4329.574,3110.884
07089,311,487,3618.446,2765.0,295.346,2023.005,1055.157,66.147,2243.172,1595.441
07089,3114,10,67.463,272.0,22.449,42.03,19.807,1.255,42.249,25.433
07089,3115,25,22.459,70.0,2.192,14.149,8.04,0.607,14.167,8.31
07089,31151,6,8.543,15.0,0.288,5.454,1.559,0.185,5.454,3.089
07089,3116,8,1.744,52.0,7.139,3.491,3.611,0.633,3.52,-1.747
07089,31161,8,1.744,52.0,7.139,3.491,3.611,0.633,3.52,-1.747
07089,311612,3,,,,,,,,
07089,311613,1,,,,,,,,
07089,3118,382,381.931,1048.0,45.026,217.093,124.002,9.432,218.018,164.838
07089,31181,128,98.253,392.0,12.842,53.916,36.176,2.673,54.444,44.337
07089,311812,127,,,,,,,,
07089,31183,254,283.678,656.0,32.184,163.177,87.826,6.759,163.574,120.501
07089,3119,43,723.703,446.0,79.024,601.37,403.985,28.969,629.13,122.333
07089,31192,32,711.939,407.0,76.336,592.535,400.756,28.53,620.289,119.404
07089,312,126,105.504,435.0,20.315,53.648,74.446,6.819,53.685,51.856
07089,3121,126,105.504,435.0,20.315,53.648,74.446,6.819,53.685,51.856
07089,31211,124,,,,,,,,
07089,325,7,47.19,37.0,4.251,23.725,1.822,0.199,31.814,23.465
07089,327,29,45.841,96.0,7.169,35.342,19.261,3.03,36.561,10.499
07089,3273,17,42.662,73.0,6.973,33.532,14.454,2.732,34.751,9.13
07089,3274,2,,,,,,,,
07089,43,415,4638.254,4955.0,623.807,1353.852,3794.099,278.951,16557.631,3284.402
07089,431,99,2654.975,3019.0,419.605,779.214,624.418,61.277,6517.221,1875.761
07089,4311,88,1748.55,2332.0,343.765,379.161,510.375,46.833,4719.465,1369.389
07089,43111,22,643.724,564.0,74.725,43.473,62.545,7.195,2378.155,600.251
07089,43112,10,78.212,53.0,4.571,6.771,27.936,1.891,193.059,71.441
07089,431121,3,,,,,,,,
07089,431122,4,12.411,18.0,1.229,2.075,3.949,0.459,40.657,10.336
07089,43113,20,181.536,895.0,92.924,129.052,122.091,9.297,447.034,52.484
07089,43114,4,,,,,,,,
07089,43116,4,112.881,208.0,42.193,42.174,38.676,5.799,271.916,70.707
07089,43117,2,,,,,,,,
07089,4312,11,906.425,687.0,75.84,400.053,114.043,14.444,1797.756,506.372
07089,43121,11,906.425,687.0,75.84,400.053,114.043,14.444,1797.756,506.372
07089,431211,8,,,,,,,,
07089,433,24,53.087,140.0,15.923,20.064,192.178,19.229,305.067,33.023
07089,4331,9,21.858,50.0,7.547,10.041,188.211,18.589,179.061,11.817
07089,46,8011,8393.792,22608.0,1709.428,2251.295,3217.645,277.637,25869.027,6142.497
07089,461,4372,1000.291,7325.0,132.059,199.322,513.847,37.274,2298.203,800.969
07089,4611,4089,922.31,6773.0,74.36,129.761,470.918,33.837,1625.941,792.549
07089,46111,2955,332.808,4666.0,21.298,55.858,340.126,20.227,542.371,276.95
07089,46112,464,243.372,821.0,19.158,38.751,57.708,5.402,418.762,204.621
07089,461121,160,165.298,344.0,13.789,29.429,24.759,2.865,258.625,135.869
07089,461122,171,48.069,251.0,2.79,4.419,9.647,0.675,95.789,43.65
07089,46113,275,217.143,600.0,16.879,11.114,31.419,4.447,474.274,206.029
07089,46115,102,34.256,198.0,6.709,6.505,16.998,1.695,70.112,27.751
07089,4612,283,77.981,552.0,57.699,69.561,42.929,3.438,672.262,8.42
07089,46121,282,,,,,,,,
07089,461213,105,12.013,151.0,2.377,4.152,6.403,0.413,20.716,7.861
07089,462,124,3031.651,4001.0,629.923,846.135,1057.709,85.717,10974.364,2185.516
07089,4621,113,2026.524,2627.0,448.312,720.254,907.793,76.015,9218.234,1306.27
07089,46211,113,2026.524,2627.0,448.312,720.254,907.793,76.015,9218.234,1306.27
07089,464,336,587.932,1524.0,176.355,106.412,83.312,7.081,1160.726,481.52
07089,4641,336,587.932,1524.0,176.355,106.412,83.312,7.081,1160.726,481.52
07089,46411,251,500.105,1306.0,161.668,86.62,62.79,5.052,1080.194,413.485
07089,467,332,676.943,1571.0,141.56,167.082,358.116,29.781,1682.892,509.861
07089,4671,332,676.943,1571.0,141.56,167.082,358.116,29.781,1682.892,509.861
07089,48-49,119,1021.374,1634.0,222.814,507.05,989.688,96.115,530.804,514.324
07089,485,33,314.84,829.0,113.698,185.303,368.646,38.951,190.264,129.537
07089,4852,17,179.836,475.0,67.55,118.517,205.421,20.354,121.692,61.319
08019,31-33,2952,171326.553,124212.0,22618.644,89164.355,53862.55,4011.041,94311.397,82162.198
08019,311,840,15939.158,8100.0,1591.251,8542.536,3242.436,208.059,8931.842,7396.622
08019,3114,15,69.562,120.0,9.589,47.405,21.281,2.454,48.202,22.157
08019,3115,113,1335.748,1175.0,211.773,909.085,262.981,18.514,971.79,426.663
08019,31151,17,1169.939,768.0,184.471,803.448,165.752,9.828,864.54,366.491
08019,3116,30,8523.451,3214.0,885.66,4718.361,1362.641,53.861,4838.773,3805.09
08019,31161,30,8523.451,3214.0,885.66,4718.361,1362.641,53.861,4838.773,3805.09
08019,311612,4,,,,,,,,
08019,311613,22,5668.808,2212.0,639.436,2870.6,533.264,39.167,2900.822,2798.208
08019,3118,623,4137.445,2657.0,284.59,1729.138,882.16,81.237,1760.483,2408.307
08019,31181,368,3740.638,1831.0,240.286,1491.926,717.479,67.224,1518.582,2248.712
08019,311811,1,,,,,,,,
08019,311812,207,369.74,843.0,60.495,222.273,122.936,11.899,226.455,147.467
08019,31183,247,393.984,812.0,43.14,234.951,163.887,13.945,239.64,159.033
08019,3119,39,133.959,202.0,20.944,75.758,43.58,5.91,92.143,58.201
08019,31192,3,,,,,,,,
08019,312,31,4172.364,2012.0,619.603,2361.777,1302.054,95.543,2456.524,1810.587
08019,3121,31,4172.364,2012.0,619.603,2361.777,1302.054,95.543,2456.524,1810.587
08019,31211,27,,,,,,,,
08019,325,50,3605.041,1513.0,224.098,2217.203,1010.582,70.546,2422.854,1387.838
08019,3254,8,,,,,,,,
08019,327,274,12236.335,4840.0,416.155,7879.346,5284.426,393.361,9685.412,4356.989
08019,3273,57,3889.944,1195.0,351.716,2074.944,2633.973,280.413,2229.397,1815.0
08019,3274,8,,,,,,,,
08019,331,22,1123.47,1265.0,164.755,523.47,612.551,62.343,560.717,600.0
08019,3312,9,,,,,,,,
08019,33122,5,,,,,,,,
08019,43,1579,28007.165,21787.0,3545.788,7254.228,12782.031,1073.962,63031.879,20752.937
08019,431,275,8273.89,7244.0,1113.534,1834.027,1897.636,213.43,15861.939,6439.863
08019,4311,261,6460.414,6029.0,985.727,1482.347,1688.245,202.917,12502.724,4978.067
08019,43111,72,1104.437,1491.0,201.848,240.617,365.556,58.442,3651.52,863.82
08019,43112,38,771.152,678.0,85.009,208.428,238.597,20.481,2280.943,562.724
08019,431121,27,188.52,351.0,46.054,59.268,133.559,13.703,436.057,129.252
08019,431122,4,,,,,,,,
08019,43113,57,1409.727,749.0,173.033,216.978,450.624,45.178,1833.204,1192.749
08019,43114,8,41.416,49.0,6.808,10.692,12.074,2.545,146.068,30.724
08019,43116,20,1530.94,765.0,124.544,373.301,146.496,14.18,2359.792,1157.639
08019,43117,6,367.886,804.0,80.535,105.789,97.976,10.87,465.552,262.097
08019,4312,14,1813.476,1215.0,127.807,351.68,209.391,10.513,3359.215,1461.796
08019,43121,12,,,,,,,,
08019,431211,6,1253.772,993.0,97.011,222.818,31.231,4.343,1826.532,1030.954
08019,433,81,1009.282,882.0,136.166,272.489,139.938,13.519,3076.892,736.793
08019,4331,33,829.675,546.0,94.258,217.179,68.904,8.143,2532.456,612.496
08019,46,12367,33806.942,58374.0,6302.596,7518.363,12258.012,1098.707,81634.507,26288.579
08019,461,4599,3544.703,10938.0,416.991,719.14,2101.243,169.81,6242.106,2825.563
08019,4611,3679,3047.127,9377.0,339.886,626.526,1914.995,153.876,5182.941,2420.601
08019,46111,2663,1232.565,5574.0,71.777,209.282,924.768,65.089,1889.344,1023.283
08019,46112,238,916.327,1409.0,138.677,229.834,333.373,30.123,1820.611,686.493
08019,461121,177,858.953,1199.0,125.039,215.952,280.894,24.724,1704.618,643.001
08019,461122,30,38.092,119.0,10.046,7.37,30.606,3.528,80.384,30.722
08019,46113,88,143.103,364.0,19.157,14.314,58.297,7.289,296.932,128.789
08019,46115,100,124.983,288.0,14.083,25.365,87.198,11.509,300.679,99.618
08019,4612,920,497.576,1561.0,77.105,92.614,186.248,15.934,1059.165,404.962
08019,46121,895,491.761,1517.0,75.753,89.807,184.876,15.774,1051.756,401.954
08019,461213,44,9.909,70.0,2.029,2.792,7.494,0.549,14.238,7.117
08019,462,543,,,,,,,,
08019,4621,519,8601.232,13184.0,2243.814,1803.656,2042.257,267.793,26986.108,6797.576
08019,46211,519,8601.232,13184.0,2243.814,1803.656,2042.257,267.793,26986.108,6797.576
08019,464,772,1706.563,4296.0,488.028,420.472,405.149,33.366,3827.732,1286.091
08019,4641,772,1706.563,4296.0,488.028,420.472,405.149,33.366,3827.732,1286.091
08019,46411,577,1513.486,3778.0,450.26,375.735,326.337,25.191,3573.221,1137.751
08019,467,1101,3768.208,6146.0,711.353,695.181,1883.031,171.077,5951.169,3073.027
08019,4671,1101,3768.208,6146.0,711.353,695.181,1883.031,171.077,5951.169,3073.027
08019,48-49,226,12328.701,12488.0,2013.49,3880.884,13038.562,1601.46,4374.133,8447.817
08019,481,5,,,,,,,,
08019,485,30,692.676,1200.0,170.123,299.556,611.73,99.45,330.196,393.12
08019,4852,5,,,,,,,,
08036,31-33,144,868.66,2368.0,286.367,290.981,278.918,20.967,314.774,577.679
08036,311,62,74.986,198.0,8.144,47.369,25.096,1.986,47.663,27.617
08036,3115,11,14.593,26.0,0.651,10.957,2.276,0.202,11.011,3.636
08036,31151,6,12.526,13.0,0.531,9.18,1.815,0.153,9.234,3.346
08036,3116,3,,,,,,,,
08036,31161,3,,,,,,,,
08036,311613,2,,,,,,,,
08036,3118,45,47.127,147.0,5.789,27.756,19.221,1.384,27.996,19.371
08036,31181,31,26.459,93.0,3.076,15.185,9.373,0.662,15.425,11.274
08036,311812,22,18.184,64.0,2.308,10.869,8.498,0.593,11.109,7.315
08036,31183,14,20.668,54.0,2.713,12.571,9.848,0.722,12.571,8.097
08036,3119,1,,,,,,,,
08036,312,3,,,,,,,,
08036,3121,3,,,,,,,,
08036,31211,3,,,,,,,,
08036,325,3,216.828,94.0,24.174,88.455,32.775,5.358,92.105,128.373
08036,327,15,11.292,33.0,0.823,5.432,4.208,0.288,5.432,5.86
08036,3273,11,,,,,,,,
08036,43,69,298.007,318.0,27.396,18.221,135.076,8.297,455.219,279.786
08036,431,6,,,,,,,,
08036,4311,4,,,,,,,,
08036,43114,1,,,,,,,,
08036,4312,2,,,,,,,,
08036,43121,2,,,,,,,,
08036,431211,1,,,,,,,,
08036,433,1,,,,,,,,
08036,46,772,839.066,2404.0,195.921,172.403,408.143,30.553,2684.669,666.663
08036,461,367,153.781,796.0,26.791,29.73,122.559,8.853,275.918,124.051
08036,4611,314,131.158,717.0,23.784,24.642,112.914,8.023,224.769,106.516
08036,46111,196,42.024,360.0,3.082,4.404,35.987,2.168,70.517,37.62
08036,46112,42,41.358,95.0,3.047,12.003,24.957,1.422,91.42,29.355
08036,461121,30,35.854,75.0,2.605,11.282,19.019,1.072,83.151,24.572
08036,461122,6,2.639,11.0,0.442,0.547,2.608,0.175,6.643,2.092
08036,46113,12,6.906,34.0,1.253,1.055,7.124,0.739,8.458,5.851
08036,46115,2,,,,,,,,
08036,4612,53,22.623,79.0,3.007,5.088,9.645,0.83,51.149,17.535
08036,46121,53,22.623,79.0,3.007,5.088,9.645,0.83,51.149,17.535
08036,461213,6,3.468,13.0,0.451,1.085,1.565,0.218,4.323,2.383
08036,462,19,318.28,497.0,81.561,61.895,63.377,6.243,793.819,256.385
08036,4621,17,,,,,,,,
08036,46211,17,,,,,,,,
08036,464,19,29.943,103.0,14.435,3.984,7.108,0.514,54.919,25.959
08036,4641,19,29.943,103.0,14.435,3.984,7.108,0.514,54.919,25.959
08036,46411,16,29.494,98.0,14.435,3.741,6.619,0.439,54.075,25.753
08036,467,34,38.54,114.0,9.144,4.58,28.901,2.218,89.682,33.96
08036,4671,34,38.54,114.0,9.144,4.58,28.901,2.218,89.682,33.96
08036,48-49,6,14.384,22.0,1.522,6.635,13.077,2.126,6.655,7.749
08036,485,2,,,,,,,,
08036,4852,1,,,,,,,,
08037,31-33,2631,230889.474,364180.0,78299.758,68241.223,63113.59,3975.328,75661.04,162648.251
08037,311,651,5973.946,7453.0,1332.484,2447.277,1725.215,98.401,2593.912,3526.669
08037,3114,3,,,,,,,,
08037,3115,67,768.728,680.0,72.808,400.843,97.328,6.031,448.303,367.885
08037,31151,7,507.028,409.0,29.841,276.393,49.208,2.096,286.939,230.635
08037,3116,14,890.316,490.0,72.37,641.283,130.517,11.591,673.856,249.033
08037,31161,14,890.316,490.0,72.37,641.283,130.517,11.591,673.856,249.033
08037,311612,3,561.539,119.0,18.111,447.465,73.283,7.032,454.072,114.074
08037,311613,6,220.249,223.0,35.617,165.592,19.816,1.924,190.583,54.657
08037,3118,518,974.321,2008.0,151.483,567.355,235.374,20.592,570.54,406.966
08037,31181,262,505.954,1102.0,88.827,291.819,92.679,8.993,293.096,214.135
08037,311811,1,,,,,,,,
08037,311812,213,425.525,888.0,72.934,243.102,68.818,5.74,244.254,182.423
08037,31183,253,,,,,,,,
08037,3119,40,702.899,715.0,202.309,244.533,231.491,24.32,279.234,458.366
08037,31192,1,,,,,,,,
08037,312,40,5743.454,2284.0,759.825,3603.503,1266.692,77.338,3972.906,2139.951
08037,3121,40,5743.454,2284.0,759.825,3603.503,1266.692,77.338,3972.906,2139.951
08037,31211,39,,,,,,,,
08037,325,22,2394.914,2265.0,764.663,1252.284,1520.251,79.516,1705.941,1142.63
08037,3254,1,,,,,,,,
08037,327,154,5426.972,1765.0,393.521,2668.935,1844.738,128.094,2774.379,2758.037
08037,3273,55,4968.046,1076.0,319.706,2472.681,1656.989,115.528,2551.87,2495.365
08037,3274,5,,,,,,,,
08037,331,13,2393.437,2436.0,460.617,1436.475,455.191,25.835,1767.908,956.962
08037,3312,5,,,,,,,,
08037,33122,4,,,,,,,,
08037,43,1190,17413.525,16900.0,2556.511,3886.683,9274.93,655.371,46406.607,13526.842
08037,431,175,6989.701,5225.0,773.654,1914.667,1392.883,159.202,18448.976,5075.034
08037,4311,162,5002.794,3577.0,634.527,1459.912,1249.007,153.033,13205.383,3542.882
08037,43111,53,601.884,596.0,80.264,106.382,88.54,11.049,2388.378,495.502
08037,43112,21,682.668,447.0,76.658,265.86,362.8,62.063,1273.368,416.808
08037,431121,15,640.593,374.0,67.918,256.582,358.98,61.497,1193.076,384.011
08037,431122,2,,,,,,,,
08037,43113,33,1603.573,577.0,81.357,661.509,235.038,11.849,3632.19,942.064
08037,43114,4,,,,,,,,
08037,43116,12,467.646,494.0,68.145,82.619,43.641,7.007,1020.454,385.027
08037,43117,3,,,,,,,,
08037,4312,13,1986.907,1648.0,139.127,454.755,143.876,6.169,5243.593,1532.152
08037,43121,10,,,,,,,,
08037,431211,8,,,,,,,,
08037,433,48,199.229,408.0,49.215,38.442,53.058,4.942,459.951,160.787
08037,4331,12,44.875,140.0,18.642,14.25,12.278,1.32,214.978,30.625
08037,46,17273,38522.851,72209.0,7877.979,9979.919,11560.169,890.74,96570.48,28542.932
08037,461,7182,5139.955,16052.0,577.982,976.599,2034.859,154.187,8465.392,4163.356
08037,4611,6557,4827.163,14999.0,526.255,933.35,1939.801,145.674,7759.551,3893.813
08037,46111,5124,2110.312,10071.0,171.434,285.295,1072.639,80.345,2755.104,1825.017
08037,46112,226,1442.331,1272.0,144.26,332.75,198.064,19.498,3094.386,1109.581
08037,461121,183,1173.285,1011.0,111.119,288.392,152.54,13.929,2360.247,884.893
08037,461122,19,22.186,58.0,4.219,3.138,13.802,1.569,24.155,19.048
08037,46113,139,284.569,509.0,34.518,48.029,97.554,8.503,341.613,236.54
08037,46115,122,362.683,521.0,24.249,126.68,362.064,21.138,750.947,236.003
08037,4612,625,312.792,1053.0,51.727,43.249,95.058,8.513,705.841,269.543
08037,46121,608,307.985,1024.0,50.353,41.261,93.607,8.361,699.994,266.724
08037,461213,84,19.14,141.0,4.23,5.33,11.634,0.857,20.577,13.81
08037,462,898,15727.794,23189.0,4094.288,4823.254,4283.234,316.297,48250.669,10904.54
08037,4621,853,13456.854,20192.0,3581.56,4407.683,3719.819,287.835,44505.977,9049.171
08037,46211,853,13456.854,20192.0,3581.56,4407.683,3719.819,287.835,44505.977,9049.171
08037,464,1039,1960.013,4775.0,525.579,414.52,481.327,34.134,3382.894,1545.493
08037,4641,1039,1960.013,4775.0,525.579,414.52,481.327,34.134,3382.894,1545.493
08037,46411,769,1794.593,4110.0,479.118,361.086,417.847,28.353,3207.039,1433.507
08037,467,899,2114.929,4092.0,431.762,366.147,1007.702,98.23,4135.754,1748.782
08037,4671,899,2114.929,4092.0,431.762,366.147,1007.702,98.23,4135.754,1748.782
08037,48-49,392,16030.877,25159.0,3609.11,6140.337,9842.158,1589.073,6890.991,9890.54
08037,485,71,1478.755,2871.0,416.869,719.112,970.101,142.216,798.685,759.643
08037,4852,19,449.775,733.0,114.381,304.688,149.634,19.921,353.088,145.087
09015,31-33,3891,34805.815,27533.0,3900.224,19872.659,8498.975,601.842,22265.217,14933.156
09015,311,612,8949.818,5890.0,949.991,4442.246,1315.153,104.803,5299.5,4507.572
09015,3114,5,,,,,,,,
09015,3115,68,105.141,220.0,17.656,63.767,34.977,2.825,64.501,41.374
09015,31151,4,4.744,42.0,8.64,6.295,19.119,1.451,6.295,-1.551
09015,3116,2,,,,,,,,
09015,31161,2,,,,,,,,
09015,311613,2,,,,,,,,
09015,3118,492,7057.313,4139.0,590.264,3165.797,892.811,73.92,3272.199,3891.516
09015,31181,191,6430.126,2950.0,515.007,2779.55,808.653,66.818,2821.166,3650.576
09015,311811,2,,,,,,,,
09015,311812,180,1721.715,2455.0,365.278,1038.014,301.412,19.496,1071.91,683.701
09015,31183,297,422.844,954.0,55.858,245.904,64.74,5.554,247.753,176.94
09015,3119,22,288.805,342.0,73.142,173.03,59.462,5.836,775.963,115.775
09015,31192,5,,,,,,,,
09015,312,96,3255.104,503.0,65.104,1716.118,94.341,7.876,1720.288,1538.986
09015,3121,96,3255.104,503.0,65.104,1716.118,94.341,7.876,1720.288,1538.986
09015,31211,91,3234.042,413.0,57.803,1701.509,64.615,5.489,1704.968,1532.533
09015,325,56,6511.941,1754.0,262.464,3765.727,903.604,64.652,4783.827,2746.214
09015,3254,14,938.857,917.0,162.356,604.089,65.1,4.522,673.041,334.768
09015,327,32,297.229,223.0,41.3,139.18,132.976,8.709,149.771,158.049
09015,3273,3,,,,,,,,
09015,331,13,82.673,93.0,10.41,111.028,53.527,2.381,114.758,-28.355
09015,3312,4,,,,,,,,
09015,33122,2,,,,,,,,
09015,43,2614,39610.911,29644.0,4325.823,9975.864,22369.485,2101.852,72320.85,29635.047
09015,431,119,7802.679,2824.0,385.456,1453.906,1046.522,108.534,10110.444,6348.773
09015,4311,90,5940.859,1465.0,256.603,922.466,474.839,50.793,6728.141,5018.393
09015,43111,32,3881.605,533.0,79.561,375.232,106.723,10.758,1908.428,3506.373
09015,43112,15,220.671,144.0,16.678,23.392,15.381,0.635,595.975,197.279
09015,431121,1,,,,,,,,
09015,431122,13,,,,,,,,
09015,43113,2,,,,,,,,
09015,43114,1,,,,,,,,
09015,43116,8,587.9,88.0,20.207,91.888,17.91,1.634,1638.338,496.012
09015,4312,29,1861.82,1359.0,128.853,531.44,571.683,57.741,3382.303,1330.38
09015,43121,27,,,,,,,,
09015,431211,19,1068.815,915.0,84.051,430.966,306.359,18.957,2006.097,637.849
09015,433,474,6543.268,4790.0,493.479,2033.687,559.516,63.047,14184.643,4509.581
09015,4331,35,1049.936,1033.0,117.848,126.926,55.736,7.788,2762.223,923.01
09015,46,33377,49782.831,122137.0,10136.488,16063.195,12755.688,1221.158,98772.84,33719.636
09015,461,4967,3285.003,11629.0,438.249,628.73,732.131,60.038,5124.368,2656.273
09015,4611,4640,2949.657,10630.0,376.879,513.433,679.461,54.375,4427.653,2436.224
09015,46111,1932,1012.979,4019.0,75.124,188.345,273.402,19.627,1371.745,824.634
09015,46112,758,700.607,1891.0,93.995,90.03,142.567,12.986,1247.894,610.577
09015,461121,359,412.084,891.0,45.62,35.816,72.836,6.962,713.456,376.268
09015,461122,353,253.101,882.0,42.53,50.992,61.763,5.343,495.875,202.109
09015,46113,749,289.825,1425.0,35.692,27.286,49.628,4.345,380.214,262.539
09015,46115,278,233.357,732.0,32.143,24.25,45.928,3.645,346.47,209.107
09015,4612,327,335.346,999.0,61.37,115.297,52.67,5.663,696.715,220.049
09015,46121,262,309.605,828.0,54.359,104.352,49.048,5.259,666.34,205.253
09015,461213,136,64.999,292.0,11.563,18.786,9.633,0.783,94.302,46.213
09015,462,502,7145.106,11417.0,1826.576,1903.51,3331.439,233.567,18735.804,5241.596
09015,4621,465,4695.033,6524.0,1065.271,1485.591,2503.807,196.617,13283.189,3209.442
09015,46211,465,4695.033,6524.0,1065.271,1485.591,2503.807,196.617,13283.189,3209.442
09015,464,1909,4553.184,10376.0,1192.514,1266.048,1073.992,105.876,7745.282,3287.136
09015,4641,1909,4553.184,10376.0,1192.514,1266.048,1073.992,105.876,7745.282,3287.136
09015,46411,710,2928.73,5126.0,636.908,801.524,276.351,26.679,5113.561,2127.206
09015,467,1441,1880.864,6039.0,485.145,534.729,376.633,39.664,4831.386,1346.135
09015,4671,1441,1880.864,6039.0,485.145,534.729,376.633,39.664,4831.386,1346.135
09015,48-49,228,88918.874,67704.0,23582.552,33384.124,69391.771,4739.401,34545.949,55534.75
09015,481,17,62870.615,23765.0,12456.211,25458.865,4811.854,874.096,26140.052,37411.75
09015,485,17,,,,,,,,
09015,4852,2,,,,,,,,
10005,31-33,2589,26502.776,42501.0,6056.467,13088.683,12456.401,829.77,13731.891,13414.093
10005,311,712,2774.469,3915.0,373.736,1628.097,788.777,52.148,1668.907,1146.372
10005,3114,9,4.184,31.0,1.038,2.759,1.933,0.214,2.759,1.425
10005,3115,65,88.34,225.0,10.526,55.98,45.861,4.572,57.378,32.36
10005,31151,10,38.848,59.0,5.141,25.818,14.977,1.817,26.385,13.03
10005,3116,13,65.475,91.0,5.621,44.067,20.493,2.211,44.177,21.408
10005,31161,13,65.475,91.0,5.621,44.067,20.493,2.211,44.177,21.408
10005,311613,10,,,,,,,,
10005,3118,569,1096.178,2520.0,184.254,620.447,381.111,32.914,650.406,475.731
10005,31181,311,659.54,1584.0,130.363,352.576,194.881,17.586,375.968,306.964
10005,311811,1,,,,,,,,
10005,311812,213,417.72,1091.0,92.688,246.366,150.377,13.966,262.223,171.354
10005,31183,255,436.173,929.0,53.267,267.077,185.693,15.261,273.644,169.096
10005,3119,34,1452.432,955.0,162.321,849.19,306.13,7.461,858.297,603.242
10005,312,203,2856.519,1899.0,446.098,1617.533,669.621,109.556,1660.498,1238.986
10005,3121,203,2856.519,1899.0,446.098,1617.533,669.621,109.556,1660.498,1238.986
10005,31211,199,,,,,,,,
10005,325,10,197.361,120.0,15.864,82.605,31.997,2.898,102.001,114.756
10005,3254,1,,,,,,,,
10005,327,296,451.343,1152.0,70.068,293.973,137.71,8.714,301.21,157.37
10005,3273,10,,,,,,,,
10005,3274,11,1.36,19.0,0.124,0.823,0.652,0.06,0.824,0.537
10005,331,5,,,,,,,,
10005,3312,2,,,,,,,,
10005,33122,2,,,,,,,,
10005,43,817,10831.458,7838.0,1088.463,3009.454,3600.165,386.621,25585.468,7822.004
10005,431,170,4023.65,3416.0,537.218,870.193,962.368,128.371,10881.449,3153.457
10005,4311,151,3378.164,2906.0,478.723,676.139,852.756,118.772,8191.409,2702.025
10005,43111,27,430.673,544.0,75.037,80.59,64.994,9.917,1533.227,350.083
10005,43112,22,415.381,298.0,45.681,98.456,228.784,37.305,1104.349,316.925
10005,431121,19,,,,,,,,
10005,431122,2,,,,,,,,
10005,43113,43,143.691,267.0,26.499,33.435,98.504,11.251,322.107,110.256
10005,43114,5,21.751,34.0,4.258,4.044,10.057,1.95,76.677,17.707
10005,43116,8,,,,,,,,
10005,43117,3,,,,,,,,
10005,4312,19,645.486,510.0,58.495,194.054,109.612,9.598,2690.04,451.432
10005,43121,15,462.497,270.0,34.271,73.207,93.581,8.384,1703.387,389.29
10005,431211,9,192.565,131.0,14.321,49.89,13.456,1.989,294.882,142.675
10005,433,32,173.476,199.0,21.196,21.064,25.338,3.567,448.769,152.412
10005,4331,10,102.026,81.0,11.889,14.144,17.168,2.088,343.343,87.882
10005,46,11416,18485.118,38985.0,3180.777,3866.055,6961.842,601.576,44127.7,14619.063
10005,461,5124,3404.749,11755.0,385.138,559.254,1602.236,135.471,6142.906,2845.495
10005,4611,4758,3229.824,11024.0,348.078,534.199,1544.067,130.428,5738.669,2695.625
10005,46111,2769,1039.084,5562.0,67.588,141.755,649.674,48.031,1833.846,897.329
10005,46112,427,794.607,1451.0,93.741,163.114,331.922,29.175,1454.109,631.493
10005,461121,338,690.306,1199.0,81.499,133.956,296.697,25.05,1314.207,556.35
10005,461122,48,67.002,116.0,4.976,21.763,14.433,1.589,74.769,45.239
10005,46113,323,414.07,1053.0,55.306,59.333,188.733,16.222,883.428,354.737
10005,46115,84,311.761,453.0,30.747,74.049,97.887,9.659,502.276,237.712
10005,4612,366,174.925,731.0,37.06,25.055,58.169,5.044,404.237,149.87
10005,46121,361,,,,,,,,
10005,461213,35,11.983,64.0,2.222,1.404,6.784,0.576,16.995,10.579
10005,462,292,,,,,,,,
10005,4621,271,5228.441,5478.0,928.504,1095.652,1276.959,128.805,13000.577,4132.789
10005,46211,271,5228.441,5478.0,928.504,1095.652,1276.959,128.805,13000.577,4132.789
10005,464,577,994.57,2803.0,296.443,201.373,228.814,19.176,2096.845,793.197
10005,4641,577,994.57,2803.0,296.443,201.373,228.814,19.176,2096.845,793.197
10005,46411,479,932.609,2522.0,278.134,182.667,186.773,15.377,2018.137,749.942
10005,467,779,1248.414,3129.0,261.006,227.936,724.785,83.41,2757.971,1020.478
10005,4671,779,1248.414,3129.0,261.006,227.936,724.785,83.41,2757.971,1020.478
10005,48-49,139,3476.54,4277.0,655.162,1826.532,2710.606,430.684,2036.717,1650.008
10005,481,3,,,,,,,,
10005,485,29,572.186,798.0,101.708,291.445,300.651,45.953,308.916,280.741
10005,4852,9,32.2,77.0,10.64,23.08,20.311,0.917,23.493,9.12
11011,31-33,488,8315.869,6701.0,942.302,5103.536,2473.765,176.664,5494.412,3212.333
11011,311,249,2876.303,1449.0,131.621,2053.749,667.049,53.273,2161.589,822.554
11011,3114,4,393.531,203.0,36.24,264.397,68.092,3.659,264.782,129.134
11011,3115,14,670.973,340.0,18.416,549.912,83.1,6.705,573.024,121.061
11011,31151,4,666.695,314.0,17.955,546.658,79.058,6.415,569.763,120.037
11011,3116,2,,,,,,,,
11011,31161,2,,,,,,,,
11011,311613,1,,,,,,,,
11011,3118,212,113.499,484.0,12.643,66.404,45.993,3.865,67.141,47.095
11011,31181,62,52.174,208.0,7.287,31.883,24.826,2.293,31.951,20.291
11011,311812,59,49.205,198.0,6.779,29.957,23.893,2.153,30.025,19.248
11011,31183,150,61.325,276.0,5.356,34.521,21.167,1.572,35.19,26.804
11011,3119,5,2.92,13.0,0.327,1.963,0.19,0.03,1.974,0.957
11011,312,16,14.445,66.0,2.86,7.92,10.254,1.014,7.936,6.525
11011,3121,16,14.445,66.0,2.86,7.92,10.254,1.014,7.936,6.525
11011,31211,16,14.445,66.0,2.86,7.92,10.254,1.014,7.936,6.525
11011,325,2,,,,,,,,
11011,327,4,7.076,16.0,0.672,2.504,2.43,0.283,2.506,4.572
11011,3273,3,,,,,,,,
11011,43,95,1524.823,1216.0,192.204,165.237,362.015,29.906,3220.316,1359.586
11011,431,16,1385.404,848.0,156.736,124.772,283.01,21.808,2397.257,1260.632
11011,4311,13,543.178,796.0,151.087,105.34,228.132,19.283,1148.713,437.838
11011,43111,3,,,,,,,,
11011,43116,1,,,,,,,,
11011,4312,3,842.226,52.0,5.649,19.432,54.878,2.525,1248.544,822.794
11011,43121,3,842.226,52.0,5.649,19.432,54.878,2.525,1248.544,822.794
11011,431211,2,,,,,,,,
11011,433,3,,,,,,,,
11011,46,2355,1727.068,5343.0,245.654,242.824,746.004,59.121,4744.799,1484.244
11011,461,1040,363.653,1989.0,29.605,44.113,274.285,19.863,589.019,319.54
11011,4611,974,344.714,1879.0,27.414,39.849,259.342,18.983,557.637,304.865
11011,46111,594,109.612,1021.0,2.851,16.346,132.074,8.433,184.666,93.266
11011,46112,141,109.572,312.0,9.643,9.107,40.048,3.295,149.51,100.465
11011,461121,81,88.828,210.0,7.397,6.837,30.15,2.547,120.006,81.991
11011,461122,50,15.379,85.0,1.774,1.762,8.095,0.606,25.555,13.617
11011,46113,103,49.562,223.0,5.039,6.016,21.078,2.144,75.75,43.546
11011,46115,21,27.779,89.0,3.456,2.596,26.162,2.415,32.72,25.183
11011,4612,66,18.939,110.0,2.191,4.264,14.943,0.881,31.382,14.675
11011,46121,66,18.939,110.0,2.191,4.264,14.943,0.881,31.382,14.675
11011,461213,23,3.463,29.0,0.485,0.927,5.56,0.299,4.563,2.536
11011,462,26,,,,,,,,
11011,4621,24,,,,,,,,
11011,46211,24,,,,,,,,
11011,464,86,111.756,310.0,26.181,16.195,21.15,1.641,273.494,95.561
11011,4641,86,111.756,310.0,26.181,16.195,21.15,1.641,273.494,95.561
11011,46411,76,108.365,292.0,25.411,15.204,19.349,1.465,269.989,93.161
11011,467,138,64.229,289.0,10.218,7.14,50.137,4.222,87.495,57.089
11011,4671,138,64.229,289.0,10.218,7.14,50.137,4.222,87.495,57.089
11011,48-49,14,53.486,115.0,17.902,26.447,59.11,8.185,27.676,27.039
11011,485,3,,,,,,,,
11020,31-33,12015,164884.332,167948.0,23198.887,102399.257,50526.518,3842.076,108301.229,62485.075
11020,311,2037,8188.138,10334.0,957.699,5672.537,2331.811,199.418,7373.362,2515.601
11020,3114,11,,,,,,,,
11020,3115,217,1624.961,1468.0,186.898,956.942,107.642,8.493,972.212,668.019
11020,31151,18,1479.763,912.0,163.475,861.677,42.651,2.778,876.464,618.086
11020,3116,27,1275.312,798.0,133.513,1035.554,356.827,20.78,2468.001,239.758
11020,31161,27,1275.312,798.0,133.513,1035.554,356.827,20.78,2468.001,239.758
11020,311612,1,,,,,,,,
11020,311613,18,1091.422,403.0,84.42,966.199,297.222,14.741,2396.43,125.223
11020,3118,1577,2529.981,5914.0,391.629,1533.302,1197.099,110.001,1555.6,996.679
11020,31181,715,1232.956,3121.0,215.667,735.49,699.071,67.338,750.35,497.466
11020,311812,665,1140.071,2846.0,195.438,679.479,661.794,63.4,692.465,460.592
11020,31183,843,1278.355,2717.0,172.16,787.146,493.793,42.14,794.553,491.209
11020,3119,140,1621.107,1046.0,109.498,1382.996,294.768,29.321,1549.308,238.111
11020,31192,3,,,,,,,,
11020,312,178,7822.49,2026.0,330.174,4449.032,1066.093,85.517,4518.108,3373.458
11020,3121,178,7822.49,2026.0,330.174,4449.032,1066.093,85.517,4518.108,3373.458
11020,31211,172,7796.115,2002.0,327.158,4431.676,1053.163,84.713,4500.489,3364.439
11020,325,285,6126.403,3732.0,529.864,3541.031,1646.509,157.288,3739.365,2585.372
11020,3254,21,143.68,420.0,59.742,132.927,57.121,5.069,134.75,10.753
11020,327,309,3134.923,3070.0,443.746,1946.916,1088.199,105.122,2040.575,1188.007
11020,3273,59,2149.865,1380.0,256.739,1411.745,630.301,73.434,1478.491,738.12
11020,3274,14,3.368,36.0,0.8,2.012,1.181,0.128,2.013,1.356
11020,331,25,485.706,444.0,65.087,359.932,120.981,14.216,380.941,125.774
11020,3312,11,241.564,262.0,39.414,158.208,81.974,11.167,161.476,83.356
11020,33122,9,,,,,,,,
11020,43,4431,36807.211,38902.0,4974.681,8940.965,18408.53,2344.582,87429.602,27866.246
11020,431,514,9498.834,9345.0,1329.052,1951.314,4201.458,713.756,18930.07,7547.52
11020,4311,467,6812.453,7606.0,1154.529,1247.463,1743.105,188.63,14426.916,5564.99
11020,43111,101,1432.255,2196.0,263.766,216.519,584.382,47.283,5297.462,1215.736
11020,43112,51,430.284,461.0,50.823,50.211,161.219,13.347,1078.071,380.073
11020,431121,28,254.197,184.0,21.408,24.252,60.08,5.298,594.808,229.945
11020,431122,10,121.647,169.0,17.179,13.113,53.619,3.276,425.011,108.534
11020,43113,172,863.597,1004.0,88.344,159.044,345.554,30.43,2186.049,704.553
11020,43114,7,27.446,51.0,4.264,5.632,8.564,0.983,69.268,21.814
11020,43116,22,1540.53,1202.0,225.951,318.81,140.821,25.591,2078.835,1221.72
11020,43117,9,760.259,623.0,131.543,157.004,92.483,10.23,1140.696,603.255
11020,4312,47,2686.381,1739.0,174.523,703.851,2458.353,525.127,4503.154,1982.53
11020,43121,43,2541.239,1655.0,162.196,598.161,2444.466,523.86,3812.545,1943.078
11020,431211,23,1373.588,1240.0,124.364,467.154,220.082,18.456,1796.597,906.434
11020,433,155,2124.446,4101.0,460.049,600.451,614.679,47.567,7671.573,1523.995
11020,4331,50,1535.956,2051.0,282.836,379.466,500.654,35.638,6274.641,1156.49
11020,46,33730,42452.985,105204.0,8034.797,11935.493,15809.105,1402.062,113168.965,30517.492
11020,461,14663,9073.452,33850.0,1043.143,1356.529,3675.669,309.363,15781.857,7716.923
11020,4611,13772,8399.045,31953.0,962.289,1214.081,3504.219,293.051,14086.179,7184.964
11020,46111,8233,3067.853,16727.0,198.157,426.648,1731.325,133.366,4839.073,2641.205
11020,46112,1876,2155.169,6081.0,401.215,302.581,744.889,67.481,3819.975,1852.588
11020,461121,1275,1782.263,4597.0,318.965,246.513,561.139,47.142,3114.219,1535.75
11020,461122,420,167.462,810.0,29.218,26.941,57.313,4.906,332.151,140.521
11020,46113,1327,1773.602,3498.0,157.058,250.122,442.617,43.397,2775.308,1523.48
11020,46115,306,410.109,900.0,32.63,28.47,66.519,6.028,1068.339,381.639
11020,4612,891,674.407,1897.0,80.854,142.448,171.45,16.312,1695.678,531.959
11020,46121,877,669.945,1868.0,79.778,140.193,169.946,16.143,1689.966,529.752
11020,461213,168,51.823,331.0,12.72,15.834,34.347,3.296,100.191,35.989
11020,462,600,8228.03,12059.0,2089.513,2667.959,3246.895,263.981,25493.621,5560.071
11020,4621,559,6331.625,8570.0,1537.715,2224.114,2681.184,233.226,21473.318,4107.511
11020,46211,559,6331.625,8570.0,1537.715,2224.114,2681.184,233.226,21473.318,4107.511
11020,464,1426,2221.888,6428.0,598.365,507.953,536.849,44.071,5489.553,1713.935
11020,4641,1426,2221.888,6428.0,598.365,507.953,536.849,44.071,5489.553,1713.935
11020,46411,1215,2034.47,5875.0,559.373,464.055,451.846,35.449,5266.787,1570.415
11020,467,2904,3452.649,9362.0,712.972,864.683,1498.982,157.286,7686.317,2587.966
11020,4671,2904,3452.649,9362.0,712.972,864.683,1498.982,157.286,7686.317,2587.966
11020,48-49,261,16349.011,22830.0,2914.594,8243.547,14214.939,2596.73,8676.034,8105.464
11020,485,53,7502.204,8264.0,1314.561,3415.984,6958.507,1312.717,3546.448,4086.22
11020,4852,24,5722.638,5022.0,802.638,2624.405,4264.817,807.576,2669.758,3098.233
12001,31-33,3233,5105.315,9062.0,632.394,3135.885,1734.465,146.113,3248.145,1969.43
12001,311,1350,1342.304,3413.0,166.907,845.267,324.275,28.123,860.277,497.037
12001,3114,4,1.121,11.0,0.0,0.543,0.85,0.073,0.543,0.578
12001,3115,62,55.98,164.0,5.434,30.653,11.693,1.149,30.861,25.327
12001,31151,6,4.501,12.0,0.321,3.13,0.123,0.024,3.153,1.371
12001,3116,32,40.607,96.0,4.42,24.669,4.201,0.375,24.907,15.938
12001,31161,32,40.607,96.0,4.42,24.669,4.201,0.375,24.907,15.938
12001,311612,1,,,,,,,,
12001,311613,13,,,,,,,,
12001,3118,1189,1213.065,2978.0,148.96,744.342,291.682,25.194,751.635,468.723
12001,31181,320,,,,,,,,
12001,311812,316,232.852,972.0,30.794,140.705,57.965,4.714,141.385,92.147
12001,31183,868,977.55,1993.0,117.493,601.341,232.933,20.382,607.915,376.209
12001,3119,32,21.268,81.0,4.16,34.93,7.481,0.672,42.201,-13.662
12001,31192,1,,,,,,,,
12001,312,321,1149.607,1569.0,177.308,908.809,456.581,35.605,970.244,240.798
12001,3121,321,1149.607,1569.0,177.308,908.809,456.581,35.605,970.244,240.798
12001,31211,307,1147.399,1546.0,177.0,907.407,455.956,35.553,968.842,239.992
12001,325,19,10.765,57.0,3.303,5.223,19.778,0.702,5.231,5.542
12001,327,93,1580.924,511.0,105.818,817.908,564.767,48.556,846.473,763.016
12001,3273,47,1540.308,402.0,103.182,796.112,546.786,46.956,824.656,744.196
12001,3274,6,,,,,,,,
12001,331,2,,,,,,,,
12001,3312,2,,,,,,,,
12001,33122,2,,,,,,,,
12001,43,715,6372.616,6727.0,830.899,1600.929,2112.208,222.471,13187.167,4771.687
12001,431,109,4445.743,3707.0,537.633,1142.194,861.701,63.475,8528.131,3303.549
12001,4311,87,2065.374,2280.0,382.214,411.29,283.813,39.618,4825.341,1654.084
12001,43111,15,334.036,446.0,53.186,88.728,22.315,3.665,1691.588,245.308
12001,43112,13,130.947,67.0,5.856,21.042,36.449,3.104,170.739,109.905
12001,431121,4,,,,,,,,
12001,431122,6,57.897,24.0,1.931,14.444,0.358,0.023,70.743,43.453
12001,43113,7,9.622,30.0,1.675,1.456,1.409,0.235,15.949,8.166
12001,43114,5,42.784,52.0,5.898,7.605,26.28,1.264,186.639,35.179
12001,43116,9,530.368,674.0,100.951,119.563,36.796,6.604,1373.002,410.805
12001,43117,3,,,,,,,,
12001,4312,22,2380.369,1427.0,155.419,730.904,577.888,23.857,3702.79,1649.465
12001,43121,20,,,,,,,,
12001,431211,13,1872.047,1189.0,123.642,599.745,555.071,22.211,2458.784,1272.302
12001,433,38,188.061,278.0,33.267,29.029,46.071,4.289,656.36,159.032
12001,4331,8,74.117,135.0,18.856,19.206,27.328,2.525,500.554,54.911
12001,46,16151,16798.698,44202.0,3105.171,4453.981,5984.249,488.739,40345.956,12344.717
12001,461,8239,2934.377,15139.0,221.891,449.199,992.302,72.518,5668.689,2485.178
12001,4611,7907,2821.592,14504.0,203.192,403.577,959.721,68.994,5438.562,2418.015
12001,46111,5354,1038.83,9147.0,55.559,147.572,544.45,34.467,1875.508,891.258
12001,46112,979,939.328,2092.0,66.742,121.479,193.042,13.887,2053.959,817.849
12001,461121,416,595.922,944.0,32.974,81.656,106.515,6.451,1228.607,514.266
12001,461122,417,253.774,809.0,22.832,26.216,61.218,5.008,631.94,227.558
12001,46113,774,436.711,1549.0,36.727,50.36,76.006,5.923,827.565,386.351
12001,46115,237,176.263,539.0,16.389,33.049,35.843,5.439,360.012,143.214
12001,4612,332,112.785,635.0,18.699,45.622,32.581,3.523,230.127,67.163
12001,46121,328,,,,,,,,
12001,461213,200,32.017,338.0,6.859,8.71,19.439,1.848,46.299,23.307
12001,462,477,,,,,,,,
12001,4621,455,5175.693,6175.0,1177.289,1638.602,1993.929,171.793,13940.153,3537.091
12001,46211,455,5175.693,6175.0,1177.289,1638.602,1993.929,171.793,13940.153,3537.091
12001,464,561,828.191,2656.0,306.891,210.375,138.349,11.488,1644.018,617.816
12001,4641,561,828.191,2656.0,306.891,210.375,138.349,11.488,1644.018,617.816
12001,46411,457,770.549,2438.0,292.537,186.263,103.085,8.069,1548.829,584.286
12001,467,837,998.715,2851.0,191.48,202.065,437.573,45.009,2166.844,796.65
12001,4671,837,998.715,2851.0,191.48,202.065,437.573,45.009,2166.844,796.65
12001,48-49,143,3494.069,2249.0,318.888,1307.951,1355.783,130.233,1434.317,2186.118
12001,485,21,460.159,625.0,68.732,270.936,183.464,26.739,289.658,189.223
12001,4852,3,14.253,42.0,3.088,8.169,4.192,0.409,8.217,6.084
12035,31-33,918,1177.429,3171.0,173.15,773.166,419.04,33.534,825.494,404.263
12035,311,333,340.361,1018.0,44.954,221.205,147.718,7.269,226.035,119.156
12035,3114,5,,,,,,,,
12035,3115,27,15.557,61.0,1.24,9.903,3.728,0.28,9.923,5.654
12035,31151,11,9.831,27.0,0.404,6.163,1.273,0.093,6.163,3.668
12035,3116,2,,,,,,,,
12035,31161,2,,,,,,,,
12035,3118,282,217.513,790.0,32.213,132.945,73.116,5.375,136.329,84.568
12035,31181,96,,,,,,,,
12035,311812,96,,,,,,,,
12035,31183,185,146.733,514.0,23.929,92.585,51.045,3.767,95.675,54.148
12035,3119,13,12.686,62.0,2.582,7.069,1.312,0.117,7.489,5.617
12035,312,89,325.272,320.0,20.751,253.215,114.222,11.358,285.835,72.057
12035,3121,89,325.272,320.0,20.751,253.215,114.222,11.358,285.835,72.057
12035,31211,88,,,,,,,,
12035,325,3,,,,,,,,
12035,327,62,74.524,214.0,9.373,50.929,41.071,4.058,52.11,23.595
12035,3273,9,,,,,,,,
12035,3274,5,,,,,,,,
12035,331,1,,,,,,,,
12035,43,220,1704.518,1590.0,205.134,258.26,435.981,44.95,3121.016,1446.258
12035,431,30,1404.785,886.0,152.672,194.55,317.233,31.651,2524.128,1210.235
12035,4311,21,731.07,695.0,128.932,129.385,177.774,26.562,1519.539,601.685
12035,43111,3,199.244,224.0,20.933,10.488,19.807,0.4,713.513,188.756
12035,43112,1,,,,,,,,
12035,431122,1,,,,,,,,
12035,43113,3,,,,,,,,
12035,43114,1,,,,,,,,
12035,43116,5,107.476,139.0,19.973,28.323,34.311,6.355,303.457,79.153
12035,4312,9,673.715,191.0,23.74,65.165,139.459,5.09,1004.589,608.55
12035,43121,9,673.715,191.0,23.74,65.165,139.459,5.09,1004.589,608.55
12035,431211,7,,,,,,,,
12035,433,29,28.804,92.0,6.927,6.316,16.134,1.628,69.311,22.488
12035,4331,3,,,,,,,,
12035,46,4789,3045.107,11115.0,536.952,847.201,1565.593,111.703,7506.939,2197.906
12035,461,2081,562.483,3865.0,62.967,102.852,318.421,20.942,1148.319,459.631
12035,4611,1970,528.433,3660.0,57.193,94.83,303.257,19.851,1079.588,433.603
12035,46111,1197,223.05,2154.0,19.961,33.076,169.732,10.06,345.904,189.974
12035,46112,311,110.991,551.0,10.561,26.412,62.314,3.496,355.626,84.579
12035,461121,144,71.004,302.0,6.292,18.82,49.669,2.693,242.577,52.184
12035,461122,152,37.271,223.0,3.847,6.656,11.945,0.753,104.65,30.615
12035,46113,252,88.126,496.0,11.657,12.689,32.095,1.817,158.938,75.437
12035,46115,67,32.515,142.0,4.3,10.529,11.732,1.727,80.966,21.986
12035,4612,111,34.05,205.0,5.774,8.022,15.164,1.091,68.731,26.028
12035,46121,111,34.05,205.0,5.774,8.022,15.164,1.091,68.731,26.028
12035,461213,54,12.078,85.0,2.161,3.318,4.437,0.295,24.415,8.76
12035,462,51,1015.146,1051.0,189.844,293.27,398.524,27.528,2613.852,721.876
12035,4621,47,916.806,795.0,134.506,231.305,313.017,23.408,2362.102,685.501
12035,46211,47,916.806,795.0,134.506,231.305,313.017,23.408,2362.102,685.501
12035,464,184,220.421,735.0,64.175,77.38,31.746,2.516,597.673,143.041
12035,4641,184,220.421,735.0,64.175,77.38,31.746,2.516,597.673,143.041
12035,46411,152,205.178,666.0,60.852,73.311,23.633,1.84,582.193,131.867
12035,467,238,132.509,652.0,36.262,47.094,79.177,7.053,298.911,85.415
12035,4671,238,132.509,652.0,36.262,47.094,79.177,7.053,298.911,85.415
12035,48-49,37,416.45,542.0,92.862,164.42,536.818,48.516,170.845,252.03
12035,485,5,102.243,191.0,30.345,53.596,51.064,4.055,53.767,48.647
12035,4852,3,,,,,,,,
13077,31-33,1080,3479.122,5520.0,444.949,2273.282,1701.29,105.242,2313.791,1205.84
13077,311,391,452.732,1251.0,58.068,271.054,133.07,12.198,274.482,181.678
13077,3114,1,,,,,,,,
13077,3115,36,103.148,171.0,10.585,59.84,29.676,2.645,60.33,43.308
13077,31151,20,95.453,134.0,9.441,55.088,27.073,2.435,55.474,40.365
13077,3116,13,27.208,80.0,5.92,15.984,17.413,1.469,15.984,11.224
13077,31161,13,27.208,80.0,5.92,15.984,17.413,1.469,15.984,11.224
13077,311612,5,,,,,,,,
13077,311613,5,11.716,28.0,1.543,8.18,10.469,0.888,8.18,3.536
13077,3118,322,290.078,948.0,39.178,176.616,79.332,7.3,178.458,113.462
13077,31181,150,140.937,518.0,21.892,85.78,40.805,3.708,86.995,55.157
13077,311812,149,,,,,,,,
13077,31183,172,149.141,430.0,17.286,90.836,38.527,3.593,91.463,58.305
13077,3119,10,21.411,33.0,1.672,12.572,3.26,0.483,13.65,8.839
13077,312,70,37.671,179.0,8.117,18.454,50.367,2.34,18.648,19.217
13077,3121,70,37.671,179.0,8.117,18.454,50.367,2.34,18.648,19.217
13077,31211,68,,,,,,,,
13077,325,5,2.688,13.0,0.396,1.772,3.45,0.278,1.772,0.916
13077,327,67,46.877,187.0,7.093,26.292,9.275,1.102,26.371,20.585
13077,3273,32,31.327,91.0,3.743,17.801,4.567,0.683,17.88,13.526
13077,331,1,,,,,,,,
13077,3312,1,,,,,,,,
13077,33122,1,,,,,,,,
13077,43,387,1668.817,2539.0,251.659,432.883,424.068,44.236,3376.781,1235.934
13077,431,87,1173.761,1506.0,180.933,308.794,214.929,25.837,2223.196,864.967
13077,4311,80,536.124,747.0,100.487,102.582,149.389,18.356,1310.197,433.542
13077,43111,15,146.454,309.0,26.051,22.637,39.299,2.931,594.803,123.817
13077,43112,7,9.439,20.0,1.53,0.882,2.012,0.265,14.974,8.557
13077,431121,6,,,,,,,,
13077,431122,1,,,,,,,,
13077,43113,29,40.514,116.0,6.87,5.774,15.808,1.124,111.739,34.74
13077,43114,6,6.778,16.0,1.165,3.707,1.908,0.192,171.42,3.071
13077,43116,6,21.396,33.0,2.908,2.871,15.331,3.576,52.727,18.525
13077,4312,7,637.637,759.0,80.446,206.212,65.54,7.481,912.999,431.425
13077,43121,7,637.637,759.0,80.446,206.212,65.54,7.481,912.999,431.425
13077,431211,6,,,,,,,,
13077,433,14,17.464,64.0,4.478,2.145,2.349,0.229,56.772,15.319
13077,4331,3,,,,,,,,
13077,46,6148,4422.653,15062.0,898.42,1124.993,1913.613,150.226,12547.789,3297.66
13077,461,2530,911.697,4865.0,137.978,171.194,410.842,31.122,1791.953,740.503
13077,4611,2448,883.375,4698.0,131.933,164.705,398.252,29.894,1734.026,718.67
13077,46111,1285,261.246,2210.0,34.685,48.847,174.138,12.095,440.853,212.399
13077,46112,360,191.28,753.0,26.855,29.628,56.107,4.367,327.142,161.652
13077,461121,148,126.763,370.0,15.501,20.637,47.643,3.506,197.114,106.126
13077,461122,200,59.044,348.0,9.808,8.29,6.276,0.74,119.248,50.754
13077,46113,326,167.832,737.0,26.69,32.561,80.214,5.621,328.533,135.271
13077,46115,88,68.267,189.0,6.892,7.032,7.513,0.871,72.192,61.235
13077,4612,82,28.322,167.0,6.045,6.489,12.59,1.228,57.927,21.833
13077,46121,81,,,,,,,,
13077,461213,20,12.197,52.0,2.556,2.554,2.711,0.303,21.442,9.643
13077,462,64,,,,,,,,
13077,4621,58,1111.057,1009.0,153.897,276.49,297.285,24.712,2886.194,834.567
13077,46211,58,1111.057,1009.0,153.897,276.49,297.285,24.712,2886.194,834.567
13077,464,347,244.658,1058.0,86.58,61.759,82.926,6.507,557.686,182.899
13077,4641,347,244.658,1058.0,86.58,61.759,82.926,6.507,557.686,182.899
13077,46411,305,229.632,968.0,81.61,57.361,68.911,5.363,542.811,172.271
13077,467,518,329.333,1242.0,73.205,79.445,137.702,15.896,710.77,249.888
13077,4671,518,329.333,1242.0,73.205,79.445,137.702,15.896,710.77,249.888
13077,48-49,40,652.536,952.0,124.858,415.102,329.362,45.385,453.923,237.434
13077,485,10,154.318,374.0,45.476,81.711,137.835,21.593,83.196,72.607
13077,4852,1,,,,,,,,
14039,31-33,7684,181779.731,119521.0,19864.414,111332.895,37801.772,2770.287,123493.826,70446.836
14039,311,2020,63123.5,29632.0,5716.286,41526.144,13606.179,918.266,48662.52,21597.356
14039,3114,26,2738.365,669.0,196.87,2110.454,297.137,13.501,2189.741,627.911
14039,3115,344,5697.118,5640.0,880.133,2535.274,1928.348,161.238,2550.956,3161.844
14039,31151,20,5245.444,4617.0,822.52,2242.857,1804.87,150.921,2256.526,3002.587
14039,3116,33,4911.18,6474.0,1517.311,2504.956,2532.046,142.991,2721.403,2406.224
14039,31161,33,4911.18,6474.0,1517.311,2504.956,2532.046,142.991,2721.403,2406.224
14039,311612,4,,,,,,,,
14039,311613,21,4730.436,6266.0,1492.279,2414.744,2479.395,137.223,2628.686,2315.692
14039,3118,1239,3482.479,6594.0,594.287,2190.087,1067.636,99.919,2344.702,1292.392
14039,31181,662,1851.504,3790.0,313.695,1121.412,638.984,57.35,1163.313,730.092
14039,311811,1,,,,,,,,
14039,311812,634,1605.827,3230.0,270.001,945.329,582.561,55.209,971.685,660.498
14039,31183,565,949.292,1985.0,124.722,583.286,243.626,21.845,591.218,366.006
14039,3119,241,3076.335,2699.0,354.777,2077.767,621.199,55.53,2150.514,998.568
14039,31192,7,,,,,,,,
14039,312,540,15886.753,5630.0,886.001,8541.498,1416.524,103.194,9085.992,7345.255
14039,3121,540,15886.753,5630.0,886.001,8541.498,1416.524,103.194,9085.992,7345.255
14039,31211,511,2294.324,4078.0,473.763,1549.676,886.005,70.218,1687.242,744.648
14039,325,259,25456.936,13754.0,2959.718,13337.375,3203.75,256.803,13822.719,12119.561
14039,3254,68,9610.058,7988.0,1763.685,5489.597,1842.788,150.528,5624.408,4120.461
14039,327,89,1922.285,1313.0,216.99,1126.935,345.191,27.705,1152.893,795.35
14039,3273,13,638.797,298.0,52.955,416.639,81.055,4.647,417.517,222.158
14039,3274,5,108.742,62.0,7.975,46.439,16.912,3.426,50.535,62.303
14039,331,40,5991.209,3754.0,510.532,3631.423,1993.351,153.048,3752.117,2359.786
14039,3312,22,4385.024,2613.0,334.009,2837.28,760.612,79.983,2889.945,1547.744
14039,33122,18,,,,,,,,
14039,43,5099,73401.734,72684.0,9575.318,18582.252,38588.736,3640.723,186105.125,54819.482
14039,431,1223,23579.932,31851.0,3796.405,6143.214,3899.462,403.594,73863.833,17436.718
14039,4311,1149,16843.405,26009.0,3122.043,4186.479,3159.204,355.444,45196.485,12656.926
14039,43111,147,3297.24,2746.0,342.909,412.644,307.258,36.322,8926.57,2884.596
14039,43112,87,1358.937,1270.0,155.368,237.484,463.322,58.655,4141.649,1121.453
14039,431121,55,516.504,851.0,104.627,150.641,353.529,49.619,2265.816,365.863
14039,431122,23,827.232,320.0,43.157,85.86,105.7,8.769,1774.195,741.372
14039,43113,631,5627.301,15615.0,1588.831,1791.492,948.3,100.967,14825.465,3835.809
14039,43114,7,227.819,73.0,10.899,143.292,19.09,2.796,423.112,84.527
14039,43116,32,594.994,257.0,56.192,124.459,30.95,4.187,746.09,470.535
14039,43117,11,1307.841,1018.0,232.948,242.412,91.231,14.387,2062.774,1065.429
14039,4312,74,6736.527,5842.0,674.362,1956.735,740.258,48.15,28667.348,4779.792
14039,43121,72,,,,,,,,
14039,431211,22,4478.692,4538.0,495.504,1557.197,409.103,34.524,22594.103,2921.495
14039,433,421,6028.477,5020.0,677.088,908.416,1072.281,75.469,10825.395,5120.061
14039,4331,74,2257.695,1546.0,295.963,241.918,559.503,37.605,4405.825,2015.777
14039,46,37264,65185.902,145871.0,12103.488,15880.396,20639.535,1728.76,136648.053,49305.506
14039,461,13743,14881.886,35926.0,1533.924,2395.745,4481.141,402.964,26896.063,12486.141
14039,4611,12774,13723.637,33500.0,1403.88,2085.101,4276.208,382.426,24459.596,11638.536
14039,46111,6150,3278.359,12795.0,168.17,484.445,1446.615,96.009,5139.345,2793.914
14039,46112,1663,2637.927,5927.0,410.906,431.948,1111.235,91.053,5109.94,2205.979
14039,461121,900,2063.566,4158.0,325.236,326.688,850.358,72.059,4215.674,1736.878
14039,461122,599,428.723,1320.0,61.138,88.047,153.44,12.952,753.28,340.676
14039,46113,2078,3551.83,5522.0,306.523,499.027,511.147,59.217,6504.906,3052.803
14039,46115,576,963.407,2356.0,144.002,208.383,392.357,35.924,2734.127,755.024
14039,4612,969,1158.249,2426.0,130.044,310.644,204.933,20.538,2436.467,847.605
14039,46121,930,849.616,2227.0,111.472,293.538,192.22,17.825,1544.933,556.078
14039,461213,159,44.947,332.0,11.038,12.949,25.419,2.581,50.099,31.998
14039,462,547,8335.769,11197.0,1915.076,2247.546,3690.353,278.298,22084.242,6088.223
14039,4621,505,5315.282,7522.0,1276.294,1789.971,2771.439,229.584,17457.321,3525.311
14039,46211,505,5315.282,7522.0,1276.294,1789.971,2771.439,229.584,17457.321,3525.311
14039,464,2299,3614.815,10216.0,987.869,984.563,990.835,74.998,7463.154,2630.252
14039,4641,2299,3614.815,10216.0,987.869,984.563,990.835,74.998,7463.154,2630.252
14039,46411,1741,3303.583,8937.0,906.625,888.03,817.0,55.565,7020.57,2415.553
14039,467,2779,5545.206,10488.0,906.697,1078.192,2440.622,226.845,8928.079,4467.014
14039,4671,2779,5545.206,10488.0,906.697,1078.192,2440.622,226.845,8928.079,4467.014
14039,48-49,418,21470.39,22625.0,3747.054,8652.728,13702.455,1383.315,9444.986,12817.662
14039,481,2,,,,,,,,
14039,485,43,7073.352,7779.0,1261.208,2461.163,6658.368,434.857,2595.54,4612.189
14039,4852,11,1742.124,2736.0,539.684,871.072,1202.66,111.549,945.54,871.052
14093,31-33,720,21126.966,11804.0,1895.215,13505.438,6323.926,422.206,14524.406,7621.528
14093,311,191,11893.423,5853.0,960.641,7462.945,3864.587,229.361,7995.465,4430.478
14093,3114,3,,,,,,,,
14093,3115,30,942.857,466.0,82.097,531.072,123.68,7.115,595.192,411.785
14093,31151,10,924.787,406.0,78.493,520.524,113.644,6.364,584.622,404.263
14093,3116,14,4188.907,2685.0,433.481,2299.811,1338.682,67.807,2381.779,1889.096
14093,31161,14,4188.907,2685.0,433.481,2299.811,1338.682,67.807,2381.779,1889.096
14093,311612,4,640.532,593.0,108.644,351.181,349.328,20.604,358.993,289.351
14093,311613,4,1260.933,858.0,97.461,873.955,646.725,36.483,941.498,386.978
14093,3118,99,241.321,504.0,36.073,138.369,98.88,8.977,141.171,102.952
14093,31181,48,,,,,,,,
14093,311812,43,132.332,266.0,20.75,73.159,74.72,6.785,75.678,59.173
14093,31183,50,98.07,215.0,13.705,58.367,20.84,1.9,58.65,39.703
14093,3119,19,3700.849,1210.0,217.296,2466.962,1787.719,108.001,2508.032,1233.887
14093,312,30,3336.665,811.0,180.612,2397.763,660.025,45.056,2708.191,938.902
14093,3121,30,3336.665,811.0,180.612,2397.763,660.025,45.056,2708.191,938.902
14093,31211,21,35.023,89.0,6.146,15.503,50.162,4.259,15.575,19.52
14093,325,10,759.344,448.0,82.693,424.377,190.022,15.986,498.784,334.967
14093,3254,7,,,,,,,,
14093,327,34,607.294,495.0,115.29,355.689,9.851,1.482,356.97,251.605
14093,3273,4,134.797,34.0,5.659,94.466,3.923,0.715,95.746,40.331
14093,3274,3,,,,,,,,
14093,331,1,,,,,,,,
14093,43,319,2872.847,3199.0,407.123,712.7,865.613,93.389,7249.141,2160.147
14093,431,53,1754.821,1548.0,224.959,382.745,354.499,45.156,3566.612,1372.076
14093,4311,44,1071.088,1128.0,177.358,212.11,257.045,36.772,2334.963,858.978
14093,43111,13,20.865,98.0,10.068,6.407,23.648,4.926,122.335,14.458
14093,43112,1,,,,,,,,
14093,431121,1,,,,,,,,
14093,43114,7,40.556,76.0,8.212,7.635,10.916,1.933,148.81,32.921
14093,43116,10,200.731,145.0,21.817,34.399,84.275,9.993,442.941,166.332
14093,43117,2,,,,,,,,
14093,4312,9,683.733,420.0,47.601,170.635,97.454,8.385,1231.649,513.098
14093,43121,8,,,,,,,,
14093,431211,4,244.55,252.0,29.601,84.09,75.808,6.39,302.796,160.46
14093,433,7,38.355,105.0,14.93,8.844,10.958,2.063,240.343,29.511
14093,4331,4,,,,,,,,
14093,46,3261,3350.977,10207.0,730.3,785.25,2117.636,161.448,11046.875,2565.727
14093,461,1311,792.884,3331.0,110.293,125.624,264.061,23.42,1878.737,667.26
14093,4611,1214,686.829,3010.0,88.02,90.554,240.754,20.851,1568.381,596.275
14093,46111,798,338.386,1738.0,22.816,44.35,137.57,11.385,654.976,294.036
14093,46112,153,190.135,545.0,33.495,18.654,53.895,4.673,624.447,171.481
14093,461121,105,151.83,389.0,24.384,12.963,35.184,3.279,495.998,138.867
14093,461122,29,22.562,94.0,4.531,2.549,13.434,0.871,55.767,20.013
14093,46113,77,70.435,251.0,11.266,8.3,19.317,2.053,159.918,62.135
14093,46115,31,21.986,102.0,6.149,3.806,7.343,0.743,47.391,18.18
14093,4612,97,106.055,321.0,22.273,35.07,23.307,2.569,310.356,70.985
14093,46121,96,,,,,,,,
14093,461213,8,,,,,,,,
14093,462,40,382.078,575.0,102.967,141.522,155.191,14.42,1350.063,240.556
14093,4621,36,324.868,494.0,86.974,123.272,132.6,13.196,1226.6,201.596
14093,46211,36,324.868,494.0,86.974,123.272,132.6,13.196,1226.6,201.596
14093,464,156,260.488,1044.0,114.001,69.872,147.416,9.985,1334.244,190.616
14093,4641,156,260.488,1044.0,114.001,69.872,147.416,9.985,1334.244,190.616
14093,46411,129,248.344,990.0,111.967,65.683,145.147,9.753,1315.439,182.661
14093,467,269,246.655,890.0,54.611,41.296,115.974,12.99,486.2,205.359
14093,4671,269,246.655,890.0,54.611,41.296,115.974,12.99,486.2,205.359
14093,48-49,41,1108.941,2349.0,299.369,504.389,2256.162,221.901,547.166,604.552
14093,485,4,,,,,,,,
14093,4852,1,,,,,,,,
15106,31-33,5132,304660.45,97042.0,19377.905,205133.192,66657.14,4035.222,219707.406,99527.258
15106,311,2235,53358.066,18762.0,3569.186,33326.686,11177.486,741.347,34586.582,20031.38
15106,3114,5,,,,,,,,
15106,3115,120,2366.348,639.0,93.466,1300.228,147.952,10.742,1308.827,1066.12
15106,31151,7,2334.131,408.0,89.563,1279.031,133.083,9.456,1287.399,1055.1
15106,3116,11,37.231,82.0,6.245,18.339,6.765,0.728,18.339,18.892
15106,31161,11,37.231,82.0,6.245,18.339,6.765,0.728,18.339,18.892
15106,311612,1,,,,,,,,
15106,311613,7,19.021,19.0,2.082,10.986,1.639,0.323,10.986,8.035
15106,3118,1940,21384.39,9753.0,1516.578,12216.251,3286.872,263.437,12412.524,9168.139
15106,31181,551,9597.219,3986.0,623.589,3724.09,1992.335,179.689,3784.788,5873.129
15106,311811,3,8701.72,1514.0,459.541,3165.523,1708.018,157.139,3211.435,5536.197
15106,311812,542,890.901,2452.0,163.219,556.237,283.574,22.476,571.023,334.664
15106,31183,1377,635.589,2588.0,58.526,407.292,132.796,11.949,412.437,228.297
15106,3119,104,10263.136,2437.0,528.451,7712.454,1605.737,63.742,7799.252,2550.682
15106,31192,3,,,,,,,,
15106,312,203,22830.254,5593.0,1049.77,14458.906,2139.527,182.176,14676.367,8371.348
15106,3121,202,,,,,,,,
15106,31211,197,,,,,,,,
15106,325,75,35707.333,7698.0,1946.019,21877.138,9029.933,522.775,25098.665,13830.195
15106,3254,13,11354.074,3459.0,914.59,7074.047,4558.097,294.08,8249.522,4280.027
15106,327,139,4730.71,3907.0,752.791,2857.661,3642.862,294.361,3142.239,1873.049
15106,3273,44,378.558,297.0,32.715,305.429,123.749,12.385,317.228,73.129
15106,3274,14,5.542,41.0,1.108,2.818,1.5,0.123,2.82,2.724
15106,331,8,495.52,282.0,55.409,428.186,206.951,7.418,431.922,67.334
15106,3312,5,,,,,,,,
15106,33122,5,,,,,,,,
15106,43,1784,15845.786,14651.0,1898.285,4455.609,8530.618,785.942,41040.106,11390.177
15106,431,437,5380.257,4853.0,733.99,1013.299,1040.216,116.76,12732.761,4366.958
15106,4311,425,4427.559,4369.0,681.061,705.264,947.636,105.83,11284.255,3722.295
15106,43111,38,1043.915,1935.0,295.544,165.047,114.411,7.282,5102.533,878.868
15106,43112,25,330.843,115.0,8.884,11.014,46.314,4.899,685.254,319.829
15106,431121,13,202.893,63.0,5.572,6.689,39.472,3.381,220.798,196.204
15106,431122,10,,,,,,,,
15106,43113,298,648.303,849.0,55.461,130.412,233.443,15.712,1668.841,517.891
15106,43114,14,817.929,184.0,29.175,14.492,31.797,5.387,1015.27,803.437
15106,43116,10,442.41,158.0,31.246,115.651,49.419,7.943,344.314,326.759
15106,43117,2,,,,,,,,
15106,4312,12,952.698,484.0,52.929,308.035,92.58,10.93,1448.506,644.663
15106,43121,12,952.698,484.0,52.929,308.035,92.58,10.93,1448.506,644.663
15106,431211,9,926.448,431.0,45.918,303.553,86.597,10.478,1421.359,622.895
15106,433,62,790.964,639.0,82.028,115.447,74.981,4.174,1599.093,675.517
15106,4331,25,464.778,302.0,50.725,69.702,57.626,1.937,1112.036,395.076
15106,46,25109,21655.505,65744.0,4103.702,5452.028,8602.619,717.372,56650.0,16203.477
15106,461,11884,4803.0,21813.0,458.65,792.977,1605.005,140.553,8379.371,4010.023
15106,4611,11553,4668.047,21155.0,428.039,757.84,1564.33,136.747,8125.231,3910.207
15106,46111,6309,1096.846,10499.0,67.602,193.37,710.33,55.493,1853.18,903.476
15106,46112,1672,1053.303,3264.0,109.771,129.566,268.855,27.879,1937.391,923.737
15106,461121,737,605.169,1683.0,61.42,73.889,218.056,21.345,924.59,531.28
15106,461122,899,433.529,1502.0,46.672,52.645,46.608,5.864,988.058,380.884
15106,46113,1592,1362.051,3282.0,104.66,226.152,200.263,21.207,2449.144,1135.899
15106,46115,310,428.141,922.0,48.335,54.793,106.562,10.552,901.699,373.348
15106,4612,331,134.953,658.0,30.611,35.137,40.675,3.806,254.14,99.816
15106,46121,327,134.436,652.0,30.594,34.801,40.548,3.792,253.308,99.635
15106,461213,109,37.755,222.0,10.599,14.214,8.531,0.564,59.399,23.541
15106,462,323,,,,,,,,
15106,4621,302,3130.423,4573.0,794.504,1228.018,1331.888,123.077,12649.075,1902.405
15106,46211,302,3130.423,4573.0,794.504,1228.018,1331.888,123.077,12649.075,1902.405
15106,464,1117,1403.447,4097.0,355.564,323.063,234.113,24.455,2724.431,1080.384
15106,4641,1117,1403.447,4097.0,355.564,323.063,234.113,24.455,2724.431,1080.384
15106,46411,845,1255.293,3485.0,319.995,280.601,176.014,17.42,2544.94,974.692
15106,467,1895,1919.556,5431.0,388.935,482.753,1009.252,95.295,4721.77,1436.803
15106,4671,1895,1919.556,5431.0,388.935,482.753,1009.252,95.295,4721.77,1436.803
15106,48-49,227,15484.014,15405.0,2197.778,8533.728,9641.868,1607.705,9375.59,6950.286
15106,481,20,,,,,,,,
15106,485,35,1369.724,3287.0,432.598,566.655,2093.317,381.535,605.842,803.069
15106,4852,6,,,,,,,,
16043,31-33,293,7490.795,4870.0,754.072,5117.429,2048.371,114.258,5591.343,2373.366
16043,311,164,7292.028,4419.0,724.569,5002.147,1935.818,105.404,5453.011,2289.881
16043,3114,23,6798.678,3790.0,655.016,4656.325,1792.749,92.689,5091.301,2142.353
16043,3115,22,254.777,155.0,19.972,199.905,21.633,2.201,201.127,54.872
16043,31151,10,249.721,130.0,19.026,196.506,17.67,1.875,197.728,53.215
16043,3116,2,,,,,,,,
16043,31161,2,,,,,,,,
16043,311613,1,,,,,,,,
16043,3118,99,116.534,312.0,17.569,68.955,51.322,3.916,68.979,47.579
16043,31181,39,,,,,,,,
16043,311812,37,,,,,,,,
16043,31183,59,75.835,176.0,11.243,45.993,39.518,2.877,46.017,29.842
16043,3119,15,,,,,,,,
16043,312,9,23.682,76.0,5.12,16.832,32.042,2.39,18.472,6.85
16043,3121,9,23.682,76.0,5.12,16.832,32.042,2.39,18.472,6.85
16043,31211,9,23.682,76.0,5.12,16.832,32.042,2.39,18.472,6.85
16043,327,12,5.329,24.0,0.946,2.768,3.065,0.232,2.768,2.561
16043,3273,1,,,,,,,,
16043,3274,1,,,,,,,,
16043,331,2,,,,,,,,
16043,3312,2,,,,,,,,
16043,33122,2,,,,,,,,
16043,43,65,1793.103,3957.0,434.64,411.087,368.418,37.205,3476.961,1382.016
16043,431,14,1489.332,3636.0,395.965,280.208,180.475,17.848,2060.186,1209.124
16043,4311,10,960.277,3371.0,359.75,132.689,118.1,10.841,1328.472,827.588
16043,43111,2,,,,,,,,
16043,43113,6,,,,,,,,
16043,4312,4,529.055,265.0,36.215,147.519,62.375,7.007,731.714,381.536
16043,43121,4,529.055,265.0,36.215,147.519,62.375,7.007,731.714,381.536
16043,431211,3,,,,,,,,
16043,433,1,,,,,,,,
16043,46,1126,1055.254,2948.0,180.327,281.575,559.061,43.83,3312.633,773.679
16043,461,622,325.735,1434.0,31.622,61.134,202.483,16.011,489.319,264.601
16043,4611,603,319.086,1401.0,30.532,60.293,198.833,15.592,474.624,258.793
16043,46111,427,111.051,833.0,7.358,18.638,126.558,7.819,199.837,92.413
16043,46112,61,43.779,161.0,6.064,5.653,20.28,1.865,95.806,38.126
16043,461121,43,34.694,125.0,5.054,4.525,17.809,1.676,79.547,30.169
16043,461122,13,6.649,27.0,0.763,0.667,2.076,0.123,10.756,5.982
16043,46113,51,28.413,216.0,9.187,8.367,17.029,1.758,68.43,20.046
16043,46115,15,15.025,84.0,4.936,2.371,11.696,1.065,32.521,12.654
16043,4612,19,6.649,33.0,1.09,0.841,3.65,0.419,14.695,5.808
16043,46121,19,6.649,33.0,1.09,0.841,3.65,0.419,14.695,5.808
16043,461213,8,,,,,,,,
16043,462,17,293.509,298.0,57.324,108.686,57.337,5.731,1296.281,184.823
16043,4621,16,,,,,,,,
16043,46211,16,,,,,,,,
16043,464,45,51.657,173.0,14.76,9.649,15.416,0.901,144.048,42.008
16043,4641,45,51.657,173.0,14.76,9.649,15.416,0.901,144.048,42.008
16043,46411,44,,,,,,,,
16043,467,64,189.186,259.0,25.731,25.439,173.231,13.198,349.607,163.747
16043,4671,64,189.186,259.0,25.731,25.439,173.231,13.198,349.607,163.747
16043,48-49,8,596.276,800.0,79.53,235.299,265.555,57.346,267.455,360.977
16043,485,1,,,,,,,,
16053,31-33,4773,46044.16,25634.0,3148.762,29996.79,11298.638,846.05,31719.975,16047.37
16053,311,1822,16476.171,8865.0,998.767,11569.8,3866.762,290.166,12273.334,4906.371
16053,3114,23,2422.657,1582.0,311.941,1621.111,1109.913,73.502,1743.814,801.546
16053,3115,135,93.692,479.0,41.891,121.304,38.042,3.583,132.28,-27.612
16053,31151,12,6.989,117.0,28.385,68.742,4.195,0.511,79.441,-61.753
16053,3116,19,101.489,113.0,11.449,65.7,17.114,2.029,65.78,35.789
16053,31161,19,101.489,113.0,11.449,65.7,17.114,2.029,65.78,35.789
16053,311612,1,,,,,,,,
16053,311613,4,,,,,,,,
16053,3118,1551,1254.385,4321.0,196.18,752.362,380.079,33.271,759.538,502.023
16053,31181,576,610.53,2071.0,112.31,369.897,193.032,17.739,373.969,240.633
16053,311811,1,,,,,,,,
16053,311812,549,586.63,1972.0,107.309,356.792,180.221,16.023,360.762,229.838
16053,31183,966,551.203,2070.0,65.623,337.703,181.098,14.703,339.968,213.5
16053,3119,40,204.031,343.0,26.68,144.925,52.435,5.169,155.595,59.106
16053,31192,2,,,,,,,,
16053,312,64,10471.939,1207.0,264.145,5864.552,601.8,54.276,5963.711,4607.387
16053,3121,64,10471.939,1207.0,264.145,5864.552,601.8,54.276,5963.711,4607.387
16053,31211,57,10442.318,1149.0,254.34,5848.693,587.53,53.797,5947.761,4593.625
16053,325,64,2997.742,1493.0,247.56,1849.465,847.979,43.655,1957.181,1148.277
16053,3254,12,110.852,253.0,26.776,76.265,30.396,2.96,82.345,34.587
16053,327,846,920.258,2068.0,105.578,588.859,207.192,17.359,605.017,331.399
16053,3273,59,386.286,335.0,61.865,256.24,86.654,6.127,266.206,130.046
16053,3274,8,1.819,20.0,0.241,1.095,0.544,0.064,1.098,0.724
16053,331,12,308.566,306.0,78.669,186.63,85.667,4.682,212.749,121.936
16053,3312,5,,,,,,,,
16053,33122,3,,,,,,,,
16053,43,1477,14612.575,15015.0,1970.348,3297.042,4614.4,442.654,35841.977,11315.533
16053,431,429,6886.47,7191.0,1038.049,1270.808,1766.674,186.675,15720.61,5615.662
16053,4311,400,5637.149,6165.0,908.543,814.876,1617.355,178.2,13393.851,4822.273
16053,43111,45,1092.204,1957.0,229.018,205.322,324.263,29.885,3925.307,886.882
16053,43112,36,349.521,273.0,31.19,37.364,224.833,28.821,963.407,312.157
16053,431121,22,232.574,168.0,18.8,26.342,198.798,25.353,512.555,206.232
16053,431122,10,107.885,91.0,11.237,8.625,23.029,3.217,427.472,99.26
16053,43113,226,851.51,1055.0,81.354,121.692,413.403,41.586,1751.352,729.818
16053,43114,10,,,,,,,,
16053,43116,20,1209.203,1016.0,162.002,88.582,283.098,25.349,2982.873,1120.621
16053,43117,4,,,,,,,,
16053,4312,29,1249.321,1026.0,129.506,455.932,149.319,8.475,2326.759,793.389
16053,43121,26,,,,,,,,
16053,431211,17,995.156,886.0,113.559,329.878,116.437,5.607,1442.219,665.278
16053,433,70,721.981,862.0,110.305,229.359,252.534,23.146,1489.017,492.622
16053,4331,22,136.577,200.0,23.289,16.277,208.105,16.464,548.789,120.3
16053,46,18703,22902.144,56850.0,4071.564,5307.73,9077.32,746.016,56961.526,17594.414
16053,461,7511,3915.905,16536.0,384.338,588.32,1999.284,164.508,6015.52,3327.585
16053,4611,7099,3750.198,15671.0,351.917,551.522,1938.63,158.738,5710.736,3198.676
16053,46111,3963,1509.709,8243.0,89.785,230.416,905.085,70.996,2191.254,1279.293
16053,46112,1040,961.325,2428.0,107.087,110.069,330.161,28.859,1385.725,851.256
16053,461121,484,750.009,1416.0,78.261,80.208,252.256,21.374,1015.706,669.801
16053,461122,437,126.014,756.0,15.511,15.68,55.682,5.287,225.753,110.334
16053,46113,843,608.664,1862.0,46.492,81.746,332.976,27.724,1107.484,526.918
16053,46115,212,258.953,745.0,38.364,40.114,89.44,7.881,427.925,218.839
16053,4612,412,165.707,865.0,32.421,36.798,60.654,5.77,304.784,128.909
16053,46121,395,162.239,836.0,31.524,35.189,59.853,5.616,300.303,127.05
16053,461213,59,20.861,109.0,4.039,3.617,9.038,0.851,27.376,17.244
16053,462,314,6345.02,7800.0,1326.142,1683.798,2061.475,149.703,17610.197,4661.222
16053,4621,291,4538.926,5511.0,951.21,1374.119,1594.384,127.769,14493.878,3164.807
16053,46211,291,4538.926,5511.0,951.21,1374.119,1594.384,127.769,14493.878,3164.807
16053,464,1102,1290.8,4260.0,370.19,305.218,314.901,28.866,2873.298,985.582
16053,4641,1102,1290.8,4260.0,370.19,305.218,314.901,28.866,2873.298,985.582
16053,46411,881,1131.176,3693.0,332.554,263.698,214.333,18.558,2683.557,867.478
16053,467,1838,1737.534,5075.0,329.776,329.373,1096.047,113.624,3468.049,1408.161
16053,4671,1838,1737.534,5075.0,329.776,329.373,1096.047,113.624,3468.049,1408.161
16053,48-49,139,4625.951,6561.0,1173.986,2272.233,2529.444,295.952,2373.239,2353.718
16053,481,1,,,,,,,,
16053,485,64,2364.445,3264.0,578.494,1299.659,1295.321,123.705,1334.641,1064.786
16053,4852,14,888.381,951.0,187.725,760.762,598.336,54.817,780.993,127.619
17007,31-33,1505,19422.143,10433.0,2116.421,11683.765,2889.389,199.851,12015.432,7738.378
17007,311,591,745.388,1969.0,120.689,450.097,157.908,15.155,454.596,295.291
17007,3114,4,6.115,18.0,1.183,3.645,2.797,0.295,3.679,2.47
17007,3115,27,17.398,57.0,1.665,10.097,6.165,0.494,10.145,7.301
17007,3116,4,15.768,43.0,3.083,3.606,14.25,1.116,3.606,12.162
17007,31161,4,15.768,43.0,3.083,3.606,14.25,1.116,3.606,12.162
17007,311613,3,,,,,,,,
17007,3118,536,680.716,1777.0,110.712,416.617,129.279,12.64,421.02,264.099
17007,31181,164,,,,,,,,
17007,311812,162,,,,,,,,
17007,31183,371,362.282,937.0,44.726,218.789,67.677,5.996,219.186,143.493
17007,3119,11,9.375,46.0,3.039,7.57,2.092,0.318,7.584,1.805
17007,31192,1,,,,,,,,
17007,312,94,4260.521,551.0,72.935,2261.536,298.603,28.874,2288.507,1998.985
17007,3121,94,4260.521,551.0,72.935,2261.536,298.603,28.874,2288.507,1998.985
17007,31211,94,4260.521,551.0,72.935,2261.536,298.603,28.874,2288.507,1998.985
17007,325,17,113.289,254.0,30.313,67.981,18.63,1.829,68.331,45.308
17007,3254,2,,,,,,,,
17007,327,62,382.837,688.0,108.497,268.59,165.269,12.496,286.261,114.247
17007,3273,12,159.548,163.0,26.642,127.395,25.207,3.346,131.1,32.153
17007,3274,1,,,,,,,,
17007,331,1,,,,,,,,
17007,3312,1,,,,,,,,
17007,43,551,4636.741,5020.0,711.296,1393.014,1081.77,108.379,9611.427,3243.727
17007,431,78,2227.412,1466.0,202.893,589.315,374.714,48.138,3365.26,1638.097
17007,4311,68,1067.754,906.0,162.103,213.171,290.031,39.035,1787.414,854.583
17007,43111,14,276.853,233.0,26.907,64.382,79.187,8.136,748.038,212.471
17007,43112,6,9.163,12.0,0.603,2.822,0.525,0.116,14.112,6.341
17007,431121,4,,,,,,,,
17007,431122,2,,,,,,,,
17007,43113,29,36.153,99.0,6.232,3.957,8.68,0.679,90.557,32.196
17007,43114,4,2.72,14.0,1.101,0.603,1.142,0.18,44.43,2.117
17007,43116,4,,,,,,,,
17007,4312,10,1159.658,560.0,40.79,376.144,84.683,9.103,1577.846,783.514
17007,43121,9,,,,,,,,
17007,431211,7,,,,,,,,
17007,433,51,373.476,558.0,59.835,37.069,26.797,3.632,652.804,336.407
17007,4331,11,265.514,428.0,48.326,30.419,16.195,2.349,423.78,235.095
17007,46,10133,18820.909,32719.0,2847.437,4250.548,5655.481,409.704,40978.901,14570.361
17007,461,3936,1623.827,7576.0,181.752,310.572,620.189,49.537,2769.498,1313.255
17007,4611,3828,1548.908,7327.0,167.68,283.551,607.261,48.303,2615.302,1265.357
17007,46111,1917,570.845,3331.0,24.741,104.978,306.831,18.812,870.612,465.867
17007,46112,594,389.654,1306.0,54.992,77.54,105.517,6.853,733.417,312.114
17007,461121,244,212.855,622.0,29.538,42.536,67.103,4.333,356.181,170.319
17007,461122,320,146.03,613.0,22.259,30.816,27.779,1.82,324.95,115.214
17007,46113,590,323.106,1133.0,28.881,33.492,58.013,4.882,593.097,289.614
17007,46115,149,55.53,359.0,11.456,7.533,15.307,1.124,92.54,47.997
17007,4612,108,74.919,249.0,14.072,27.021,12.928,1.234,154.196,47.898
17007,46121,98,72.69,228.0,13.232,26.362,12.496,1.19,151.98,46.328
17007,461213,46,10.662,80.0,2.904,2.865,6.069,0.434,12.782,7.797
17007,462,239,,,,,,,,
17007,4621,216,5038.77,4196.0,748.966,1096.333,1776.863,120.815,10277.572,3942.437
17007,46211,216,5038.77,4196.0,748.966,1096.333,1776.863,120.815,10277.572,3942.437
17007,464,543,885.534,2759.0,296.13,237.263,166.888,13.315,2021.725,648.271
17007,4641,543,885.534,2759.0,296.13,237.263,166.888,13.315,2021.725,648.271
17007,46411,402,767.769,2391.0,265.355,202.092,123.822,9.348,1895.003,565.677
17007,467,710,844.525,2029.0,134.227,166.544,449.352,37.563,1623.461,677.981
17007,4671,710,844.525,2029.0,134.227,166.544,449.352,37.563,1623.461,677.981
17007,48-49,64,6495.16,11269.0,3498.988,1385.28,2225.299,349.129,1453.856,5109.88
17007,485,18,789.724,1123.0,145.376,485.238,530.145,78.379,494.398,304.486
17007,4852,3,,,,,,,,
18017,31-33,2169,14729.812,16460.0,2097.426,8789.624,3336.849,257.957,9323.887,5940.188
18017,311,711,8681.312,4522.0,626.743,5843.642,1805.111,122.903,6248.515,2837.67
18017,3114,9,59.745,70.0,6.009,33.129,13.707,1.629,34.559,26.616
18017,3115,81,61.6,171.0,6.556,41.776,24.914,2.368,42.82,19.824
18017,31151,21,28.574,50.0,2.433,21.497,6.366,0.566,21.937,7.077
18017,3116,43,800.468,227.0,24.616,485.784,74.551,4.264,486.217,314.684
18017,31161,43,800.468,227.0,24.616,485.784,74.551,4.264,486.217,314.684
18017,311613,6,10.859,29.0,1.705,7.682,2.923,0.307,7.79,3.177
18017,3118,483,781.583,1887.0,121.099,461.781,219.411,20.344,470.172,319.802
18017,31181,295,454.147,1141.0,72.867,259.788,131.125,12.64,262.932,194.359
18017,311812,271,426.049,1061.0,67.886,243.791,123.395,11.755,246.762,182.258
18017,31183,179,,,,,,,,
18017,3119,66,3048.193,1347.0,227.762,1893.139,1004.596,61.375,1997.321,1155.054
18017,31192,5,,,,,,,,
18017,312,130,3326.107,2045.0,352.672,1916.579,789.484,65.617,2015.226,1409.528
18017,3121,128,,,,,,,,
18017,31211,124,,,,,,,,
18017,325,20,44.911,96.0,10.589,33.904,11.749,1.524,34.342,11.007
18017,3254,3,,,,,,,,
18017,327,133,463.891,709.0,72.461,329.894,141.379,15.753,336.646,133.997
18017,3273,47,352.918,449.0,58.895,255.242,100.773,11.643,260.573,97.676
18017,3274,9,,,,,,,,
18017,43,618,5093.88,5572.0,838.183,1121.215,1879.692,202.036,11993.719,3972.665
18017,431,184,3209.732,3162.0,546.445,714.831,1183.482,135.501,6565.019,2494.901
18017,4311,168,2518.444,2841.0,473.744,449.85,781.897,76.886,5018.977,2068.594
18017,43111,29,207.039,419.0,53.292,48.389,36.068,6.111,701.805,158.65
18017,43112,42,364.663,432.0,56.483,35.702,73.957,8.593,704.522,328.961
18017,431121,23,,,,,,,,
18017,431122,8,,,,,,,,
18017,43113,40,123.098,403.0,34.866,28.214,61.149,6.629,313.389,94.884
18017,43114,3,,,,,,,,
18017,43116,17,252.083,475.0,72.08,54.079,63.696,8.307,688.586,198.004
18017,43117,4,,,,,,,,
18017,4312,16,691.288,321.0,72.701,264.981,401.585,58.615,1546.042,426.307
18017,43121,13,,,,,,,,
18017,431211,11,,,,,,,,
18017,433,45,199.069,390.0,62.412,82.492,104.822,6.548,698.402,116.577
18017,4331,11,165.199,226.0,49.871,74.256,49.132,2.774,638.009,90.943
18017,46,8487,11762.286,27883.0,2254.712,2560.564,4769.304,393.044,29727.81,9201.722
18017,461,3710,2506.109,8944.0,327.263,396.182,1195.249,99.279,4562.155,2109.927
18017,4611,3420,2386.297,8407.0,308.711,369.948,1138.578,94.48,4334.455,2016.349
18017,46111,1937,825.327,3883.0,48.592,129.614,501.435,36.722,1470.251,695.713
18017,46112,602,606.902,1801.0,106.104,106.331,170.913,14.326,933.395,500.571
18017,461121,165,416.241,632.0,47.839,61.521,115.783,10.086,626.786,354.72
18017,461122,272,84.072,499.0,19.043,34.391,29.815,2.228,157.537,49.681
18017,46113,372,376.77,1169.0,61.448,53.647,146.807,15.382,732.352,323.123
18017,46115,94,110.417,341.0,19.978,12.401,56.756,8.17,297.083,98.016
18017,4612,290,119.812,537.0,18.552,26.234,56.671,4.799,227.7,93.578
18017,46121,288,,,,,,,,
18017,461213,31,,,,,,,,
18017,462,187,,,,,,,,
18017,4621,171,1972.331,2383.0,369.507,550.521,814.42,67.122,5965.516,1421.81
18017,46211,171,1972.331,2383.0,369.507,550.521,814.42,67.122,5965.516,1421.81
18017,464,496,683.908,2159.0,226.937,192.484,166.986,13.548,1594.941,491.424
18017,4641,496,683.908,2159.0,226.937,192.484,166.986,13.548,1594.941,491.424
18017,46411,414,609.426,1933.0,210.234,174.997,133.496,9.913,1502.684,434.429
18017,467,571,720.535,1942.0,154.731,118.771,565.075,55.429,1543.665,601.764
18017,4671,571,720.535,1942.0,154.731,118.771,565.075,55.429,1543.665,601.764
18017,48-49,63,954.151,1351.0,188.838,588.34,1398.016,169.878,622.227,365.811
18017,485,23,415.81,552.0,65.616,307.021,370.299,32.249,326.965,108.789
18017,4852,7,,,,,,,,
19039,31-33,4957,221296.897,77374.0,14814.747,159111.968,55373.753,3626.234,164962.763,62184.929
19039,311,938,18591.504,13985.0,2969.794,9018.037,4643.051,363.591,9451.618,9573.467
19039,3114,20,422.153,360.0,53.13,273.731,57.859,4.46,291.901,148.422
19039,3115,92,458.499,972.0,121.686,272.739,169.32,21.077,289.394,185.76
19039,31151,10,64.478,239.0,35.26,31.395,10.548,1.049,31.764,33.083
19039,3116,19,4697.149,4508.0,1416.154,2150.343,1316.046,89.098,2349.695,2546.806
19039,31161,19,4697.149,4508.0,1416.154,2150.343,1316.046,89.098,2349.695,2546.806
19039,311612,5,,,,,,,,
19039,311613,13,3859.587,4147.0,1331.118,1571.734,1137.106,76.04,1640.092,2287.853
19039,3118,699,9952.932,5913.0,949.376,4345.346,1799.506,162.284,4414.999,5607.586
19039,31181,336,9087.854,4343.0,822.142,3818.756,1525.674,140.802,3881.841,5269.098
19039,311811,3,,,,,,,,
19039,311812,206,1448.557,2307.0,293.075,859.833,269.061,25.449,898.001,588.724
19039,31183,352,756.17,1485.0,108.235,439.76,241.663,20.233,444.917,316.41
19039,3119,74,1607.135,1413.0,273.391,1022.816,636.532,56.268,1097.197,584.319
19039,31192,14,,,,,,,,
19039,312,50,33388.327,3905.0,1078.966,20613.632,6257.867,246.352,20907.367,12774.695
19039,3121,49,,,,,,,,
19039,31211,44,10413.956,2364.0,644.221,4901.904,1884.739,101.616,4953.051,5512.052
19039,325,146,9077.197,2821.0,580.977,7091.451,2804.192,140.75,7945.802,1985.746
19039,3254,12,306.25,356.0,68.428,188.147,74.484,6.624,198.742,118.103
19039,327,170,25463.107,7817.0,2146.609,18275.798,11254.758,834.884,19251.858,7187.309
19039,3273,58,6937.83,1323.0,395.508,5388.81,2281.682,190.599,5445.436,1549.02
19039,3274,15,1008.941,462.0,133.829,674.373,891.62,29.274,684.634,334.568
19039,331,58,84444.92,3621.0,962.895,72782.014,10909.73,620.124,73713.778,11662.906
19039,3312,35,83916.218,3330.0,910.004,72439.095,10849.186,614.827,73246.761,11477.123
19039,33122,22,81176.858,2148.0,680.825,70579.797,9408.885,513.589,71073.856,10597.061
19039,43,3185,64583.387,45831.0,7093.705,14466.924,29641.929,3176.634,120569.775,50116.463
19039,431,296,21523.628,10354.0,1702.423,3569.297,2195.611,235.449,24103.865,17954.331
19039,4311,256,16266.871,7312.0,1234.736,2367.789,1844.507,220.849,15590.288,13899.082
19039,43111,49,1080.92,871.0,110.69,121.678,207.081,21.449,2256.232,959.242
19039,43112,75,8706.075,1103.0,145.78,282.166,516.406,77.003,2653.187,8423.909
19039,431121,30,682.888,717.0,106.724,251.966,469.476,70.234,2124.637,430.922
19039,431122,39,7902.087,181.0,14.454,16.796,16.386,1.723,363.196,7885.291
19039,43113,19,930.623,506.0,57.639,133.71,264.882,13.302,1148.79,796.913
19039,43114,5,58.567,325.0,35.731,6.931,4.529,0.928,104.056,51.636
19039,43116,16,377.942,435.0,71.001,115.247,67.304,8.569,1017.135,262.695
19039,43117,11,2168.606,2058.0,323.197,478.859,275.149,29.985,3308.762,1689.747
19039,4312,40,5256.757,3042.0,467.687,1201.508,351.104,14.6,8513.577,4055.249
19039,43121,37,,,,,,,,
19039,431211,12,,,,,,,,
19039,433,224,2826.913,3664.0,442.49,808.072,680.794,64.891,9837.597,2018.841
19039,4331,72,1077.457,1121.0,140.911,331.334,317.353,24.541,6798.448,746.123
19039,46,18572,66519.597,105627.0,11981.645,17352.516,21749.573,1829.136,171226.014,49167.081
19039,461,6372,6286.324,16179.0,778.615,1533.302,2380.703,166.123,11464.667,4753.022
19039,4611,5387,5817.422,14485.0,704.291,1409.05,2193.645,153.192,10465.412,4408.372
19039,46111,3647,1281.887,6643.0,60.645,217.636,1022.508,62.129,1805.894,1064.251
19039,46112,387,2534.817,3264.0,346.761,754.281,626.018,39.03,5580.644,1780.536
19039,461121,275,2355.629,2610.0,291.706,731.853,607.239,37.004,5340.765,1623.776
19039,461122,94,164.324,556.0,49.981,18.607,16.326,1.771,224.989,145.717
19039,46113,386,369.586,1097.0,50.444,84.094,123.199,11.446,583.186,285.492
19039,46115,78,446.417,475.0,44.837,79.627,112.879,12.017,899.419,366.79
19039,4612,985,468.902,1694.0,74.324,124.252,187.058,12.931,999.255,344.65
19039,46121,944,454.71,1623.0,70.343,118.399,183.383,12.553,983.734,336.311
19039,461213,98,21.762,170.0,4.588,6.769,26.174,1.483,33.063,14.993
19039,462,964,17326.699,28368.0,4428.413,4764.357,7106.41,550.635,44656.577,12562.342
19039,4621,912,13012.424,22443.0,3585.919,4141.492,6194.165,501.27,37578.554,8870.932
19039,46211,912,13012.424,22443.0,3585.919,4141.492,6194.165,501.27,37578.554,8870.932
19039,464,1160,2967.422,6745.0,753.087,892.901,825.204,66.835,5964.703,2074.521
19039,4641,1160,2967.422,6745.0,753.087,892.901,825.204,66.835,5964.703,2074.521
19039,46411,806,2462.38,5533.0,649.652,701.819,627.619,45.926,5334.458,1760.561
19039,467,1455,5651.12,8777.0,935.738,1141.087,2717.374,247.751,11070.108,4510.033
19039,4671,1455,5651.12,8777.0,935.738,1141.087,2717.374,247.751,11070.108,4510.033
19039,48-49,338,22932.629,48049.0,7100.631,10629.912,11775.419,1988.716,11421.68,12302.717
19039,481,1,,,,,,,,
19039,485,51,4993.794,7679.0,1564.568,2290.78,4264.687,809.253,2569.41,2703.014
19039,4852,10,,,,,,,,
20067,31-33,2240,1763.126,5864.0,276.782,1097.066,768.136,70.675,1128.182,666.06
20067,311,926,665.051,2320.0,96.422,445.573,207.324,15.761,467.484,219.478
20067,3114,6,2.001,13.0,0.485,0.966,4.464,0.269,0.98,1.035
20067,3115,48,34.486,138.0,4.994,18.937,8.313,0.724,19.329,15.549
20067,31151,5,1.382,6.0,0.0,0.897,0.1,0.022,0.897,0.485
20067,3116,7,11.35,23.0,1.154,7.072,4.082,0.357,7.133,4.278
20067,31161,7,11.35,23.0,1.154,7.072,4.082,0.357,7.133,4.278
20067,311612,2,,,,,,,,
20067,3118,814,454.469,1878.0,59.67,263.445,120.556,10.564,265.924,191.024
20067,31181,187,,,,,,,,
20067,311812,185,,,,,,,,
20067,31183,625,244.396,1172.0,26.863,146.999,63.191,4.56,148.306,97.397
20067,3119,13,9.899,37.0,1.67,9.01,2.979,0.274,9.022,0.889
20067,31192,5,,,,,,,,
20067,312,177,361.757,696.0,43.321,200.255,136.704,17.933,203.351,161.502
20067,3121,177,361.757,696.0,43.321,200.255,136.704,17.933,203.351,161.502
20067,31211,154,326.206,547.0,32.06,160.068,122.799,16.29,160.517,166.138
20067,325,14,12.098,61.0,4.273,14.506,15.709,1.121,14.555,-2.408
20067,3254,1,,,,,,,,
20067,327,64,91.13,163.0,7.451,62.418,24.185,2.046,63.173,28.712
20067,3273,17,74.945,54.0,5.099,53.392,9.078,1.024,54.141,21.553
20067,3274,8,,,,,,,,
20067,331,1,,,,,,,,
20067,3312,1,,,,,,,,
20067,33122,1,,,,,,,,
20067,43,721,3854.728,5283.0,583.022,804.897,1563.165,135.671,11105.481,3049.831
20067,431,117,1470.821,1876.0,241.714,348.088,357.873,47.049,5094.928,1122.733
20067,4311,102,958.941,1379.0,181.602,184.103,301.883,39.028,4030.804,774.838
20067,43111,31,483.27,862.0,106.551,87.04,157.656,22.377,2385.472,396.23
20067,43112,6,23.205,26.0,2.729,7.675,6.986,0.822,152.017,15.53
20067,431121,2,,,,,,,,
20067,431122,1,,,,,,,,
20067,43113,16,29.666,75.0,5.632,2.674,35.418,2.12,50.002,26.992
20067,43114,11,56.277,72.0,7.273,8.003,10.476,2.307,398.277,48.274
20067,43116,4,,,,,,,,
20067,43117,1,,,,,,,,
20067,4312,15,511.88,497.0,60.112,163.985,55.99,8.021,1064.124,347.895
20067,43121,14,,,,,,,,
20067,431211,10,,,,,,,,
20067,433,42,198.398,773.0,75.906,30.654,271.759,20.827,686.134,167.744
20067,4331,10,112.39,176.0,21.529,15.55,201.597,15.65,412.93,96.84
20067,46,13039,13162.765,33501.0,2364.912,3228.902,4507.135,368.073,32998.647,9933.863
20067,461,5429,2104.683,9951.0,280.699,391.487,1041.963,74.024,4111.868,1713.196
20067,4611,5009,1969.756,9172.0,251.8,343.813,972.141,68.45,3833.051,1625.943
20067,46111,2142,381.156,3453.0,29.173,87.605,436.456,25.946,629.423,293.551
20067,46112,726,437.382,1502.0,52.629,59.488,161.23,12.911,1156.435,377.894
20067,461121,326,320.521,893.0,40.244,44.392,119.153,10.004,927.136,276.129
20067,461122,330,91.335,483.0,9.232,11.362,28.759,2.116,190.322,79.973
20067,46113,702,330.366,1256.0,32.353,44.508,138.14,9.908,487.933,285.858
20067,46115,275,174.161,654.0,25.227,25.374,54.282,4.578,486.228,148.787
20067,4612,420,134.927,779.0,28.899,47.674,69.822,5.575,278.817,87.253
20067,46121,413,133.755,769.0,28.653,47.085,69.696,5.556,277.141,86.67
20067,461213,116,19.601,187.0,5.529,6.718,21.401,1.373,39.097,12.883
20067,462,141,3906.401,4020.0,708.927,1015.752,1139.272,77.157,11817.142,2890.649
20067,4621,123,2532.104,2485.0,443.466,790.834,806.693,58.863,9123.041,1741.27
20067,46211,123,2532.104,2485.0,443.466,790.834,806.693,58.863,9123.041,1741.27
20067,464,601,829.237,2506.0,252.193,211.917,187.543,17.243,1653.932,617.32
20067,4641,601,829.237,2506.0,252.193,211.917,187.543,17.243,1653.932,617.32
20067,46411,381,690.108,1850.0,209.551,164.685,130.834,11.425,1420.791,525.423
20067,467,686,1103.98,2177.0,178.27,211.522,446.053,46.7,2327.749,892.458
20067,4671,686,1103.98,2177.0,178.27,211.522,446.053,46.7,2327.749,892.458
20067,48-49,161,1301.03,2108.0,281.976,805.236,1052.32,140.195,852.791,495.794
20067,481,1,,,,,,,,
20067,485,82,919.154,1357.0,189.699,631.462,798.08,104.275,672.649,287.692
20067,4852,42,611.438,774.0,117.821,498.504,585.015,64.751,533.956,112.934
20515,31-33,928,267.775,1495.0,24.747,166.299,88.506,7.498,170.883,101.476
20515,311,473,159.036,806.0,13.879,99.561,31.731,2.798,99.903,59.475
20515,3114,13,2.925,22.0,0.102,1.497,0.0,0.0,1.497,1.428
20515,3115,17,10.491,38.0,1.67,6.59,4.402,0.457,6.59,3.901
20515,31151,1,,,,,,,,
20515,3116,6,9.278,15.0,0.61,5.813,1.336,0.183,5.813,3.465
20515,31161,6,9.278,15.0,0.61,5.813,1.336,0.183,5.813,3.465
20515,3118,407,129.098,685.0,11.135,81.069,25.122,2.107,81.411,48.029
20515,31181,166,,,,,,,,
20515,311812,161,43.325,296.0,3.223,27.066,7.497,0.65,27.12,16.259
20515,31183,240,79.667,371.0,7.108,50.136,15.558,1.296,50.28,29.531
20515,3119,11,3.185,19.0,0.156,2.287,0.765,0.041,2.287,0.898
20515,31192,1,,,,,,,,
20515,312,28,19.253,85.0,3.855,11.0,20.091,2.03,11.007,8.253
20515,3121,28,19.253,85.0,3.855,11.0,20.091,2.03,11.007,8.253
20515,31211,28,19.253,85.0,3.855,11.0,20.091,2.03,11.007,8.253
20515,325,6,,,,,,,,
20515,3254,1,,,,,,,,
20515,327,22,11.792,51.0,1.985,6.915,7.552,0.565,6.933,4.877
20515,3273,12,7.304,25.0,1.396,4.297,6.672,0.481,4.315,3.007
20515,3274,3,,,,,,,,
20515,43,59,648.115,479.0,88.208,133.325,126.815,16.468,845.304,514.79
20515,431,13,616.859,357.0,76.311,126.568,105.035,14.043,770.359,490.291
20515,4311,10,319.519,223.0,59.168,44.326,83.534,11.996,374.724,275.193
20515,43111,4,11.9,21.0,2.087,1.496,1.344,0.129,49.835,10.404
20515,43112,1,,,,,,,,
20515,431122,1,,,,,,,,
20515,43116,1,,,,,,,,
20515,4312,3,297.34,134.0,17.143,82.242,21.501,2.047,395.635,215.098
20515,43121,3,297.34,134.0,17.143,82.242,21.501,2.047,395.635,215.098
20515,431211,1,,,,,,,,
20515,433,1,,,,,,,,
20515,46,1889,834.689,3600.0,121.467,163.523,275.646,23.562,2029.213,671.166
20515,461,1131,196.735,1844.0,16.825,35.5,112.424,7.488,438.366,161.235
20515,4611,1016,173.391,1669.0,13.731,30.731,100.261,6.531,395.787,142.66
20515,46111,593,76.204,953.0,3.607,15.407,72.646,4.241,130.8,60.797
20515,46112,196,52.806,343.0,4.036,6.428,13.542,1.074,151.06,46.378
20515,461121,77,30.682,165.0,2.846,4.145,10.763,0.845,86.419,26.537
20515,461122,64,12.092,99.0,0.971,1.052,1.966,0.111,38.88,11.04
20515,46113,109,23.691,197.0,2.51,4.603,7.718,0.705,80.121,19.088
20515,46115,20,3.177,30.0,0.579,0.444,1.252,0.068,8.919,2.733
20515,4612,115,23.344,175.0,3.094,4.769,12.163,0.956,42.579,18.575
20515,46121,115,23.344,175.0,3.094,4.769,12.163,0.956,42.579,18.575
20515,461213,39,6.382,59.0,0.807,1.785,3.681,0.3,10.372,4.597
20515,462,18,,,,,,,,
20515,4621,17,,,,,,,,
20515,46211,17,,,,,,,,
20515,464,51,29.406,154.0,11.273,10.279,8.939,0.677,81.406,19.127
20515,4641,51,29.406,154.0,11.273,10.279,8.939,0.677,81.406,19.127
20515,46411,49,,,,,,,,
20515,467,60,52.396,161.0,10.386,11.191,35.189,3.229,148.154,41.205
20515,4671,60,52.396,161.0,10.386,11.191,35.189,3.229,148.154,41.205
20515,48-49,17,38.478,115.0,10.427,17.319,26.929,4.449,17.586,21.159
20515,485,8,22.168,37.0,4.532,11.721,8.43,1.171,11.782,10.447
20515,4852,2,,,,,,,,
21114,31-33,8093,115056.603,77391.0,12069.977,69793.248,33576.848,2234.304,75840.465,45263.355
21114,311,2845,26987.961,16812.0,2183.285,17503.363,6081.999,444.813,19308.224,9484.598
21114,3114,25,2061.84,651.0,145.277,1261.898,232.116,18.515,1274.213,799.942
21114,3115,149,111.774,464.0,57.204,117.013,86.638,6.117,120.088,-5.239
21114,31151,9,6.904,127.0,43.763,42.119,45.769,3.155,44.252,-35.215
21114,3116,15,,,,,,,,
21114,31161,15,,,,,,,,
21114,311613,12,2021.017,1147.0,181.074,1310.535,531.453,27.949,1338.812,710.482
21114,3118,2450,10439.28,9318.0,831.56,6228.458,2074.089,159.772,6652.715,4210.822
21114,31181,1089,5305.123,4463.0,419.536,2310.694,1083.789,102.017,2386.372,2994.429
21114,311811,2,,,,,,,,
21114,311812,1062,1213.393,3656.0,199.151,754.025,283.602,27.35,790.131,459.368
21114,31183,1346,889.258,2978.0,90.499,565.004,265.239,22.573,568.074,324.254
21114,3119,129,1327.528,1440.0,206.342,773.759,761.448,44.194,875.248,553.769
21114,31192,8,50.012,97.0,13.868,34.914,6.074,0.658,36.353,15.098
21114,312,782,3391.274,2856.0,268.434,2585.069,1319.36,68.583,2693.724,806.205
21114,3121,782,3391.274,2856.0,268.434,2585.069,1319.36,68.583,2693.724,806.205
21114,31211,778,3373.84,2796.0,264.968,2574.616,1305.711,67.326,2682.467,799.224
21114,325,122,7754.368,3857.0,805.596,4699.825,3394.804,251.03,5037.294,3054.543
21114,3254,17,258.399,685.0,95.196,193.181,205.157,7.091,215.121,65.218
21114,327,282,1170.326,1517.0,124.644,723.632,239.419,21.283,733.987,446.694
21114,3273,76,681.664,526.0,45.292,489.804,97.16,10.094,497.507,191.86
21114,3274,7,0.487,16.0,0.095,0.293,0.554,0.03,0.295,0.194
21114,331,19,407.746,309.0,44.109,199.771,241.818,19.373,213.218,207.975
21114,3312,12,335.438,214.0,30.066,150.692,209.3,16.326,164.108,184.746
21114,33122,10,,,,,,,,
21114,43,3132,38348.273,32116.0,4061.852,8015.838,9077.088,796.484,77650.315,30332.435
21114,431,518,10263.157,11704.0,1600.33,2407.869,2442.989,219.293,29625.029,7855.288
21114,4311,471,7182.825,9927.0,1460.082,1726.636,2185.283,193.067,23780.933,5456.189
21114,43111,98,2226.91,3959.0,634.649,545.905,889.679,64.459,9395.766,1681.005
21114,43112,60,689.446,680.0,75.482,186.518,231.287,15.039,2408.297,502.928
21114,431121,42,559.226,544.0,62.136,172.346,206.516,11.289,1616.741,386.88
21114,431122,12,,,,,,,,
21114,43113,138,225.096,418.0,23.221,41.664,119.271,8.744,614.831,183.432
21114,43114,57,247.938,227.0,22.476,32.639,57.396,11.809,1501.555,215.299
21114,43116,22,,,,,,,,
21114,43117,7,,,,,,,,
21114,4312,47,3080.332,1777.0,140.248,681.233,257.706,26.227,5844.096,2399.099
21114,43121,46,,,,,,,,
21114,431211,37,2803.803,1585.0,119.819,596.666,216.197,21.485,5026.017,2207.137
21114,433,173,2837.845,1891.0,227.569,441.707,423.299,41.042,6026.065,2396.138
21114,4331,53,2274.936,1136.0,162.371,351.352,343.542,31.641,4937.715,1923.584
21114,46,42245,49049.784,116529.0,8001.566,13099.897,15775.42,1368.255,121227.399,35949.887
21114,461,19396,7267.86,37056.0,647.81,1315.064,3168.534,234.781,14454.958,5952.796
21114,4611,18827,6956.905,35793.0,583.438,1212.919,3082.373,226.879,13628.904,5743.986
21114,46111,10261,1898.159,17474.0,70.85,389.2,1370.34,95.361,3262.133,1508.959
21114,46112,2247,2031.707,5265.0,188.43,344.448,605.106,46.235,4913.448,1687.259
21114,461121,1191,1305.246,3208.0,132.048,255.209,417.774,30.904,3250.682,1050.037
21114,461122,959,496.557,1764.0,43.026,68.49,138.79,11.509,1423.571,428.067
21114,46113,2858,1491.856,5746.0,83.818,181.037,538.629,37.729,2451.24,1310.819
21114,46115,558,388.868,1440.0,56.054,64.529,96.754,9.654,725.797,324.339
21114,4612,569,310.955,1263.0,64.372,102.145,86.161,7.902,826.054,208.81
21114,46121,547,304.099,1216.0,62.482,99.826,84.908,7.76,816.292,204.273
21114,461213,165,91.065,407.0,21.813,18.625,25.116,2.497,130.813,72.44
21114,462,594,11052.442,14960.0,2520.015,3419.467,3742.535,304.111,37217.849,7632.975
21114,4621,548,8024.43,10232.0,1811.859,2884.853,3145.592,270.826,29424.541,5139.577
21114,46211,548,8024.43,10232.0,1811.859,2884.853,3145.592,270.826,29424.541,5139.577
21114,464,1945,2997.503,8427.0,829.735,739.91,622.326,58.075,6331.585,2257.593
21114,4641,1945,2997.503,8427.0,829.735,739.91,622.326,58.075,6331.585,2257.593
21114,46411,1400,2639.289,7289.0,761.561,620.998,450.224,41.453,5891.8,2018.291
21114,467,3523,3383.242,9443.0,689.151,780.01,1439.838,131.954,6873.525,2603.232
21114,4671,3523,3383.242,9443.0,689.151,780.01,1439.838,131.954,6873.525,2603.232
21114,48-49,384,11188.598,19574.0,2936.347,4898.332,9159.306,1627.91,5219.567,6290.266
21114,485,122,5199.509,7294.0,1300.583,2610.483,2962.845,469.643,2735.027,2589.026
21114,4852,22,1556.615,2546.0,482.961,1029.836,1018.0,197.487,1113.81,526.779
22014,31-33,3544,300566.136,112895.0,25787.991,189105.654,87757.836,5333.712,202835.403,111460.482
22014,311,1211,21209.196,7872.0,1348.975,12433.15,5833.276,476.592,12837.865,8776.046
22014,3114,7,1279.8,353.0,91.175,896.406,36.043,1.755,896.419,383.394
22014,3115,149,7836.98,1222.0,254.164,4082.644,1355.713,64.701,4124.426,3754.336
22014,31151,15,7712.391,878.0,238.792,4004.094,1312.119,60.824,4045.046,3708.297
22014,3116,9,207.113,185.0,27.945,111.601,67.832,6.932,112.483,95.512
22014,31161,9,207.113,185.0,27.945,111.601,67.832,6.932,112.483,95.512
22014,311612,1,,,,,,,,
22014,311613,6,,,,,,,,
22014,3118,980,3008.137,4212.0,361.217,1902.56,507.573,47.589,1961.843,1105.577
22014,31181,424,,,,,,,,
22014,311811,2,,,,,,,,
22014,311812,403,1060.86,2100.0,182.589,696.291,189.62,19.42,709.176,364.569
22014,31183,550,739.375,1580.0,91.735,459.481,288.812,25.107,467.929,279.894
22014,3119,32,156.061,267.0,57.959,96.793,15.323,1.937,107.71,59.268
22014,31192,3,,,,,,,,
22014,312,62,13736.311,2392.0,412.775,8111.048,662.151,52.974,8348.733,5625.263
22014,3121,62,13736.311,2392.0,412.775,8111.048,662.151,52.974,8348.733,5625.263
22014,31211,59,,,,,,,,
22014,325,76,30888.912,4725.0,1348.355,17496.792,6698.741,429.465,18683.87,13392.12
22014,3254,21,3182.067,1450.0,393.827,1703.235,1870.686,119.726,1818.198,1478.832
22014,327,68,9779.358,4287.0,1457.723,7232.376,4469.28,152.408,7558.579,2546.982
22014,3273,28,569.028,344.0,60.805,423.974,259.751,13.526,433.229,145.054
22014,3274,3,,,,,,,,
22014,331,12,2209.406,662.0,105.658,1751.233,259.569,22.776,1800.925,458.173
22014,3312,5,,,,,,,,
22014,33122,3,,,,,,,,
22014,43,2218,40566.728,28576.0,4448.626,10347.581,16377.167,1394.91,95481.139,30219.147
22014,431,270,7286.087,6289.0,919.409,1799.726,1440.749,120.137,16281.747,5486.361
22014,4311,238,5290.126,4325.0,706.735,1262.655,1243.101,114.105,13314.128,4027.471
22014,43111,40,682.666,686.0,97.117,81.059,421.336,27.513,2511.038,601.607
22014,43112,42,1294.077,754.0,93.573,378.828,172.5,23.586,2150.11,915.249
22014,431121,26,,,,,,,,
22014,431122,11,57.222,101.0,15.043,19.792,17.224,2.765,155.384,37.43
22014,43113,88,285.974,389.0,40.31,30.449,64.646,7.296,506.993,255.525
22014,43114,6,,,,,,,,
22014,43116,10,1096.297,987.0,159.527,113.793,269.428,11.149,3060.045,982.504
22014,43117,4,,,,,,,,
22014,4312,32,1995.961,1964.0,212.674,537.071,197.648,6.032,2967.619,1458.89
22014,43121,29,,,,,,,,
22014,431211,18,1059.693,1486.0,163.698,373.031,141.686,3.126,1280.691,686.662
22014,433,105,1656.129,1332.0,195.041,419.631,803.444,49.755,6817.069,1236.498
22014,4331,25,529.56,622.0,99.833,101.723,314.567,24.672,2441.097,427.837
22014,46,19918,45936.129,76056.0,7151.161,11154.158,14909.992,1121.727,103498.461,34781.971
22014,461,7556,6406.474,18225.0,774.158,1116.195,2159.065,184.81,11221.564,5290.279
22014,4611,7301,6155.515,17672.0,738.227,1004.998,2090.447,177.748,10581.243,5150.517
22014,46111,3434,1389.472,7222.0,126.769,241.953,843.647,61.155,2215.689,1147.519
22014,46112,1259,1652.295,3046.0,164.339,246.2,448.217,38.925,2674.611,1406.095
22014,461121,662,1253.042,1872.0,112.798,188.744,337.733,27.383,1884.804,1064.298
22014,461122,538,334.799,1033.0,39.341,48.069,91.898,9.654,668.873,286.73
22014,46113,1062,1492.834,3048.0,161.995,212.923,279.349,31.809,2326.738,1279.911
22014,46115,373,573.525,1307.0,118.251,71.66,181.079,14.701,1379.526,501.865
22014,4612,255,250.959,553.0,35.931,111.197,68.618,7.062,640.321,139.762
22014,46121,210,237.936,465.0,32.013,105.447,63.744,6.321,623.733,132.489
22014,461213,50,42.193,135.0,6.901,7.707,9.726,0.972,43.514,34.486
22014,462,816,,,,,,,,
22014,4621,779,11980.251,9537.0,1816.85,2733.385,3896.538,308.215,28041.589,9246.866
22014,46211,779,11980.251,9537.0,1816.85,2733.385,3896.538,308.215,28041.589,9246.866
22014,464,1106,2038.516,6100.0,663.868,539.651,468.523,38.665,4818.908,1498.865
22014,4641,1106,2038.516,6100.0,663.868,539.651,468.523,38.665,4818.908,1498.865
22014,46411,824,1727.363,5384.0,604.481,444.263,357.407,26.745,4454.438,1283.1
22014,467,1780,2894.371,5870.0,485.686,566.167,1347.18,134.692,5112.919,2328.204
22014,4671,1780,2894.371,5870.0,485.686,566.167,1347.18,134.692,5112.919,2328.204
22014,48-49,294,12667.119,16389.0,2438.389,17596.058,11551.34,1417.191,21846.183,-4928.939
22014,481,2,,,,,,,,
22014,485,28,2486.447,4836.0,742.268,958.977,2494.067,292.951,1023.453,1527.47
22014,4852,3,,,,,,,,
23004,31-33,628,4202.407,2992.0,465.917,2767.952,2559.388,105.486,2943.069,1434.455
23004,311,276,3358.809,1571.0,341.407,2262.779,2331.446,82.834,2385.601,1096.03
23004,3114,3,,,,,,,,
23004,3115,22,16.298,62.0,3.026,10.859,12.905,1.354,10.979,5.439
23004,31151,1,,,,,,,,
23004,3116,4,,,,,,,,
23004,31161,4,,,,,,,,
23004,3118,236,290.685,769.0,40.269,181.013,96.123,7.706,185.079,109.672
23004,31181,116,159.546,445.0,26.388,97.445,55.973,4.602,100.084,62.101
23004,311812,99,148.036,408.0,25.317,90.766,54.367,4.443,93.31,57.27
23004,31183,120,131.139,324.0,13.881,83.568,40.15,3.104,84.995,47.571
23004,3119,7,4.491,25.0,2.315,3.886,2.626,0.238,3.886,0.605
23004,31192,1,,,,,,,,
23004,312,34,380.153,453.0,63.521,222.261,75.188,9.371,270.607,157.892
23004,3121,34,380.153,453.0,63.521,222.261,75.188,9.371,270.607,157.892
23004,31211,33,,,,,,,,
23004,325,2,,,,,,,,
23004,327,8,214.696,56.0,9.259,141.64,14.596,2.085,143.632,73.056
23004,3273,8,214.696,56.0,9.259,141.64,14.596,2.085,143.632,73.056
23004,43,232,2037.338,1990.0,302.77,539.137,609.974,69.641,4396.406,1498.201
23004,431,46,1175.767,1076.0,197.244,346.004,350.489,42.709,2885.505,829.763
23004,4311,39,997.06,945.0,182.102,311.11,269.093,39.953,2436.537,685.95
23004,43111,12,186.871,195.0,33.432,107.597,27.872,3.596,872.882,79.274
23004,43112,3,,,,,,,,
23004,431122,2,,,,,,,,
23004,43113,6,35.357,54.0,6.34,19.481,27.477,6.161,459.669,15.876
23004,43114,1,,,,,,,,
23004,43116,4,,,,,,,,
23004,4312,7,178.707,131.0,15.142,34.894,81.396,2.756,448.968,143.813
23004,43121,7,178.707,131.0,15.142,34.894,81.396,2.756,448.968,143.813
23004,431211,4,,,,,,,,
23004,433,8,17.522,40.0,3.932,3.466,6.525,0.694,24.043,14.056
23004,4331,3,,,,,,,,
23004,46,3705,6926.033,13403.0,1135.986,1656.353,2189.755,162.386,16851.028,5269.68
23004,461,1852,904.101,3744.0,95.434,185.688,445.79,32.295,1577.435,718.413
23004,4611,1512,750.605,3175.0,67.101,173.987,402.528,28.769,1143.297,576.618
23004,46111,1041,278.894,2059.0,20.367,60.323,273.777,18.1,437.269,218.571
23004,46112,267,301.244,593.0,27.177,89.62,61.068,4.619,514.987,211.624
23004,461121,129,216.817,311.0,17.929,80.309,40.006,2.744,375.123,136.508
23004,461122,121,56.028,224.0,4.77,6.658,15.512,1.332,104.155,49.37
23004,46113,115,119.734,317.0,11.191,13.802,29.947,2.261,126.234,105.932
23004,46115,19,18.049,61.0,3.427,2.983,7.249,0.735,17.846,15.066
23004,4612,340,153.496,569.0,28.333,11.701,43.262,3.526,434.138,141.795
23004,46121,339,,,,,,,,
23004,461213,19,2.923,31.0,0.591,1.112,3.005,0.224,3.855,1.811
23004,462,120,,,,,,,,
23004,4621,114,1423.258,1868.0,310.197,488.896,433.414,35.197,5351.811,934.362
23004,46211,114,1423.258,1868.0,310.197,488.896,433.414,35.197,5351.811,934.362
23004,464,184,528.208,938.0,130.904,113.919,76.492,8.006,840.859,414.289
23004,4641,184,528.208,938.0,130.904,113.919,76.492,8.006,840.859,414.289
23004,46411,148,463.674,851.0,125.354,106.628,61.896,6.346,749.692,357.046
23004,467,199,933.476,1055.0,114.642,116.057,385.639,28.377,1260.759,817.419
23004,4671,199,933.476,1055.0,114.642,116.057,385.639,28.377,1260.759,817.419
23004,48-49,30,806.541,1677.0,250.828,325.348,388.772,49.072,352.469,481.193
23004,481,1,,,,,,,,
23004,485,5,,,,,,,,
23004,4852,2,,,,,,,,
24028,31-33,3545,317820.972,122990.0,27343.937,205713.923,92417.023,5756.973,216087.495,112107.049
24028,311,917,30704.844,12043.0,2101.812,20976.596,3787.688,280.384,21771.058,9728.248
24028,3114,11,5010.835,2006.0,422.037,3290.475,833.083,55.02,3472.306,1720.36
24028,3115,77,1159.981,986.0,137.126,754.652,131.954,6.897,773.653,405.329
24028,31151,14,720.74,423.0,66.349,442.183,55.771,3.188,452.946,278.557
24028,3116,11,779.524,453.0,84.2,589.803,180.417,10.571,624.452,189.721
24028,31161,11,779.524,453.0,84.2,589.803,180.417,10.571,624.452,189.721
24028,311612,1,,,,,,,,
24028,311613,7,721.535,218.0,65.526,567.389,146.167,9.671,601.276,154.146
24028,3118,738,6233.684,3828.0,462.443,2816.171,1314.646,114.624,2890.935,3417.513
24028,31181,367,5594.997,2533.0,364.528,2407.529,1062.061,100.113,2471.149,3187.468
24028,311811,3,4498.977,732.0,207.673,1709.418,759.334,70.851,1736.652,2789.559
24028,311812,297,1032.356,1578.0,143.155,659.742,282.851,27.351,696.0,372.614
24028,31183,363,477.51,1175.0,86.956,293.609,133.724,12.773,297.753,183.901
24028,3119,47,3922.536,1449.0,158.95,2249.697,393.127,31.709,2435.236,1672.839
24028,31192,3,,,,,,,,
24028,312,293,5598.593,2312.0,499.074,3424.209,1099.672,73.478,3526.629,2174.384
24028,3121,293,5598.593,2312.0,499.074,3424.209,1099.672,73.478,3526.629,2174.384
24028,31211,290,,,,,,,,
24028,325,62,12441.225,2377.0,574.934,8357.834,3388.862,196.47,9355.322,4083.391
24028,3254,5,,,,,,,,
24028,327,169,13330.697,6154.0,1402.118,7899.2,8119.02,534.913,8746.352,5431.497
24028,3273,43,1705.113,837.0,119.585,1321.479,395.925,55.625,1337.165,383.634
24028,3274,3,,,,,,,,
24028,331,42,58064.534,9009.0,2268.107,43034.771,13591.751,707.626,44358.328,15029.763
24028,3312,28,,,,,,,,
24028,33122,19,,,,,,,,
24028,43,1721,31877.016,23532.0,3480.204,7997.157,32791.292,2161.819,80477.976,23879.859
24028,431,432,11697.147,8263.0,1157.346,2953.506,1692.163,194.275,28694.663,8743.641
24028,4311,399,8413.054,5977.0,857.283,1874.352,1101.852,146.301,17683.307,6538.702
24028,43111,56,1010.364,1462.0,199.45,145.578,158.53,24.316,6121.515,864.786
24028,43112,15,317.201,190.0,17.324,19.387,49.388,5.278,576.344,297.814
24028,431121,10,258.747,131.0,8.795,13.632,44.623,4.728,369.096,245.115
24028,431122,2,,,,,,,,
24028,43113,227,849.867,944.0,84.231,130.258,187.521,17.161,1814.025,719.609
24028,43114,6,,,,,,,,
24028,43116,14,4175.244,1266.0,159.825,940.13,203.683,35.139,4152.247,3235.114
24028,43117,2,,,,,,,,
24028,4312,33,3284.093,2286.0,300.063,1079.154,590.311,47.974,11011.356,2204.939
24028,43121,31,,,,,,,,
24028,431211,13,2696.401,1816.0,249.656,1015.581,480.968,44.113,9240.717,1680.82
24028,433,95,728.414,835.0,83.171,217.346,120.784,12.351,1616.543,511.068
24028,4331,18,42.048,183.0,15.895,18.309,8.865,1.219,168.949,23.739
24028,46,15651,29117.314,54024.0,4664.709,7595.541,9943.913,820.167,65292.005,21521.773
24028,461,5994,3556.663,13496.0,437.611,666.543,1611.624,142.538,6423.282,2890.12
24028,4611,5568,3370.079,12634.0,402.947,617.285,1547.971,136.853,6051.578,2752.794
24028,46111,3158,995.401,6225.0,55.583,169.608,656.836,50.053,1867.115,825.793
24028,46112,582,945.216,1864.0,131.66,213.994,372.737,37.991,1478.782,731.222
24028,461121,467,898.63,1638.0,122.278,205.47,344.034,35.285,1402.205,693.16
24028,461122,68,22.191,113.0,4.098,4.042,6.89,0.803,44.326,18.149
24028,46113,699,634.113,1638.0,69.27,97.81,167.597,17.772,1359.595,536.303
24028,46115,155,142.169,415.0,15.953,12.948,27.8,2.654,161.313,129.221
24028,4612,426,186.584,862.0,34.664,49.258,63.653,5.685,371.704,137.326
24028,46121,403,,,,,,,,
24028,461213,67,18.451,119.0,4.248,6.474,15.901,1.179,24.244,11.977
24028,462,357,7554.925,8748.0,1512.992,2071.184,2521.654,193.664,20388.392,5483.741
24028,4621,325,5970.72,5809.0,1070.854,1692.903,2039.23,169.23,16959.544,4277.817
24028,46211,325,5970.72,5809.0,1070.854,1692.903,2039.23,169.23,16959.544,4277.817
24028,464,758,1305.426,3883.0,452.651,313.626,285.684,27.413,2802.764,991.8
24028,4641,758,1305.426,3883.0,452.651,313.626,285.684,27.413,2802.764,991.8
24028,46411,480,1154.899,3272.0,414.732,262.54,203.836,19.627,2619.783,892.359
24028,467,1154,1653.129,3948.0,331.814,372.879,910.641,87.589,3786.139,1280.25
24028,4671,1154,1653.129,3948.0,331.814,372.879,910.641,87.589,3786.139,1280.25
24028,48-49,283,11267.721,13351.0,1965.397,5463.465,6415.232,1004.403,5879.579,5804.256
24028,481,1,,,,,,,,
24028,485,56,1609.286,2873.0,397.123,895.2,1639.782,246.414,954.593,714.086
24028,4852,14,742.368,1386.0,210.029,435.91,688.064,93.605,469.426,306.458
25006,31-33,3842,43176.314,28897.0,4184.833,27654.824,9294.719,638.223,29366.91,15521.49
25006,311,1190,25877.864,12623.0,1723.047,17683.852,3163.509,149.137,18801.98,8194.012
25006,3114,15,809.661,811.0,137.225,594.591,141.63,7.914,611.001,215.07
25006,3115,92,83.18,224.0,11.3,54.472,26.573,2.85,55.117,28.708
25006,31151,28,30.761,66.0,2.712,18.835,2.367,0.176,18.844,11.926
25006,3116,54,16193.707,5976.0,875.425,10912.065,1742.785,59.798,11695.647,5281.642
25006,31161,54,16193.707,5976.0,875.425,10912.065,1742.785,59.798,11695.647,5281.642
25006,311612,2,,,,,,,,
25006,311613,41,1590.37,1085.0,160.722,1088.731,275.105,23.476,1180.823,501.639
25006,3118,956,1840.148,3612.0,266.307,1079.62,460.825,35.743,1103.422,760.528
25006,31181,449,988.283,1915.0,140.645,588.236,159.968,13.116,591.598,400.047
25006,311812,306,877.67,1526.0,123.549,525.66,125.546,10.315,527.621,352.01
25006,31183,492,848.228,1668.0,124.752,488.424,298.005,22.372,508.864,359.804
25006,3119,40,923.685,852.0,157.823,543.924,121.279,11.887,581.015,379.761
25006,31192,3,,,,,,,,
25006,312,493,5256.675,3605.0,816.225,2868.105,1684.62,107.145,2974.889,2388.57
25006,3121,493,5256.675,3605.0,816.225,2868.105,1684.62,107.145,2974.889,2388.57
25006,31211,492,,,,,,,,
25006,325,68,1029.294,960.0,147.398,674.049,252.426,21.426,710.584,355.245
25006,3254,8,178.426,337.0,60.226,180.478,50.84,3.928,184.24,-2.052
25006,327,232,1284.992,1177.0,125.271,873.125,453.837,47.488,891.731,411.867
25006,3273,37,1007.928,589.0,79.301,719.123,373.749,39.319,736.642,288.805
25006,3274,14,,,,,,,,
25006,331,3,17.897,27.0,3.41,9.105,20.96,2.389,9.105,8.792
25006,3312,2,,,,,,,,
25006,33122,1,,,,,,,,
25006,43,1551,27568.617,21596.0,3095.15,6005.289,9236.874,875.39,70154.442,21563.328
25006,431,293,10387.698,8481.0,1135.13,2221.313,2755.001,232.647,23581.051,8166.385
25006,4311,265,8530.36,6856.0,964.269,1688.837,2679.142,226.144,19411.931,6841.523
25006,43111,50,946.529,1151.0,145.353,329.409,704.129,52.282,3119.898,617.12
25006,43112,50,677.25,826.0,95.443,92.464,226.785,20.749,2277.843,584.786
25006,431121,27,193.448,324.0,34.61,30.92,44.361,4.375,712.153,162.528
25006,431122,5,,,,,,,,
25006,43113,59,1862.221,1057.0,142.089,316.304,290.874,34.581,4867.5,1545.917
25006,43114,6,27.963,47.0,5.121,5.696,5.111,0.409,151.109,22.267
25006,43116,16,799.347,743.0,101.382,190.265,129.325,18.175,1820.628,609.082
25006,43117,4,222.323,512.0,38.876,66.482,34.914,3.363,206.454,155.841
25006,4312,28,1857.338,1625.0,170.861,532.476,75.859,6.502,4169.12,1324.862
25006,43121,25,1688.739,1458.0,153.366,417.908,56.104,5.12,3295.568,1270.831
25006,431211,5,1045.322,1195.0,119.008,297.696,24.874,2.828,2310.575,747.626
25006,433,82,1327.304,1908.0,335.26,349.16,270.891,28.884,4708.64,978.144
25006,4331,26,1145.455,1445.0,279.886,234.26,176.327,21.529,3961.679,911.195
25006,46,14571,34233.632,63854.0,7347.366,8891.422,14588.909,1161.796,81319.95,25342.21
25006,461,6661,5219.905,14600.0,596.549,834.907,1830.019,139.869,9046.77,4384.998
25006,4611,5735,4775.686,13114.0,491.797,791.443,1659.765,119.674,7977.364,3984.243
25006,46111,4351,1442.593,8177.0,132.387,231.462,988.719,64.242,2312.042,1211.131
25006,46112,545,1869.485,2025.0,163.058,322.066,354.399,26.212,3587.586,1547.419
25006,461121,273,1653.171,1401.0,135.172,250.802,284.25,19.956,3222.045,1402.369
25006,461122,83,47.164,177.0,6.452,6.169,10.105,0.964,75.727,40.995
25006,46113,343,497.474,1131.0,58.43,69.487,116.008,10.245,721.611,427.987
25006,46115,102,627.699,506.0,40.86,55.937,65.805,6.156,826.985,571.762
25006,4612,926,444.219,1486.0,104.752,43.464,170.254,20.195,1069.406,400.755
25006,46121,918,443.06,1475.0,104.518,42.934,169.15,20.123,1067.801,400.126
25006,461213,127,67.171,373.0,31.362,19.345,51.434,9.78,133.322,47.826
25006,462,575,,,,,,,,
25006,4621,511,6592.242,10811.0,1673.11,1773.806,3935.845,306.632,20198.089,4818.436
25006,46211,511,6592.242,10811.0,1673.11,1773.806,3935.845,306.632,20198.089,4818.436
25006,464,880,2679.264,5122.0,664.898,640.569,393.413,33.482,4600.459,2038.695
25006,4641,880,2679.264,5122.0,664.898,640.569,393.413,33.482,4600.459,2038.695
25006,46411,772,2575.847,4860.0,644.101,612.855,339.323,28.87,4465.222,1962.992
25006,467,813,2891.846,4575.0,579.815,594.982,1436.499,143.838,4671.385,2296.864
25006,4671,813,2891.846,4575.0,579.815,594.982,1436.499,143.838,4671.385,2296.864
25006,48-49,210,3901.132,5220.0,806.876,2185.076,2774.863,288.145,2261.528,1716.056
25006,481,1,,,,,,,,
25006,485,28,547.335,794.0,125.339,424.455,648.185,21.504,430.66,122.88
25006,4852,12,145.049,312.0,43.011,119.489,118.747,4.227,120.942,25.56
26030,31-33,4034,225988.066,65023.0,12952.395,124551.475,40597.583,2600.5,127276.781,101436.591
26030,311,1649,21697.331,11145.0,1305.474,14200.219,4087.725,317.786,14634.099,7497.112
26030,3114,21,781.173,498.0,77.369,505.024,142.16,7.662,505.177,276.149
26030,3115,70,178.357,289.0,26.905,108.096,61.53,6.584,110.922,70.261
26030,31151,15,97.512,105.0,12.526,53.958,22.436,2.837,54.526,43.554
26030,3116,59,7776.302,3079.0,428.005,5967.756,2014.65,146.119,6058.236,1808.546
26030,31161,59,7776.302,3079.0,428.005,5967.756,2014.65,146.119,6058.236,1808.546
26030,311612,8,,,,,,,,
26030,311613,47,143.751,208.0,17.112,89.592,37.432,4.352,90.904,54.159
26030,3118,1386,3369.746,5051.0,407.586,1630.811,907.343,80.977,1658.67,1738.935
26030,31181,1145,2861.195,4040.0,327.183,1305.691,726.8,67.159,1326.949,1555.504
26030,311811,1,,,,,,,,
26030,311812,363,,,,,,,,
26030,31183,224,338.013,799.0,53.274,203.605,139.763,11.869,209.708,134.408
26030,3119,73,2033.232,929.0,142.891,1285.567,310.828,30.965,1476.202,747.665
26030,31192,6,,,,,,,,
26030,312,304,4618.984,3195.0,718.205,2405.883,1668.388,88.327,2498.361,2213.101
26030,3121,304,4618.984,3195.0,718.205,2405.883,1668.388,88.327,2498.361,2213.101
26030,31211,301,,,,,,,,
26030,325,44,13371.024,3745.0,334.118,11055.349,2079.401,146.628,11140.331,2315.675
26030,3254,4,,,,,,,,
26030,327,164,14069.472,1815.0,546.996,10330.828,3527.82,254.154,10481.926,3738.644
26030,3273,57,13270.166,1401.0,481.69,9696.62,3442.484,250.764,9787.969,3573.546
26030,3274,8,,,,,,,,
26030,331,13,555.401,311.0,47.01,314.82,109.006,6.156,379.467,240.581
26030,3312,8,,,,,,,,
26030,33122,7,,,,,,,,
26030,43,1798,27028.52,25983.0,3811.21,8274.705,9885.415,1023.151,76100.028,18753.815
26030,431,370,8101.959,9262.0,1290.367,2816.934,2323.35,335.336,21762.787,5285.025
26030,4311,345,6352.6,7994.0,1155.971,2375.467,2262.964,330.713,19104.713,3977.133
26030,43111,64,788.387,1385.0,201.84,206.027,102.33,14.573,3348.668,582.36
26030,43112,42,588.989,569.0,79.139,54.045,193.084,19.869,2050.074,534.944
26030,431121,29,500.112,333.0,48.685,42.174,152.562,15.203,1924.834,457.938
26030,431122,5,,,,,,,,
26030,43113,123,1872.505,2360.0,304.164,1346.573,1244.723,204.617,7136.125,525.932
26030,43114,23,498.348,768.0,77.752,153.355,62.05,10.862,2146.969,344.993
26030,43116,17,472.622,869.0,141.462,154.884,135.553,17.233,1520.35,317.738
26030,43117,9,,,,,,,,
26030,4312,25,1749.359,1268.0,134.396,441.467,60.386,4.622,2658.074,1307.892
26030,43121,18,1612.058,1015.0,107.728,335.739,41.317,3.664,2078.54,1276.319
26030,431211,9,1210.081,837.0,85.792,222.051,23.675,1.972,1366.138,988.03
26030,433,93,834.969,1411.0,213.197,336.598,568.431,46.918,2629.428,498.371
26030,4331,30,438.622,487.0,58.226,139.855,420.593,33.805,1267.197,298.767
26030,46,10951,30767.527,52642.0,5465.541,7527.672,11668.17,1188.394,76266.086,23239.855
26030,461,4571,4258.214,11941.0,520.974,759.92,1888.184,158.273,7752.803,3498.294
26030,4611,4060,4011.486,11074.0,468.824,735.208,1797.838,150.64,7160.425,3276.278
26030,46111,2905,1362.831,6363.0,120.925,207.221,819.332,63.177,2018.847,1155.61
26030,46112,268,1462.585,1622.0,162.478,285.969,469.017,40.408,3399.14,1176.616
26030,461121,140,1121.006,911.0,102.631,188.616,276.259,17.672,2373.069,932.39
26030,461122,53,226.399,259.0,23.21,61.263,48.148,5.036,702.111,165.136
26030,46113,199,575.217,1195.0,70.51,93.455,212.813,20.893,830.291,481.762
26030,46115,60,63.25,167.0,9.845,9.1,21.562,1.996,91.766,54.15
26030,4612,511,246.728,867.0,52.15,24.712,90.346,7.634,592.378,222.016
26030,46121,500,242.642,844.0,51.06,22.85,89.386,7.45,586.918,219.792
26030,461213,115,32.687,195.0,8.225,7.78,20.458,1.256,54.027,24.907
26030,462,662,9674.234,12662.0,1944.37,2578.97,3247.846,274.967,25210.503,7095.264
26030,4621,633,7341.515,10201.0,1589.109,2279.587,2893.313,254.781,22213.099,5061.928
26030,46211,633,7341.515,10201.0,1589.109,2279.587,2893.313,254.781,22213.099,5061.928
26030,464,642,,,,,,,,
26030,4641,642,,,,,,,,
26030,46411,537,1399.958,3447.0,398.039,372.68,366.769,32.015,3100.734,1027.278
26030,467,727,2797.822,4487.0,507.998,642.775,1161.389,128.134,4828.57,2155.047
26030,4671,727,2797.822,4487.0,507.998,642.775,1161.389,128.134,4828.57,2155.047
26030,48-49,272,7318.535,10140.0,1549.898,3452.037,5840.487,851.428,3802.028,3866.498
26030,481,1,,,,,,,,
26030,485,36,1804.93,2463.0,352.36,902.691,1296.372,168.374,1020.844,902.239
26030,4852,9,752.793,729.0,107.44,456.124,465.676,57.854,489.627,296.669
26033,31-33,297,466.688,1352.0,98.094,305.629,473.673,45.857,310.098,161.059
26033,311,147,394.746,1034.0,85.61,265.867,429.285,42.107,269.733,128.879
26033,3114,1,,,,,,,,
26033,3115,2,,,,,,,,
26033,3116,9,4.466,20.0,0.606,1.541,1.232,0.084,1.541,2.925
26033,31161,9,4.466,20.0,0.606,1.541,1.232,0.084,1.541,2.925
26033,311613,8,,,,,,,,
26033,3118,127,113.383,431.0,18.918,62.321,44.513,3.39,62.547,51.062
26033,31181,100,48.357,277.0,8.803,28.238,14.681,1.029,28.38,20.119
26033,311812,30,18.574,84.0,3.417,10.799,10.082,0.669,10.929,7.775
26033,31183,26,,,,,,,,
26033,3119,3,,,,,,,,
26033,312,35,20.261,86.0,4.105,11.077,10.382,0.99,11.089,9.184
26033,3121,35,20.261,86.0,4.105,11.077,10.382,0.99,11.089,9.184
26033,31211,35,20.261,86.0,4.105,11.077,10.382,0.99,11.089,9.184
26033,325,1,,,,,,,,
26033,327,20,3.305,35.0,0.308,1.408,3.148,0.353,1.408,1.897
26033,3273,2,,,,,,,,
26033,43,75,234.372,477.0,49.604,60.684,204.178,12.373,880.322,173.688
26033,431,21,88.281,236.0,20.688,25.515,77.37,5.191,132.528,62.766
26033,4311,19,,,,,,,,
26033,43111,3,,,,,,,,
26033,43112,6,17.264,74.0,1.941,1.879,41.89,2.932,24.261,15.385
26033,43113,1,,,,,,,,
26033,4312,2,,,,,,,,
26033,43121,2,,,,,,,,
26033,431211,2,,,,,,,,
26033,433,1,,,,,,,,
26033,46,1080,1171.534,3197.0,241.893,233.576,562.773,45.182,3089.323,937.958
26033,461,591,271.792,1170.0,34.829,47.379,120.331,8.644,408.973,224.413
26033,4611,509,231.366,1046.0,26.27,43.539,99.412,7.056,327.972,187.827
26033,46111,383,71.503,633.0,6.423,11.464,37.016,2.644,102.716,60.039
26033,46112,63,105.264,224.0,9.006,23.99,29.651,2.005,150.667,81.274
26033,461121,23,,,,,,,,
26033,461122,2,,,,,,,,
26033,46113,19,26.507,70.0,4.205,2.971,3.791,0.352,27.685,23.536
26033,46115,2,,,,,,,,
26033,4612,82,40.426,124.0,8.559,3.84,20.919,1.588,81.001,36.586
26033,46121,82,40.426,124.0,8.559,3.84,20.919,1.588,81.001,36.586
26033,461213,18,4.333,23.0,0.718,0.781,8.569,0.487,4.802,3.552
26033,462,36,351.404,539.0,81.638,74.902,148.951,14.152,956.678,276.502
26033,4621,34,,,,,,,,
26033,46211,34,,,,,,,,
26033,464,36,40.243,141.0,14.059,10.879,17.434,1.405,92.506,29.364
26033,4641,36,40.243,141.0,14.059,10.879,17.434,1.405,92.506,29.364
26033,46411,33,39.206,134.0,13.879,10.61,16.929,1.368,91.565,28.596
26033,467,59,52.68,164.0,11.865,7.61,50.659,4.086,90.225,45.07
26033,4671,59,52.68,164.0,11.865,7.61,50.659,4.086,90.225,45.07
26033,48-49,6,,,,,,,,
26033,485,2,,,,,,,,
27004,31-33,2588,45735.935,12044.0,2150.615,30914.312,9571.058,1007.995,65678.966,14821.623
27004,311,989,4362.209,3825.0,384.878,1920.1,981.257,91.011,1942.427,2442.109
27004,3114,7,4.809,15.0,0.787,2.831,4.829,0.45,2.831,1.978
27004,3115,66,36.786,168.0,5.886,31.982,15.278,1.713,32.033,4.804
27004,31151,8,5.778,42.0,2.593,11.026,5.609,0.89,11.037,-5.248
27004,3116,49,140.994,334.0,31.282,92.015,15.692,1.656,92.187,48.979
27004,31161,49,140.994,334.0,31.282,92.015,15.692,1.656,92.187,48.979
27004,311612,3,,,,,,,,
27004,311613,15,2.8,88.0,10.073,3.511,3.257,0.69,3.562,-0.711
27004,3118,834,3938.114,2913.0,318.952,1622.805,892.699,82.577,1639.796,2315.309
27004,31181,320,,,,,,,,
27004,311811,1,,,,,,,,
27004,311812,317,,,,,,,,
27004,31183,511,408.402,1280.0,58.302,241.709,74.788,6.437,243.158,166.693
27004,3119,22,176.689,299.0,21.008,117.867,25.128,3.336,122.902,58.822
27004,31192,1,,,,,,,,
27004,312,143,8415.521,1511.0,249.53,5264.981,624.977,57.025,5362.882,3150.54
27004,3121,143,8415.521,1511.0,249.53,5264.981,624.977,57.025,5362.882,3150.54
27004,31211,140,,,,,,,,
27004,325,34,30427.894,2560.0,1186.521,22237.557,7170.261,802.638,56841.802,8190.337
27004,3254,5,,,,,,,,
27004,327,41,382.063,188.0,22.963,231.879,76.795,5.27,234.045,150.184
27004,3273,21,263.308,111.0,15.161,177.922,22.074,2.709,179.923,85.386
27004,3274,2,,,,,,,,
27004,331,5,,,,,,,,
27004,3312,3,,,,,,,,
27004,43,905,13674.075,12117.0,1682.757,2666.578,11810.976,427.528,27562.147,11007.497
27004,431,124,5881.917,5028.0,758.369,1128.862,852.284,111.247,10823.716,4753.055
27004,4311,108,4237.382,4415.0,685.766,848.616,724.525,101.481,8178.037,3388.766
27004,43111,39,1221.847,1785.0,211.038,222.946,234.96,37.869,2171.715,998.901
27004,43112,10,138.205,281.0,37.802,23.773,56.132,4.851,690.875,114.432
27004,431121,6,,,,,,,,
27004,431122,4,,,,,,,,
27004,43113,21,166.733,212.0,20.716,10.912,45.501,9.188,265.632,155.821
27004,43114,2,,,,,,,,
27004,43116,6,,,,,,,,
27004,43117,5,,,,,,,,
27004,4312,16,1644.535,613.0,72.603,280.246,127.759,9.766,2645.679,1364.289
27004,43121,15,,,,,,,,
27004,431211,9,717.536,331.0,48.579,215.775,79.418,6.723,1005.992,501.761
27004,433,63,677.113,1061.0,103.38,90.847,459.013,36.476,1809.886,586.266
27004,4331,24,,,,,,,,
27004,46,11111,26798.379,48034.0,4609.409,6872.302,7462.852,645.416,63823.408,19926.077
27004,461,5288,3327.017,10691.0,329.772,449.795,651.557,49.601,5800.722,2877.222
27004,4611,4758,3052.96,9903.0,288.898,410.918,593.743,44.661,5143.366,2642.042
27004,46111,2646,506.463,4914.0,57.481,76.989,315.29,19.647,791.872,429.474
27004,46112,1080,1209.144,2508.0,111.91,171.952,150.069,12.913,2558.737,1037.192
27004,461121,499,830.014,1432.0,79.568,132.099,112.639,9.488,1981.616,697.915
27004,461122,453,276.861,819.0,24.065,33.066,30.254,2.714,449.07,243.795
27004,46113,573,617.52,1309.0,54.729,57.764,54.064,4.517,831.254,559.756
27004,46115,77,67.625,160.0,6.884,20.748,11.944,1.574,120.183,46.877
27004,4612,530,274.057,788.0,40.874,38.877,57.814,4.94,657.356,235.18
27004,46121,526,,,,,,,,
27004,461213,112,,,,,,,,
27004,462,513,,,,,,,,
27004,4621,486,6813.525,10935.0,1578.066,2479.481,2403.419,210.254,20733.535,4334.044
27004,46211,486,6813.525,10935.0,1578.066,2479.481,2403.419,210.254,20733.535,4334.044
27004,464,620,1462.39,3979.0,486.182,315.165,203.542,21.418,2766.647,1147.225
27004,4641,620,1462.39,3979.0,486.182,315.165,203.542,21.418,2766.647,1147.225
27004,46411,474,1318.908,3590.0,455.986,276.149,155.148,16.85,2576.721,1042.759
27004,467,653,1634.481,3151.0,338.311,412.29,602.196,54.747,3382.957,1222.191
27004,4671,653,1634.481,3151.0,338.311,412.29,602.196,54.747,3382.957,1222.191
27004,48-49,146,3925.771,5187.0,766.004,1498.983,2629.131,317.481,1594.362,2426.788
27004,485,65,1392.462,2156.0,276.802,479.624,940.019,135.794,506.186,912.838
27004,4852,18,134.214,373.0,39.571,88.15,159.024,9.326,99.407,46.064
28022,31-33,1607,59728.621,83889.0,18771.313,23867.596,13632.046,813.292,26394.145,35861.025
28022,311,570,1769.776,2235.0,230.867,1159.881,356.801,27.519,1197.067,609.895
28022,3114,1,,,,,,,,
28022,3115,30,210.08,251.0,60.524,127.005,60.867,10.944,133.874,83.075
28022,31151,1,,,,,,,,
28022,3116,2,,,,,,,,
28022,31161,2,,,,,,,,
28022,311612,1,,,,,,,,
28022,3118,521,549.644,1365.0,77.407,314.324,107.092,8.346,323.219,235.32
28022,31181,355,210.738,779.0,30.623,118.059,44.309,3.396,118.922,92.679
28022,311812,156,147.228,414.0,18.637,83.558,31.248,2.42,84.002,63.67
28022,31183,166,338.906,586.0,46.784,196.265,62.783,4.95,204.297,142.641
28022,3119,10,,,,,,,,
28022,312,28,4232.959,1718.0,534.445,1945.734,484.553,42.394,1990.362,2287.225
28022,3121,28,4232.959,1718.0,534.445,1945.734,484.553,42.394,1990.362,2287.225
28022,31211,27,,,,,,,,
28022,325,17,5680.837,1006.0,240.49,3276.791,1261.342,44.533,4702.91,2404.046
28022,327,39,1244.034,1370.0,336.288,602.709,330.131,25.388,654.783,641.325
28022,3273,7,388.681,101.0,22.437,276.576,86.743,9.926,282.333,112.105
28022,3274,3,,,,,,,,
28022,331,6,993.752,883.0,217.799,683.347,32.739,3.464,716.374,310.405
28022,3312,3,,,,,,,,
28022,33122,3,,,,,,,,
28022,43,437,4874.173,4592.0,707.28,1221.566,2828.42,136.856,11357.7,3652.607
28022,431,54,2622.78,2001.0,319.574,578.212,695.019,41.848,5395.94,2044.568
28022,4311,49,1335.727,1109.0,226.915,319.19,625.955,39.478,3398.862,1016.537
28022,43111,13,44.633,90.0,11.222,9.338,11.855,1.743,146.089,35.295
28022,43112,12,203.911,100.0,14.427,23.631,377.194,3.181,1298.607,180.28
28022,431121,7,172.694,58.0,9.929,13.47,367.631,2.288,1186.844,159.224
28022,431122,1,,,,,,,,
28022,43113,3,,,,,,,,
28022,43114,1,,,,,,,,
28022,43116,2,,,,,,,,
28022,43117,3,,,,,,,,
28022,4312,5,1287.053,892.0,92.659,259.022,69.064,2.37,1997.078,1028.031
28022,43121,4,,,,,,,,
28022,431211,2,,,,,,,,
28022,433,36,59.967,135.0,14.149,9.719,8.755,0.806,111.635,50.248
28022,4331,4,4.485,14.0,1.051,1.092,0.575,0.065,5.129,3.393
28022,46,8799,13597.97,28021.0,2537.659,2894.402,6747.408,531.484,35272.635,10703.568
28022,461,3258,1891.723,6622.0,183.817,214.516,566.209,40.675,3041.865,1677.207
28022,4611,3119,1835.095,6407.0,173.336,208.485,553.88,39.742,2922.545,1626.61
28022,46111,2536,667.244,4558.0,51.977,106.1,383.981,26.416,1106.142,561.144
28022,46112,139,863.603,595.0,54.969,67.262,99.528,7.54,1150.528,796.341
28022,461121,104,847.84,516.0,52.17,63.772,95.574,7.155,1130.384,784.068
28022,461122,8,4.217,20.0,0.797,0.681,1.052,0.098,5.499,3.536
28022,46113,159,95.099,375.0,15.317,11.407,14.001,1.302,128.785,83.692
28022,46115,52,142.672,374.0,35.786,7.701,22.995,1.703,451.324,134.971
28022,4612,139,56.628,215.0,10.481,6.031,12.329,0.933,119.32,50.597
28022,46121,138,,,,,,,,
28022,461213,34,7.27,51.0,1.672,1.738,2.95,0.205,6.909,5.532
28022,462,308,,,,,,,,
28022,4621,296,3841.71,5932.0,989.587,1209.979,1695.02,149.777,12458.886,2631.731
28022,46211,296,3841.71,5932.0,989.587,1209.979,1695.02,149.777,12458.886,2631.731
28022,464,392,731.834,2132.0,247.94,122.147,151.548,11.979,1467.281,609.687
28022,4641,392,731.834,2132.0,247.94,122.147,151.548,11.979,1467.281,609.687
28022,46411,313,662.76,1920.0,233.053,109.459,133.62,9.768,1387.784,553.301
28022,467,500,812.362,1689.0,156.299,126.637,445.759,38.995,1990.043,685.725
28022,4671,500,812.362,1689.0,156.299,126.637,445.759,38.995,1990.043,685.725
28022,48-49,172,3980.076,5468.0,814.709,1883.02,2768.634,475.778,2051.865,2097.056
28022,485,16,86.49,150.0,16.518,55.678,36.817,4.334,57.037,30.812
28038,31-33,966,3310.15,4817.0,458.582,1610.641,673.96,63.783,1687.722,1699.509
28038,311,336,1864.185,2122.0,178.662,891.7,191.784,19.366,942.151,972.485
28038,3114,1,,,,,,,,
28038,3115,32,896.181,684.0,80.663,416.777,70.923,6.095,425.168,479.404
28038,31151,7,807.088,454.0,50.869,367.554,59.469,5.115,375.619,439.534
28038,3116,3,,,,,,,,
28038,31161,3,,,,,,,,
28038,311612,2,,,,,,,,
28038,3118,282,461.472,1152.0,76.92,273.868,81.846,7.82,277.224,187.604
28038,31181,106,200.567,587.0,39.976,117.152,36.943,3.283,117.722,83.415
28038,311812,97,189.108,549.0,37.89,110.754,34.341,2.941,111.318,78.354
28038,31183,172,250.431,543.0,35.175,149.882,43.038,4.225,152.568,100.549
28038,3119,13,110.383,122.0,12.391,72.922,16.413,2.051,73.723,37.461
28038,31192,4,,,,,,,,
28038,312,101,516.495,344.0,32.701,134.715,63.026,5.6,140.295,381.78
28038,3121,101,516.495,344.0,32.701,134.715,63.026,5.6,140.295,381.78
28038,31211,99,,,,,,,,
28038,325,9,85.342,283.0,50.397,97.05,32.997,2.089,99.238,-11.708
28038,3254,3,,,,,,,,
28038,327,11,10.692,45.0,3.525,6.404,2.078,0.343,6.404,4.288
28038,3273,4,,,,,,,,
28038,331,6,3.14,77.0,8.538,19.706,86.925,4.895,21.351,-16.566
28038,3312,1,,,,,,,,
28038,43,459,6517.795,4472.0,677.718,1361.728,1382.758,163.482,17184.455,5156.067
28038,431,61,831.918,807.0,115.181,197.423,199.881,21.685,2876.048,634.495
28038,4311,57,759.209,782.0,112.372,185.763,191.509,20.88,2707.406,573.446
28038,43111,7,137.78,86.0,10.714,40.848,6.872,1.011,315.453,96.932
28038,43112,16,321.695,210.0,29.381,53.967,80.363,5.488,894.623,267.728
28038,431121,8,273.209,167.0,26.907,38.43,74.106,4.792,786.651,234.779
28038,43113,12,8.454,25.0,0.966,2.955,1.796,0.296,20.607,5.499
28038,43114,4,11.46,13.0,0.967,1.419,5.218,0.487,52.479,10.041
28038,43116,3,,,,,,,,
28038,43117,2,,,,,,,,
28038,4312,4,72.709,25.0,2.809,11.66,8.372,0.805,168.642,61.049
28038,43121,1,,,,,,,,
28038,433,29,209.532,225.0,33.865,32.823,36.536,3.6,399.449,176.709
28038,4331,8,130.744,48.0,7.895,11.74,9.479,1.22,241.907,119.004
28038,46,5124,12573.698,22721.0,2293.323,3254.453,4048.665,362.054,31056.064,9319.245
28038,461,2046,1057.175,4348.0,133.177,209.362,306.973,26.025,1787.534,847.813
28038,4611,1908,1008.191,4120.0,121.631,202.248,297.723,25.165,1689.322,805.943
28038,46111,1045,292.849,1957.0,25.596,57.086,108.299,8.076,471.389,235.763
28038,46112,347,399.842,964.0,42.43,72.253,114.49,9.31,669.268,327.589
28038,461121,191,258.97,475.0,24.739,53.346,55.796,3.315,414.801,205.624
28038,461122,47,18.839,87.0,3.373,2.711,1.923,0.191,27.29,16.128
28038,46113,199,133.87,423.0,12.41,32.702,19.487,2.666,226.781,101.168
28038,46115,80,49.877,173.0,8.598,7.188,5.509,0.702,127.329,42.689
28038,4612,138,48.984,228.0,11.546,7.114,9.25,0.86,98.212,41.87
28038,46121,136,,,,,,,,
28038,461213,49,13.203,86.0,3.722,3.183,3.707,0.291,12.591,10.02
28038,462,199,,,,,,,,
28038,4621,181,3486.817,3966.0,564.217,1202.298,1429.815,126.465,10840.015,2284.519
28038,46211,181,3486.817,3966.0,564.217,1202.298,1429.815,126.465,10840.015,2284.519
28038,464,312,590.182,1673.0,207.786,145.916,112.712,9.537,1104.968,444.266
28038,4641,312,590.182,1673.0,207.786,145.916,112.712,9.537,1104.968,444.266
28038,46411,215,520.427,1419.0,188.294,122.527,82.382,6.22,1026.312,397.9
28038,467,423,973.98,1883.0,190.945,187.297,344.969,36.143,1810.339,786.683
28038,4671,423,973.98,1883.0,190.945,187.297,344.969,36.143,1810.339,786.683
28038,48-49,120,3153.988,3010.0,492.045,1479.28,1202.484,139.227,1632.45,1674.708
28038,481,2,,,,,,,,
28038,485,9,143.66,233.0,40.716,80.494,40.237,4.634,81.898,63.166
28038,4852,1,,,,,,,,
29033,31-33,844,1040.185,2957.0,146.4,691.444,275.344,26.216,698.449,348.741
29033,311,368,133.625,835.0,15.436,85.379,65.542,5.472,87.544,48.246
29033,3115,29,12.227,76.0,1.384,7.774,5.629,0.609,8.266,4.453
29033,31151,6,3.718,22.0,0.637,1.983,0.327,0.028,2.247,1.735
29033,3116,1,,,,,,,,
29033,31161,1,,,,,,,,
29033,3118,321,115.221,695.0,13.501,74.108,53.475,4.425,75.633,41.113
29033,31181,82,,,,,,,,
29033,311812,77,,,,,,,,
29033,31183,237,69.976,468.0,7.354,44.56,30.487,2.345,45.59,25.416
29033,3119,6,1.494,18.0,0.0,1.262,1.066,0.128,1.289,0.232
29033,31192,1,,,,,,,,
29033,312,41,13.68,99.0,3.925,6.321,14.161,1.485,6.374,7.359
29033,3121,41,13.68,99.0,3.925,6.321,14.161,1.485,6.374,7.359
29033,31211,39,,,,,,,,
29033,325,6,0.92,9.0,0.048,1.315,0.22,0.029,1.4,-0.395
29033,327,33,15.002,93.0,5.317,33.625,31.361,2.853,34.525,-18.623
29033,3273,12,7.79,38.0,1.997,4.994,8.659,0.782,5.002,2.796
29033,3274,1,,,,,,,,
29033,331,1,,,,,,,,
29033,3312,1,,,,,,,,
29033,43,141,442.876,626.0,57.139,136.485,124.356,12.978,950.36,306.391
29033,431,13,308.8,256.0,36.611,87.208,66.087,6.776,666.905,221.592
29033,4311,11,,,,,,,,
29033,43111,8,,,,,,,,
29033,43112,3,,,,,,,,
29033,431121,2,,,,,,,,
29033,431122,1,,,,,,,,
29033,4312,2,,,,,,,,
29033,43121,2,,,,,,,,
29033,431211,1,,,,,,,,
29033,433,9,5.238,30.0,1.966,0.398,3.234,0.183,5.636,4.84
29033,4331,4,4.612,22.0,1.689,0.192,3.111,0.168,4.724,4.42
29033,46,3115,2714.513,8109.0,424.87,616.015,924.399,82.644,5690.695,2098.498
29033,461,1387,293.002,2698.0,36.643,65.674,301.236,24.03,563.473,227.328
29033,4611,1337,278.999,2598.0,33.369,61.413,290.465,23.242,543.348,217.586
29033,46111,795,104.31,1356.0,4.648,22.243,112.086,8.597,193.376,82.067
29033,46112,170,73.205,424.0,11.398,14.831,91.876,6.176,155.264,58.374
29033,461121,72,42.747,214.0,6.818,9.968,39.107,3.021,86.287,32.779
29033,461122,87,25.986,178.0,3.959,3.801,32.983,2.01,59.356,22.185
29033,46113,136,32.871,297.0,3.103,6.946,38.937,3.022,53.234,25.925
29033,46115,46,15.719,111.0,3.934,3.236,6.547,0.724,32.133,12.483
29033,4612,50,14.003,100.0,3.274,4.261,10.771,0.789,20.125,9.742
29033,46121,48,,,,,,,,
29033,461213,18,1.167,27.0,0.223,0.469,0.745,0.044,1.574,0.698
29033,462,42,,,,,,,,
29033,4621,39,,,,,,,,
29033,46211,39,,,,,,,,
29033,464,200,218.312,720.0,58.824,41.382,62.043,6.922,405.972,176.93
29033,4641,200,218.312,720.0,58.824,41.382,62.043,6.922,405.972,176.93
29033,46411,149,191.032,587.0,51.057,32.455,45.631,5.193,377.819,158.577
29033,467,246,109.571,548.0,21.561,23.305,56.37,6.21,185.197,86.266
29033,4671,246,109.571,548.0,21.561,23.305,56.37,6.21,185.197,86.266
29033,48-49,20,,,,,,,,
29033,485,6,,,,,,,,
29033,4852,2,,,,,,,,
30044,31-33,1055,27445.752,7846.0,1216.451,19996.975,3973.3,203.703,21395.614,7448.777
30044,311,358,24308.325,4022.0,790.466,17697.592,3222.607,138.746,18987.15,6610.733
30044,3114,3,22.104,31.0,3.313,13.935,2.105,0.273,14.138,8.169
30044,3115,16,11.089,63.0,2.506,7.151,2.229,0.251,7.151,3.938
30044,3116,5,11.214,46.0,2.149,5.3,7.067,0.922,5.3,5.914
30044,31161,5,11.214,46.0,2.149,5.3,7.067,0.922,5.3,5.914
30044,311613,2,,,,,,,,
30044,3118,273,364.722,980.0,53.632,207.966,77.954,6.656,208.777,156.756
30044,31181,149,235.47,634.0,36.066,128.872,51.58,4.425,129.457,106.598
30044,311812,147,,,,,,,,
30044,31183,122,,,,,,,,
30044,3119,39,6793.354,1278.0,218.737,4412.707,1114.64,53.989,4786.884,2380.647
30044,31192,20,6760.781,1204.0,215.495,4388.899,1111.798,53.425,4763.076,2371.882
30044,312,46,2040.965,1009.0,179.766,1649.807,200.407,23.096,1719.257,391.158
30044,3121,46,2040.965,1009.0,179.766,1649.807,200.407,23.096,1719.257,391.158
30044,31211,42,,,,,,,,
30044,325,11,35.443,48.0,5.174,20.843,9.368,1.002,24.789,14.6
30044,3254,1,,,,,,,,
30044,327,12,58.604,56.0,8.585,45.976,21.231,0.389,49.599,12.628
30044,3273,6,55.155,34.0,7.461,44.122,17.448,0.16,47.745,11.033
30044,331,3,,,,,,,,
30044,43,371,3710.908,4031.0,537.573,880.167,1302.789,81.308,9100.13,2830.741
30044,431,54,1646.422,1613.0,242.556,428.357,799.028,44.81,4396.253,1218.065
30044,4311,50,1216.146,1275.0,209.361,336.166,779.861,42.898,3868.265,879.98
30044,43111,26,694.122,694.0,85.359,209.537,661.107,24.976,2897.498,484.585
30044,43112,3,,,,,,,,
30044,431122,2,,,,,,,,
30044,43113,4,1.61,11.0,0.403,0.178,0.115,0.01,3.262,1.432
30044,43114,2,,,,,,,,
30044,43116,2,,,,,,,,
30044,4312,4,430.276,338.0,33.195,92.191,19.167,1.912,527.988,338.085
30044,43121,3,,,,,,,,
30044,431211,2,,,,,,,,
30044,433,19,123.927,317.0,41.823,32.671,46.256,4.358,711.719,91.256
30044,4331,13,107.218,203.0,30.799,26.139,30.412,3.077,677.211,81.079
30044,46,5612,6855.234,16872.0,1317.278,1602.661,2300.026,165.703,16132.982,5252.573
30044,461,2568,1547.703,4887.0,147.951,276.359,546.891,34.012,2009.995,1271.344
30044,4611,2391,1456.512,4471.0,114.81,244.834,520.691,31.969,1718.654,1211.678
30044,46111,1253,169.799,1987.0,17.472,27.326,240.915,14.029,279.239,142.473
30044,46112,349,208.016,728.0,33.571,32.825,159.897,8.254,350.368,175.191
30044,461121,151,114.852,381.0,20.402,27.234,151.282,7.447,218.847,87.618
30044,461122,183,85.672,315.0,12.109,4.605,6.181,0.654,119.735,81.067
30044,46113,408,120.598,745.0,11.817,19.783,38.054,2.77,219.555,100.815
30044,46115,82,43.968,197.0,9.236,8.016,9.281,0.78,81.868,35.952
30044,4612,177,91.191,416.0,33.141,31.525,26.2,2.044,291.341,59.666
30044,46121,174,,,,,,,,
30044,461213,67,9.831,98.0,1.986,2.971,5.144,0.287,15.776,6.86
30044,462,104,,,,,,,,
30044,4621,95,691.617,1806.0,260.961,282.056,269.355,22.775,2953.126,409.561
30044,46211,95,691.617,1806.0,260.961,282.056,269.355,22.775,2953.126,409.561
30044,464,240,480.704,1292.0,144.876,94.307,98.134,7.239,1104.12,386.397
30044,4641,240,480.704,1292.0,144.876,94.307,98.134,7.239,1104.12,386.397
30044,46411,190,460.51,1194.0,140.022,89.122,87.201,6.017,1083.553,371.388
30044,467,366,509.682,1121.0,89.935,70.758,260.688,22.056,1094.148,438.924
30044,4671,366,509.682,1121.0,89.935,70.758,260.688,22.056,1094.148,438.924
30044,48-49,51,2762.657,2506.0,375.258,1373.749,2035.981,315.065,1549.479,1388.908
30044,485,21,421.483,638.0,93.073,323.576,568.341,86.375,336.85,97.907
30044,4852,9,214.515,295.0,43.417,203.508,342.235,48.801,209.713,11.007
30141,31-33,578,638.179,2043.0,131.603,385.749,233.956,20.746,390.167,252.43
30141,311,222,177.592,539.0,17.854,111.094,53.364,4.13,111.88,66.498
30141,3114,2,,,,,,,,
30141,3115,15,11.838,26.0,0.973,6.892,0.787,0.08,6.892,4.946
30141,31151,3,5.846,8.0,0.206,3.23,0.32,0.034,3.23,2.616
30141,3116,4,,,,,,,,
30141,31161,4,,,,,,,,
30141,311613,2,,,,,,,,
30141,3118,195,160.63,495.0,16.705,101.348,52.365,4.036,102.134,59.282
30141,31181,84,72.918,250.0,10.228,43.607,26.987,2.239,43.742,29.311
30141,311812,83,,,,,,,,
30141,31183,111,87.712,245.0,6.477,57.741,25.378,1.797,58.392,29.971
30141,3119,4,1.095,6.0,0.152,0.772,0.058,0.005,0.772,0.323
30141,312,54,328.13,856.0,92.393,211.54,54.332,5.961,215.083,116.59
30141,3121,30,,,,,,,,
30141,31211,28,,,,,,,,
30141,325,3,,,,,,,,
30141,327,14,33.47,48.0,2.549,12.888,2.534,0.297,12.888,20.582
30141,3273,8,,,,,,,,
30141,3274,2,,,,,,,,
30141,43,121,1487.835,1269.0,183.163,354.003,334.614,43.51,2919.4,1133.832
30141,431,23,1169.247,900.0,157.735,282.956,272.122,32.983,2104.989,886.291
30141,4311,17,736.449,573.0,114.994,133.63,161.409,23.334,1257.035,602.819
30141,43111,4,,,,,,,,
30141,43112,2,,,,,,,,
30141,431121,1,,,,,,,,
30141,431122,1,,,,,,,,
30141,43113,1,,,,,,,,
30141,43114,1,,,,,,,,
30141,43116,2,,,,,,,,
30141,4312,6,432.798,327.0,42.741,149.326,110.713,9.649,847.954,283.472
30141,43121,4,,,,,,,,
30141,431211,2,,,,,,,,
30141,433,2,,,,,,,,
30141,4331,1,,,,,,,,
30141,46,2635,2216.458,6649.0,436.689,561.339,931.5,82.084,4871.884,1655.119
30141,461,1391,375.353,2296.0,32.139,51.759,157.058,10.292,543.149,323.594
30141,4611,1281,354.036,2118.0,27.514,46.068,144.64,9.417,510.012,307.968
30141,46111,834,142.643,1350.0,10.587,25.664,106.069,6.323,216.284,116.979
30141,46112,225,123.926,388.0,10.655,11.512,26.658,2.154,187.127,112.414
30141,461121,118,62.378,224.0,7.95,7.772,16.437,1.411,100.938,54.606
30141,461122,83,46.145,134.0,2.41,3.101,7.858,0.591,69.648,43.044
30141,46113,120,44.841,207.0,2.875,4.165,4.422,0.356,49.722,40.676
30141,46115,33,15.262,50.0,0.664,0.587,1.006,0.106,24.303,14.675
30141,4612,110,21.317,178.0,4.625,5.691,12.418,0.876,33.137,15.626
30141,46121,109,,,,,,,,
30141,461213,74,10.606,115.0,2.441,3.208,8.497,0.603,14.037,7.398
30141,462,69,611.903,1108.0,188.236,230.557,246.435,18.883,1791.433,381.346
30141,4621,66,513.563,809.0,124.023,158.492,150.361,14.07,1526.638,355.071
30141,46211,66,513.563,809.0,124.023,158.492,150.361,14.07,1526.638,355.071
30141,464,97,127.165,388.0,36.204,29.646,35.599,2.423,254.877,97.519
30141,4641,97,127.165,388.0,36.204,29.646,35.599,2.423,254.877,97.519
30141,46411,82,119.877,353.0,34.476,28.132,33.239,2.263,248.968,91.745
30141,467,123,171.511,492.0,37.832,33.575,72.18,8.698,374.104,137.936
30141,4671,123,171.511,492.0,37.832,33.575,72.18,8.698,374.104,137.936
30141,48-49,17,108.316,251.0,25.904,55.333,32.792,5.741,61.904,52.983
30141,485,2,,,,,,,,
30193,31-33,1686,76930.79,21374.0,5201.155,45258.413,66279.817,2337.303,49091.422,31672.377
30193,311,524,18190.785,7039.0,1202.827,9635.548,3108.376,213.744,10052.48,8555.237
30193,3114,7,1080.66,812.0,179.214,871.865,166.079,10.444,954.731,208.795
30193,3115,21,5820.223,993.0,218.673,3023.716,556.059,29.11,3050.478,2796.507
30193,31151,9,5811.475,954.0,216.801,3018.543,552.989,28.823,3045.273,2792.932
30193,3116,3,,,,,,,,
30193,31161,3,,,,,,,,
30193,311612,1,,,,,,,,
30193,311613,1,,,,,,,,
30193,3118,453,4400.175,2930.0,399.569,2007.817,1104.075,93.451,2141.032,2392.358
30193,31181,251,3070.937,1678.0,269.079,1255.031,816.494,73.162,1293.794,1815.906
30193,311811,1,,,,,,,,
30193,311812,246,404.18,1076.0,84.38,255.676,152.479,11.058,264.074,148.504
30193,31183,201,,,,,,,,
30193,3119,19,3565.214,722.0,94.719,1748.107,486.518,29.609,1888.407,1817.107
30193,31192,4,,,,,,,,
30193,312,107,335.79,644.0,75.253,184.241,302.925,21.932,200.292,151.549
30193,3121,105,,,,,,,,
30193,31211,101,323.547,606.0,72.097,176.159,278.539,21.17,192.21,147.388
30193,325,20,667.741,277.0,50.102,436.107,80.003,6.38,479.049,231.634
30193,3254,1,,,,,,,,
30193,327,36,421.55,269.0,46.818,290.422,162.636,20.618,318.951,131.128
30193,3273,18,372.561,182.0,39.752,272.63,135.975,18.351,283.723,99.931
30193,3274,1,,,,,,,,
30193,331,8,47542.742,6175.0,2372.906,28167.323,57189.466,1824.7,31084.661,19375.419
30193,3312,2,,,,,,,,
30193,33122,1,,,,,,,,
30193,43,909,22736.913,13224.0,2128.956,5023.942,5079.851,426.793,49023.225,17712.971
30193,431,158,6691.357,5808.0,857.928,1360.017,1230.55,149.966,13670.94,5331.34
30193,4311,140,5334.879,4275.0,706.108,988.799,943.12,109.347,11625.269,4346.08
30193,43111,40,1897.092,1095.0,150.492,216.401,417.407,42.034,4507.959,1680.691
30193,43112,23,304.298,224.0,25.928,25.327,62.738,6.341,864.123,278.971
30193,431121,13,156.295,116.0,14.354,20.85,45.309,4.179,292.645,135.445
30193,431122,6,144.615,78.0,10.032,3.715,13.568,1.844,562.283,140.9
30193,43113,8,6.205,25.0,1.929,1.536,1.106,0.231,10.479,4.669
30193,43114,6,162.853,57.0,8.924,9.969,21.637,2.902,548.226,152.884
30193,43116,15,1011.466,709.0,111.155,302.392,115.192,12.9,2135.155,709.074
30193,43117,7,,,,,,,,
30193,4312,18,1356.478,1533.0,151.82,371.218,287.43,40.619,2045.671,985.26
30193,43121,17,,,,,,,,
30193,431211,10,886.999,988.0,84.72,268.688,95.674,9.866,1026.351,618.311
30193,433,45,805.999,694.0,78.026,224.285,275.927,23.663,1682.202,581.714
30193,4331,13,391.589,462.0,51.44,168.73,249.329,20.162,1068.265,222.859
30193,46,10934,17335.03,36833.0,3365.628,4899.972,6798.845,556.388,43062.615,12435.058
30193,461,5133,2198.882,10610.0,335.428,369.455,900.999,77.816,4188.223,1829.427
30193,4611,4675,2037.881,9906.0,303.83,353.422,862.074,74.659,3813.803,1684.459
30193,46111,2674,666.708,5016.0,74.233,105.641,452.13,40.35,1081.355,561.067
30193,46112,737,576.837,1895.0,95.187,104.162,214.433,17.292,1178.433,472.675
30193,461121,327,350.182,1025.0,61.623,74.548,129.552,10.349,736.966,275.634
30193,461122,322,138.371,614.0,20.979,17.453,50.283,4.182,276.783,120.918
30193,46113,729,380.366,1593.0,53.427,61.363,110.128,8.471,829.526,319.003
30193,46115,174,171.222,527.0,33.915,27.145,35.527,3.607,347.145,144.077
30193,4612,458,161.001,704.0,31.598,16.033,38.925,3.157,374.42,144.968
30193,46121,440,158.229,680.0,30.964,14.825,37.88,3.081,371.094,143.404
30193,461213,103,20.349,142.0,2.581,4.691,4.126,0.326,22.197,15.658
30193,462,398,5011.343,6882.0,1266.941,1774.432,2288.394,188.342,14716.113,3236.911
30193,4621,373,4157.361,5402.0,1010.423,1503.224,1991.536,173.368,12706.465,2654.137
30193,46211,373,4157.361,5402.0,1010.423,1503.224,1991.536,173.368,12706.465,2654.137
30193,464,546,1290.591,2977.0,349.494,273.117,204.744,15.48,2568.523,1017.474
30193,4641,546,1290.591,2977.0,349.494,273.117,204.744,15.48,2568.523,1017.474
30193,46411,345,1182.577,2557.0,327.464,244.511,167.937,12.148,2442.228,938.066
30193,467,849,1285.452,2764.0,248.457,211.015,750.66,49.704,2602.769,1074.437
30193,4671,849,1285.452,2764.0,248.457,211.015,750.66,49.704,2602.769,1074.437
30193,48-49,419,20942.081,19404.0,3625.29,12177.275,30234.575,3125.688,13018.018,8764.806
30193,481,2,,,,,,,,
30193,485,19,255.758,589.0,90.492,75.438,285.18,48.467,79.094,180.32
30193,4852,2,,,,,,,,
31050,31-33,3917,65206.479,45867.0,6981.032,43740.362,16844.67,1143.866,46508.712,21466.117
31050,311,1269,33251.888,11694.0,1969.721,23066.598,5584.417,356.358,24667.681,10185.29
31050,3114,12,44.59,81.0,6.459,35.559,7.937,0.968,35.639,9.031
31050,3115,80,107.305,284.0,21.827,65.629,44.452,4.829,68.428,41.676
31050,31151,4,32.809,50.0,9.354,19.667,7.841,1.435,21.467,13.142
31050,3116,8,,,,,,,,
31050,31161,8,,,,,,,,
31050,311613,6,,,,,,,,
31050,3118,1057,6651.719,6198.0,856.187,3307.388,1624.047,132.303,3365.765,3344.331
31050,31181,572,4385.825,3197.0,387.346,1994.788,1173.832,99.104,2045.449,2391.037
31050,311811,1,,,,,,,,
31050,311812,565,1274.215,2616.0,210.459,838.127,538.972,39.675,864.42,436.088
31050,31183,474,497.313,1394.0,59.289,315.727,187.321,13.74,321.382,181.586
31050,3119,68,3705.025,1483.0,295.399,2162.406,886.83,67.218,2328.637,1542.619
31050,31192,3,8.021,12.0,1.058,5.962,1.518,0.187,5.969,2.059
31050,312,142,4502.262,3279.0,792.348,2593.018,546.544,50.932,3029.48,1909.244
31050,3121,142,4502.262,3279.0,792.348,2593.018,546.544,50.932,3029.48,1909.244
31050,31211,135,4427.318,3177.0,777.065,2544.837,519.239,48.352,2973.047,1882.481
31050,325,68,1033.503,1058.0,142.358,659.413,277.048,16.611,680.993,374.09
31050,3254,5,82.216,257.0,47.674,94.988,33.117,2.005,97.087,-12.772
31050,327,100,10533.234,2821.0,565.985,8384.944,3542.745,263.631,8501.025,2148.29
31050,3273,55,9283.623,1777.0,455.793,7328.092,2672.672,204.338,7442.582,1955.531
31050,3274,8,,,,,,,,
31050,331,8,33.143,40.0,4.522,18.561,23.279,2.905,18.561,14.582
31050,3312,3,,,,,,,,
31050,43,1944,28292.251,22731.0,3149.087,9296.627,27649.892,3647.901,60200.438,18995.624
31050,431,215,6001.858,6626.0,1025.9,1890.809,3187.531,284.946,11799.296,4111.049
31050,4311,196,4782.917,5964.0,865.396,1551.319,3103.776,280.636,9783.239,3231.598
31050,43111,42,1581.335,1865.0,279.275,375.809,447.883,39.089,2926.188,1205.526
31050,43112,41,333.826,614.0,51.775,385.977,1858.422,136.992,1219.291,-52.151
31050,431121,20,,,,,,,,
31050,431122,10,,,,,,,,
31050,43113,27,103.857,186.0,19.442,23.239,28.988,3.493,294.957,80.618
31050,43114,7,73.132,585.0,48.43,74.18,69.615,10.122,165.554,-1.048
31050,43116,15,,,,,,,,
31050,43117,10,,,,,,,,
31050,4312,19,1218.941,662.0,160.504,339.49,83.755,4.31,2016.057,879.451
31050,43121,17,,,,,,,,
31050,431211,9,700.794,444.0,125.866,137.278,58.696,1.917,751.571,563.516
31050,433,143,1478.064,2203.0,269.358,341.855,491.726,42.886,4135.054,1136.209
31050,4331,40,588.843,1003.0,132.741,139.281,326.03,26.068,2720.475,449.562
31050,46,18106,39656.812,77490.0,7608.117,11214.795,14968.37,1131.19,102733.978,28442.017
31050,461,7780,3908.881,16680.0,638.585,1084.168,1524.826,130.764,7858.668,2824.713
31050,4611,6421,3350.572,14533.0,515.819,1004.412,1346.276,112.257,6139.263,2346.16
31050,46111,3597,934.891,7287.0,85.02,175.852,740.631,48.645,1640.742,759.039
31050,46112,1151,1279.193,3165.0,236.752,422.409,245.095,23.414,2315.25,856.784
31050,461121,645,1053.204,2045.0,186.098,387.103,181.164,17.135,1912.098,666.101
31050,461122,433,203.43,968.0,46.933,30.48,58.406,5.559,366.446,172.95
31050,46113,822,513.297,1997.0,79.145,213.388,166.375,21.749,987.201,299.909
31050,46115,91,74.742,258.0,13.366,24.036,26.716,2.962,212.058,50.706
31050,4612,1359,558.309,2147.0,122.766,79.756,178.55,18.507,1719.405,478.553
31050,46121,1350,,,,,,,,
31050,461213,146,40.858,290.0,8.411,11.34,22.221,1.904,94.506,29.518
31050,462,717,,,,,,,,
31050,4621,677,8966.714,11826.0,1926.573,2774.644,3127.204,271.025,27642.426,6192.07
31050,46211,677,8966.714,11826.0,1926.573,2774.644,3127.204,271.025,27642.426,6192.07
31050,464,1034,2721.112,5198.0,666.16,691.01,409.304,41.075,5577.3,2030.102
31050,4641,1034,2721.112,5198.0,666.16,691.01,409.304,41.075,5577.3,2030.102
31050,46411,698,2481.908,4388.0,602.626,615.539,290.331,30.184,5285.981,1866.369
31050,467,1471,3819.325,8345.0,821.769,1029.033,1714.528,192.01,8101.574,2790.292
31050,4671,1471,3819.325,8345.0,821.769,1029.033,1714.528,192.01,8101.574,2790.292
31050,48-49,246,7718.754,10182.0,1447.575,3779.245,4858.845,720.583,4050.039,3939.509
31050,481,3,,,,,,,,
31050,485,66,,,,,,,,
31050,4852,16,,,,,,,,
32010,31-33,733,6063.705,14067.0,2055.378,2506.219,1924.258,74.997,2578.692,3557.486
32010,311,254,672.134,1235.0,94.032,461.889,239.099,20.788,472.926,210.245
32010,3114,11,239.948,207.0,22.633,198.988,77.566,6.549,204.691,40.96
32010,3115,37,22.239,94.0,3.571,14.029,12.869,1.105,14.089,8.21
32010,31151,4,4.47,14.0,0.533,2.335,0.71,0.082,2.335,2.135
32010,3118,195,394.981,904.0,66.66,240.81,147.07,13.0,246.084,154.171
32010,31181,91,237.46,546.0,46.494,150.042,98.818,9.266,155.016,87.418
32010,311811,1,,,,,,,,
32010,311812,83,187.509,423.0,37.434,116.3,82.857,6.134,120.806,71.209
32010,31183,104,157.521,358.0,20.166,90.768,48.252,3.734,91.068,66.753
32010,3119,11,14.966,30.0,1.168,8.062,1.594,0.135,8.062,6.904
32010,312,59,28.167,147.0,7.282,14.542,26.434,2.288,14.55,13.625
32010,3121,59,28.167,147.0,7.282,14.542,26.434,2.288,14.55,13.625
32010,31211,59,28.167,147.0,7.282,14.542,26.434,2.288,14.55,13.625
32010,325,2,,,,,,,,
32010,327,26,1674.828,157.0,20.256,1261.969,29.889,4.547,1267.517,412.859
32010,3273,18,1671.644,139.0,19.604,1259.939,28.168,4.346,1265.469,411.705
32010,331,1,,,,,,,,
32010,3312,1,,,,,,,,
32010,43,252,4920.854,3133.0,437.102,626.922,1440.251,175.684,8704.029,4293.932
32010,431,46,2422.662,1479.0,225.09,302.756,390.281,49.807,4142.716,2119.906
32010,4311,39,1754.652,1000.0,177.636,181.417,311.206,47.349,3195.729,1573.235
32010,43111,6,1159.859,301.0,43.014,34.08,86.931,13.737,2245.516,1125.779
32010,43112,3,,,,,,,,
32010,431122,2,,,,,,,,
32010,43114,1,,,,,,,,
32010,43116,2,,,,,,,,
32010,4312,7,668.01,479.0,47.454,121.339,79.075,2.458,946.987,546.671
32010,43121,6,,,,,,,,
32010,431211,4,,,,,,,,
32010,433,3,,,,,,,,
32010,46,4399,5400.628,12243.0,827.345,1328.527,2350.636,224.344,12271.237,4072.101
32010,461,1907,783.286,4299.0,116.585,258.157,578.141,47.973,1540.04,525.129
32010,4611,1803,737.056,4079.0,107.468,250.429,559.702,46.584,1469.195,486.627
32010,46111,1169,242.092,2147.0,16.093,44.385,227.117,14.113,410.448,197.707
32010,46112,164,137.88,487.0,24.902,17.989,81.029,7.275,207.233,119.891
32010,461121,110,117.268,364.0,17.872,15.376,63.87,5.501,180.012,101.892
32010,461122,42,17.412,98.0,6.243,1.829,15.441,1.563,20.989,15.583
32010,46113,179,116.975,469.0,12.633,17.916,47.129,4.847,263.881,99.059
32010,46115,55,106.247,245.0,18.247,115.181,36.874,2.78,332.934,-8.934
32010,4612,104,46.23,220.0,9.117,7.728,18.439,1.389,70.845,38.502
32010,46121,104,46.23,220.0,9.117,7.728,18.439,1.389,70.845,38.502
32010,461213,15,2.053,23.0,0.517,0.792,4.494,0.27,5.704,1.261
32010,462,66,,,,,,,,
32010,4621,61,936.135,1135.0,212.006,276.663,296.239,28.481,2769.242,659.472
32010,46211,61,936.135,1135.0,212.006,276.663,296.239,28.481,2769.242,659.472
32010,464,159,221.685,602.0,55.251,39.072,49.728,3.617,548.792,182.613
32010,4641,159,221.685,602.0,55.251,39.072,49.728,3.617,548.792,182.613
32010,46411,132,177.599,535.0,51.059,33.377,42.804,2.969,488.738,144.222
32010,467,265,213.454,749.0,45.65,33.083,91.035,9.546,330.863,180.371
32010,4671,265,213.454,749.0,45.65,33.083,91.035,9.546,330.863,180.371
32010,48-49,47,395.741,942.0,120.177,169.69,420.268,60.233,177.043,226.051
32010,485,21,77.822,222.0,19.954,35.559,97.876,14.802,36.751,42.263
32010,4852,4,9.86,19.0,1.106,8.853,4.191,0.963,8.975,1.007
